/****************************************************************************
** Resource object code
**
** Created by: The Resource Compiler for Qt version 6.11.1
**
** WARNING! All changes made in this file will be lost!
*****************************************************************************/

#ifdef _MSC_VER
// disable informational message "function ... selected for automatic inline expansion"
#pragma warning (disable: 4711)
#endif

static const unsigned char qt_resource_data[] = {
  // moon.svg
  0x0,0x0,0x1,0x11,
  0x3c,
  0x73,0x76,0x67,0x20,0x78,0x6d,0x6c,0x6e,0x73,0x3d,0x22,0x68,0x74,0x74,0x70,0x3a,
  0x2f,0x2f,0x77,0x77,0x77,0x2e,0x77,0x33,0x2e,0x6f,0x72,0x67,0x2f,0x32,0x30,0x30,
  0x30,0x2f,0x73,0x76,0x67,0x22,0x20,0x77,0x69,0x64,0x74,0x68,0x3d,0x22,0x32,0x34,
  0x22,0x20,0x68,0x65,0x69,0x67,0x68,0x74,0x3d,0x22,0x32,0x34,0x22,0x20,0x76,0x69,
  0x65,0x77,0x42,0x6f,0x78,0x3d,0x22,0x30,0x20,0x30,0x20,0x32,0x34,0x20,0x32,0x34,
  0x22,0x20,0x66,0x69,0x6c,0x6c,0x3d,0x22,0x6e,0x6f,0x6e,0x65,0x22,0x20,0x73,0x74,
  0x72,0x6f,0x6b,0x65,0x3d,0x22,0x23,0x66,0x66,0x66,0x22,0x20,0x73,0x74,0x72,0x6f,
  0x6b,0x65,0x2d,0x77,0x69,0x64,0x74,0x68,0x3d,0x22,0x32,0x22,0x20,0x73,0x74,0x72,
  0x6f,0x6b,0x65,0x2d,0x6c,0x69,0x6e,0x65,0x63,0x61,0x70,0x3d,0x22,0x72,0x6f,0x75,
  0x6e,0x64,0x22,0x20,0x73,0x74,0x72,0x6f,0x6b,0x65,0x2d,0x6c,0x69,0x6e,0x65,0x6a,
  0x6f,0x69,0x6e,0x3d,0x22,0x72,0x6f,0x75,0x6e,0x64,0x22,0x20,0x63,0x6c,0x61,0x73,
  0x73,0x3d,0x22,0x66,0x65,0x61,0x74,0x68,0x65,0x72,0x20,0x66,0x65,0x61,0x74,0x68,
  0x65,0x72,0x2d,0x6d,0x6f,0x6f,0x6e,0x22,0x3e,0x3c,0x70,0x61,0x74,0x68,0x20,0x64,
  0x3d,0x22,0x4d,0x32,0x31,0x20,0x31,0x32,0x2e,0x37,0x39,0x41,0x39,0x20,0x39,0x20,
  0x30,0x20,0x31,0x20,0x31,0x20,0x31,0x31,0x2e,0x32,0x31,0x20,0x33,0x20,0x37,0x20,
  0x37,0x20,0x30,0x20,0x30,0x20,0x30,0x20,0x32,0x31,0x20,0x31,0x32,0x2e,0x37,0x39,
  0x7a,0x22,0x3e,0x3c,0x2f,0x70,0x61,0x74,0x68,0x3e,0x3c,0x2f,0x73,0x76,0x67,0x3e,
  
    // skip-forward.svg
  0x0,0x0,0x1,0x33,
  0x3c,
  0x73,0x76,0x67,0x20,0x78,0x6d,0x6c,0x6e,0x73,0x3d,0x22,0x68,0x74,0x74,0x70,0x3a,
  0x2f,0x2f,0x77,0x77,0x77,0x2e,0x77,0x33,0x2e,0x6f,0x72,0x67,0x2f,0x32,0x30,0x30,
  0x30,0x2f,0x73,0x76,0x67,0x22,0x20,0x77,0x69,0x64,0x74,0x68,0x3d,0x22,0x32,0x34,
  0x22,0x20,0x68,0x65,0x69,0x67,0x68,0x74,0x3d,0x22,0x32,0x34,0x22,0x20,0x76,0x69,
  0x65,0x77,0x42,0x6f,0x78,0x3d,0x22,0x30,0x20,0x30,0x20,0x32,0x34,0x20,0x32,0x34,
  0x22,0x20,0x66,0x69,0x6c,0x6c,0x3d,0x22,0x6e,0x6f,0x6e,0x65,0x22,0x20,0x73,0x74,
  0x72,0x6f,0x6b,0x65,0x3d,0x22,0x23,0x66,0x66,0x66,0x22,0x20,0x73,0x74,0x72,0x6f,
  0x6b,0x65,0x2d,0x77,0x69,0x64,0x74,0x68,0x3d,0x22,0x32,0x22,0x20,0x73,0x74,0x72,
  0x6f,0x6b,0x65,0x2d,0x6c,0x69,0x6e,0x65,0x63,0x61,0x70,0x3d,0x22,0x72,0x6f,0x75,
  0x6e,0x64,0x22,0x20,0x73,0x74,0x72,0x6f,0x6b,0x65,0x2d,0x6c,0x69,0x6e,0x65,0x6a,
  0x6f,0x69,0x6e,0x3d,0x22,0x72,0x6f,0x75,0x6e,0x64,0x22,0x20,0x63,0x6c,0x61,0x73,
  0x73,0x3d,0x22,0x66,0x65,0x61,0x74,0x68,0x65,0x72,0x20,0x66,0x65,0x61,0x74,0x68,
  0x65,0x72,0x2d,0x73,0x6b,0x69,0x70,0x2d,0x66,0x6f,0x72,0x77,0x61,0x72,0x64,0x22,
  0x3e,0x3c,0x70,0x6f,0x6c,0x79,0x67,0x6f,0x6e,0x20,0x70,0x6f,0x69,0x6e,0x74,0x73,
  0x3d,0x22,0x35,0x20,0x34,0x20,0x31,0x35,0x20,0x31,0x32,0x20,0x35,0x20,0x32,0x30,
  0x20,0x35,0x20,0x34,0x22,0x3e,0x3c,0x2f,0x70,0x6f,0x6c,0x79,0x67,0x6f,0x6e,0x3e,
  0x3c,0x6c,0x69,0x6e,0x65,0x20,0x78,0x31,0x3d,0x22,0x31,0x39,0x22,0x20,0x79,0x31,
  0x3d,0x22,0x35,0x22,0x20,0x78,0x32,0x3d,0x22,0x31,0x39,0x22,0x20,0x79,0x32,0x3d,
  0x22,0x31,0x39,0x22,0x3e,0x3c,0x2f,0x6c,0x69,0x6e,0x65,0x3e,0x3c,0x2f,0x73,0x76,
  0x67,0x3e,
    // sidebar.svg
  0x0,0x0,0x1,0x3b,
  0x3c,
  0x73,0x76,0x67,0x20,0x78,0x6d,0x6c,0x6e,0x73,0x3d,0x22,0x68,0x74,0x74,0x70,0x3a,
  0x2f,0x2f,0x77,0x77,0x77,0x2e,0x77,0x33,0x2e,0x6f,0x72,0x67,0x2f,0x32,0x30,0x30,
  0x30,0x2f,0x73,0x76,0x67,0x22,0x20,0x77,0x69,0x64,0x74,0x68,0x3d,0x22,0x32,0x34,
  0x22,0x20,0x68,0x65,0x69,0x67,0x68,0x74,0x3d,0x22,0x32,0x34,0x22,0x20,0x76,0x69,
  0x65,0x77,0x42,0x6f,0x78,0x3d,0x22,0x30,0x20,0x30,0x20,0x32,0x34,0x20,0x32,0x34,
  0x22,0x20,0x66,0x69,0x6c,0x6c,0x3d,0x22,0x6e,0x6f,0x6e,0x65,0x22,0x20,0x73,0x74,
  0x72,0x6f,0x6b,0x65,0x3d,0x22,0x23,0x66,0x66,0x66,0x22,0x20,0x73,0x74,0x72,0x6f,
  0x6b,0x65,0x2d,0x77,0x69,0x64,0x74,0x68,0x3d,0x22,0x32,0x22,0x20,0x73,0x74,0x72,
  0x6f,0x6b,0x65,0x2d,0x6c,0x69,0x6e,0x65,0x63,0x61,0x70,0x3d,0x22,0x72,0x6f,0x75,
  0x6e,0x64,0x22,0x20,0x73,0x74,0x72,0x6f,0x6b,0x65,0x2d,0x6c,0x69,0x6e,0x65,0x6a,
  0x6f,0x69,0x6e,0x3d,0x22,0x72,0x6f,0x75,0x6e,0x64,0x22,0x20,0x63,0x6c,0x61,0x73,
  0x73,0x3d,0x22,0x66,0x65,0x61,0x74,0x68,0x65,0x72,0x20,0x66,0x65,0x61,0x74,0x68,
  0x65,0x72,0x2d,0x73,0x69,0x64,0x65,0x62,0x61,0x72,0x22,0x3e,0x3c,0x72,0x65,0x63,
  0x74,0x20,0x78,0x3d,0x22,0x33,0x22,0x20,0x79,0x3d,0x22,0x33,0x22,0x20,0x77,0x69,
  0x64,0x74,0x68,0x3d,0x22,0x31,0x38,0x22,0x20,0x68,0x65,0x69,0x67,0x68,0x74,0x3d,
  0x22,0x31,0x38,0x22,0x20,0x72,0x78,0x3d,0x22,0x32,0x22,0x20,0x72,0x79,0x3d,0x22,
  0x32,0x22,0x3e,0x3c,0x2f,0x72,0x65,0x63,0x74,0x3e,0x3c,0x6c,0x69,0x6e,0x65,0x20,
  0x78,0x31,0x3d,0x22,0x39,0x22,0x20,0x79,0x31,0x3d,0x22,0x33,0x22,0x20,0x78,0x32,
  0x3d,0x22,0x39,0x22,0x20,0x79,0x32,0x3d,0x22,0x32,0x31,0x22,0x3e,0x3c,0x2f,0x6c,
  0x69,0x6e,0x65,0x3e,0x3c,0x2f,0x73,0x76,0x67,0x3e,
    // refresh-ccw.svg
  0x0,0x0,0x1,0x88,
  0x3c,
  0x73,0x76,0x67,0x20,0x78,0x6d,0x6c,0x6e,0x73,0x3d,0x22,0x68,0x74,0x74,0x70,0x3a,
  0x2f,0x2f,0x77,0x77,0x77,0x2e,0x77,0x33,0x2e,0x6f,0x72,0x67,0x2f,0x32,0x30,0x30,
  0x30,0x2f,0x73,0x76,0x67,0x22,0x20,0x77,0x69,0x64,0x74,0x68,0x3d,0x22,0x32,0x34,
  0x22,0x20,0x68,0x65,0x69,0x67,0x68,0x74,0x3d,0x22,0x32,0x34,0x22,0x20,0x76,0x69,
  0x65,0x77,0x42,0x6f,0x78,0x3d,0x22,0x30,0x20,0x30,0x20,0x32,0x34,0x20,0x32,0x34,
  0x22,0x20,0x66,0x69,0x6c,0x6c,0x3d,0x22,0x6e,0x6f,0x6e,0x65,0x22,0x20,0x73,0x74,
  0x72,0x6f,0x6b,0x65,0x3d,0x22,0x23,0x66,0x66,0x66,0x22,0x20,0x73,0x74,0x72,0x6f,
  0x6b,0x65,0x2d,0x77,0x69,0x64,0x74,0x68,0x3d,0x22,0x32,0x22,0x20,0x73,0x74,0x72,
  0x6f,0x6b,0x65,0x2d,0x6c,0x69,0x6e,0x65,0x63,0x61,0x70,0x3d,0x22,0x72,0x6f,0x75,
  0x6e,0x64,0x22,0x20,0x73,0x74,0x72,0x6f,0x6b,0x65,0x2d,0x6c,0x69,0x6e,0x65,0x6a,
  0x6f,0x69,0x6e,0x3d,0x22,0x72,0x6f,0x75,0x6e,0x64,0x22,0x20,0x63,0x6c,0x61,0x73,
  0x73,0x3d,0x22,0x66,0x65,0x61,0x74,0x68,0x65,0x72,0x20,0x66,0x65,0x61,0x74,0x68,
  0x65,0x72,0x2d,0x72,0x65,0x66,0x72,0x65,0x73,0x68,0x2d,0x63,0x63,0x77,0x22,0x3e,
  0x3c,0x70,0x6f,0x6c,0x79,0x6c,0x69,0x6e,0x65,0x20,0x70,0x6f,0x69,0x6e,0x74,0x73,
  0x3d,0x22,0x31,0x20,0x34,0x20,0x31,0x20,0x31,0x30,0x20,0x37,0x20,0x31,0x30,0x22,
  0x3e,0x3c,0x2f,0x70,0x6f,0x6c,0x79,0x6c,0x69,0x6e,0x65,0x3e,0x3c,0x70,0x6f,0x6c,
  0x79,0x6c,0x69,0x6e,0x65,0x20,0x70,0x6f,0x69,0x6e,0x74,0x73,0x3d,0x22,0x32,0x33,
  0x20,0x32,0x30,0x20,0x32,0x33,0x20,0x31,0x34,0x20,0x31,0x37,0x20,0x31,0x34,0x22,
  0x3e,0x3c,0x2f,0x70,0x6f,0x6c,0x79,0x6c,0x69,0x6e,0x65,0x3e,0x3c,0x70,0x61,0x74,
  0x68,0x20,0x64,0x3d,0x22,0x4d,0x32,0x30,0x2e,0x34,0x39,0x20,0x39,0x41,0x39,0x20,
  0x39,0x20,0x30,0x20,0x30,0x20,0x30,0x20,0x35,0x2e,0x36,0x34,0x20,0x35,0x2e,0x36,
  0x34,0x4c,0x31,0x20,0x31,0x30,0x6d,0x32,0x32,0x20,0x34,0x6c,0x2d,0x34,0x2e,0x36,
  0x34,0x20,0x34,0x2e,0x33,0x36,0x41,0x39,0x20,0x39,0x20,0x30,0x20,0x30,0x20,0x31,
  0x20,0x33,0x2e,0x35,0x31,0x20,0x31,0x35,0x22,0x3e,0x3c,0x2f,0x70,0x61,0x74,0x68,
  0x3e,0x3c,0x2f,0x73,0x76,0x67,0x3e,
    // align-left.svg
  0x0,0x0,0x1,0x84,
  0x3c,
  0x73,0x76,0x67,0x20,0x78,0x6d,0x6c,0x6e,0x73,0x3d,0x22,0x68,0x74,0x74,0x70,0x3a,
  0x2f,0x2f,0x77,0x77,0x77,0x2e,0x77,0x33,0x2e,0x6f,0x72,0x67,0x2f,0x32,0x30,0x30,
  0x30,0x2f,0x73,0x76,0x67,0x22,0x20,0x77,0x69,0x64,0x74,0x68,0x3d,0x22,0x32,0x34,
  0x22,0x20,0x68,0x65,0x69,0x67,0x68,0x74,0x3d,0x22,0x32,0x34,0x22,0x20,0x76,0x69,
  0x65,0x77,0x42,0x6f,0x78,0x3d,0x22,0x30,0x20,0x30,0x20,0x32,0x34,0x20,0x32,0x34,
  0x22,0x20,0x66,0x69,0x6c,0x6c,0x3d,0x22,0x6e,0x6f,0x6e,0x65,0x22,0x20,0x73,0x74,
  0x72,0x6f,0x6b,0x65,0x3d,0x22,0x23,0x66,0x66,0x66,0x22,0x20,0x73,0x74,0x72,0x6f,
  0x6b,0x65,0x2d,0x77,0x69,0x64,0x74,0x68,0x3d,0x22,0x32,0x22,0x20,0x73,0x74,0x72,
  0x6f,0x6b,0x65,0x2d,0x6c,0x69,0x6e,0x65,0x63,0x61,0x70,0x3d,0x22,0x72,0x6f,0x75,
  0x6e,0x64,0x22,0x20,0x73,0x74,0x72,0x6f,0x6b,0x65,0x2d,0x6c,0x69,0x6e,0x65,0x6a,
  0x6f,0x69,0x6e,0x3d,0x22,0x72,0x6f,0x75,0x6e,0x64,0x22,0x20,0x63,0x6c,0x61,0x73,
  0x73,0x3d,0x22,0x66,0x65,0x61,0x74,0x68,0x65,0x72,0x20,0x66,0x65,0x61,0x74,0x68,
  0x65,0x72,0x2d,0x61,0x6c,0x69,0x67,0x6e,0x2d,0x6c,0x65,0x66,0x74,0x22,0x3e,0x3c,
  0x6c,0x69,0x6e,0x65,0x20,0x78,0x31,0x3d,0x22,0x31,0x37,0x22,0x20,0x79,0x31,0x3d,
  0x22,0x31,0x30,0x22,0x20,0x78,0x32,0x3d,0x22,0x33,0x22,0x20,0x79,0x32,0x3d,0x22,
  0x31,0x30,0x22,0x3e,0x3c,0x2f,0x6c,0x69,0x6e,0x65,0x3e,0x3c,0x6c,0x69,0x6e,0x65,
  0x20,0x78,0x31,0x3d,0x22,0x32,0x31,0x22,0x20,0x79,0x31,0x3d,0x22,0x36,0x22,0x20,
  0x78,0x32,0x3d,0x22,0x33,0x22,0x20,0x79,0x32,0x3d,0x22,0x36,0x22,0x3e,0x3c,0x2f,
  0x6c,0x69,0x6e,0x65,0x3e,0x3c,0x6c,0x69,0x6e,0x65,0x20,0x78,0x31,0x3d,0x22,0x32,
  0x31,0x22,0x20,0x79,0x31,0x3d,0x22,0x31,0x34,0x22,0x20,0x78,0x32,0x3d,0x22,0x33,
  0x22,0x20,0x79,0x32,0x3d,0x22,0x31,0x34,0x22,0x3e,0x3c,0x2f,0x6c,0x69,0x6e,0x65,
  0x3e,0x3c,0x6c,0x69,0x6e,0x65,0x20,0x78,0x31,0x3d,0x22,0x31,0x37,0x22,0x20,0x79,
  0x31,0x3d,0x22,0x31,0x38,0x22,0x20,0x78,0x32,0x3d,0x22,0x33,0x22,0x20,0x79,0x32,
  0x3d,0x22,0x31,0x38,0x22,0x3e,0x3c,0x2f,0x6c,0x69,0x6e,0x65,0x3e,0x3c,0x2f,0x73,
  0x76,0x67,0x3e,
    // arrow-down-left.svg
  0x0,0x0,0x1,0x33,
  0x3c,
  0x73,0x76,0x67,0x20,0x78,0x6d,0x6c,0x6e,0x73,0x3d,0x22,0x68,0x74,0x74,0x70,0x3a,
  0x2f,0x2f,0x77,0x77,0x77,0x2e,0x77,0x33,0x2e,0x6f,0x72,0x67,0x2f,0x32,0x30,0x30,
  0x30,0x2f,0x73,0x76,0x67,0x22,0x20,0x77,0x69,0x64,0x74,0x68,0x3d,0x22,0x32,0x34,
  0x22,0x20,0x68,0x65,0x69,0x67,0x68,0x74,0x3d,0x22,0x32,0x34,0x22,0x20,0x76,0x69,
  0x65,0x77,0x42,0x6f,0x78,0x3d,0x22,0x30,0x20,0x30,0x20,0x32,0x34,0x20,0x32,0x34,
  0x22,0x20,0x66,0x69,0x6c,0x6c,0x3d,0x22,0x6e,0x6f,0x6e,0x65,0x22,0x20,0x73,0x74,
  0x72,0x6f,0x6b,0x65,0x3d,0x22,0x23,0x66,0x66,0x66,0x22,0x20,0x73,0x74,0x72,0x6f,
  0x6b,0x65,0x2d,0x77,0x69,0x64,0x74,0x68,0x3d,0x22,0x32,0x22,0x20,0x73,0x74,0x72,
  0x6f,0x6b,0x65,0x2d,0x6c,0x69,0x6e,0x65,0x63,0x61,0x70,0x3d,0x22,0x72,0x6f,0x75,
  0x6e,0x64,0x22,0x20,0x73,0x74,0x72,0x6f,0x6b,0x65,0x2d,0x6c,0x69,0x6e,0x65,0x6a,
  0x6f,0x69,0x6e,0x3d,0x22,0x72,0x6f,0x75,0x6e,0x64,0x22,0x20,0x63,0x6c,0x61,0x73,
  0x73,0x3d,0x22,0x66,0x65,0x61,0x74,0x68,0x65,0x72,0x20,0x66,0x65,0x61,0x74,0x68,
  0x65,0x72,0x2d,0x61,0x72,0x72,0x6f,0x77,0x2d,0x64,0x6f,0x77,0x6e,0x2d,0x6c,0x65,
  0x66,0x74,0x22,0x3e,0x3c,0x6c,0x69,0x6e,0x65,0x20,0x78,0x31,0x3d,0x22,0x31,0x37,
  0x22,0x20,0x79,0x31,0x3d,0x22,0x37,0x22,0x20,0x78,0x32,0x3d,0x22,0x37,0x22,0x20,
  0x79,0x32,0x3d,0x22,0x31,0x37,0x22,0x3e,0x3c,0x2f,0x6c,0x69,0x6e,0x65,0x3e,0x3c,
  0x70,0x6f,0x6c,0x79,0x6c,0x69,0x6e,0x65,0x20,0x70,0x6f,0x69,0x6e,0x74,0x73,0x3d,
  0x22,0x31,0x37,0x20,0x31,0x37,0x20,0x37,0x20,0x31,0x37,0x20,0x37,0x20,0x37,0x22,
  0x3e,0x3c,0x2f,0x70,0x6f,0x6c,0x79,0x6c,0x69,0x6e,0x65,0x3e,0x3c,0x2f,0x73,0x76,
  0x67,0x3e,
    // play-circle.svg
  0x0,0x0,0x1,0x31,
  0x3c,
  0x73,0x76,0x67,0x20,0x78,0x6d,0x6c,0x6e,0x73,0x3d,0x22,0x68,0x74,0x74,0x70,0x3a,
  0x2f,0x2f,0x77,0x77,0x77,0x2e,0x77,0x33,0x2e,0x6f,0x72,0x67,0x2f,0x32,0x30,0x30,
  0x30,0x2f,0x73,0x76,0x67,0x22,0x20,0x77,0x69,0x64,0x74,0x68,0x3d,0x22,0x32,0x34,
  0x22,0x20,0x68,0x65,0x69,0x67,0x68,0x74,0x3d,0x22,0x32,0x34,0x22,0x20,0x76,0x69,
  0x65,0x77,0x42,0x6f,0x78,0x3d,0x22,0x30,0x20,0x30,0x20,0x32,0x34,0x20,0x32,0x34,
  0x22,0x20,0x66,0x69,0x6c,0x6c,0x3d,0x22,0x6e,0x6f,0x6e,0x65,0x22,0x20,0x73,0x74,
  0x72,0x6f,0x6b,0x65,0x3d,0x22,0x23,0x66,0x66,0x66,0x22,0x20,0x73,0x74,0x72,0x6f,
  0x6b,0x65,0x2d,0x77,0x69,0x64,0x74,0x68,0x3d,0x22,0x32,0x22,0x20,0x73,0x74,0x72,
  0x6f,0x6b,0x65,0x2d,0x6c,0x69,0x6e,0x65,0x63,0x61,0x70,0x3d,0x22,0x72,0x6f,0x75,
  0x6e,0x64,0x22,0x20,0x73,0x74,0x72,0x6f,0x6b,0x65,0x2d,0x6c,0x69,0x6e,0x65,0x6a,
  0x6f,0x69,0x6e,0x3d,0x22,0x72,0x6f,0x75,0x6e,0x64,0x22,0x20,0x63,0x6c,0x61,0x73,
  0x73,0x3d,0x22,0x66,0x65,0x61,0x74,0x68,0x65,0x72,0x20,0x66,0x65,0x61,0x74,0x68,
  0x65,0x72,0x2d,0x70,0x6c,0x61,0x79,0x2d,0x63,0x69,0x72,0x63,0x6c,0x65,0x22,0x3e,
  0x3c,0x63,0x69,0x72,0x63,0x6c,0x65,0x20,0x63,0x78,0x3d,0x22,0x31,0x32,0x22,0x20,
  0x63,0x79,0x3d,0x22,0x31,0x32,0x22,0x20,0x72,0x3d,0x22,0x31,0x30,0x22,0x3e,0x3c,
  0x2f,0x63,0x69,0x72,0x63,0x6c,0x65,0x3e,0x3c,0x70,0x6f,0x6c,0x79,0x67,0x6f,0x6e,
  0x20,0x70,0x6f,0x69,0x6e,0x74,0x73,0x3d,0x22,0x31,0x30,0x20,0x38,0x20,0x31,0x36,
  0x20,0x31,0x32,0x20,0x31,0x30,0x20,0x31,0x36,0x20,0x31,0x30,0x20,0x38,0x22,0x3e,
  0x3c,0x2f,0x70,0x6f,0x6c,0x79,0x67,0x6f,0x6e,0x3e,0x3c,0x2f,0x73,0x76,0x67,0x3e,
  
    // folder-plus.svg
  0x0,0x0,0x1,0x8d,
  0x3c,
  0x73,0x76,0x67,0x20,0x78,0x6d,0x6c,0x6e,0x73,0x3d,0x22,0x68,0x74,0x74,0x70,0x3a,
  0x2f,0x2f,0x77,0x77,0x77,0x2e,0x77,0x33,0x2e,0x6f,0x72,0x67,0x2f,0x32,0x30,0x30,
  0x30,0x2f,0x73,0x76,0x67,0x22,0x20,0x77,0x69,0x64,0x74,0x68,0x3d,0x22,0x32,0x34,
  0x22,0x20,0x68,0x65,0x69,0x67,0x68,0x74,0x3d,0x22,0x32,0x34,0x22,0x20,0x76,0x69,
  0x65,0x77,0x42,0x6f,0x78,0x3d,0x22,0x30,0x20,0x30,0x20,0x32,0x34,0x20,0x32,0x34,
  0x22,0x20,0x66,0x69,0x6c,0x6c,0x3d,0x22,0x6e,0x6f,0x6e,0x65,0x22,0x20,0x73,0x74,
  0x72,0x6f,0x6b,0x65,0x3d,0x22,0x23,0x66,0x66,0x66,0x22,0x20,0x73,0x74,0x72,0x6f,
  0x6b,0x65,0x2d,0x77,0x69,0x64,0x74,0x68,0x3d,0x22,0x32,0x22,0x20,0x73,0x74,0x72,
  0x6f,0x6b,0x65,0x2d,0x6c,0x69,0x6e,0x65,0x63,0x61,0x70,0x3d,0x22,0x72,0x6f,0x75,
  0x6e,0x64,0x22,0x20,0x73,0x74,0x72,0x6f,0x6b,0x65,0x2d,0x6c,0x69,0x6e,0x65,0x6a,
  0x6f,0x69,0x6e,0x3d,0x22,0x72,0x6f,0x75,0x6e,0x64,0x22,0x20,0x63,0x6c,0x61,0x73,
  0x73,0x3d,0x22,0x66,0x65,0x61,0x74,0x68,0x65,0x72,0x20,0x66,0x65,0x61,0x74,0x68,
  0x65,0x72,0x2d,0x66,0x6f,0x6c,0x64,0x65,0x72,0x2d,0x70,0x6c,0x75,0x73,0x22,0x3e,
  0x3c,0x70,0x61,0x74,0x68,0x20,0x64,0x3d,0x22,0x4d,0x32,0x32,0x20,0x31,0x39,0x61,
  0x32,0x20,0x32,0x20,0x30,0x20,0x30,0x20,0x31,0x2d,0x32,0x20,0x32,0x48,0x34,0x61,
  0x32,0x20,0x32,0x20,0x30,0x20,0x30,0x20,0x31,0x2d,0x32,0x2d,0x32,0x56,0x35,0x61,
  0x32,0x20,0x32,0x20,0x30,0x20,0x30,0x20,0x31,0x20,0x32,0x2d,0x32,0x68,0x35,0x6c,
  0x32,0x20,0x33,0x68,0x39,0x61,0x32,0x20,0x32,0x20,0x30,0x20,0x30,0x20,0x31,0x20,
  0x32,0x20,0x32,0x7a,0x22,0x3e,0x3c,0x2f,0x70,0x61,0x74,0x68,0x3e,0x3c,0x6c,0x69,
  0x6e,0x65,0x20,0x78,0x31,0x3d,0x22,0x31,0x32,0x22,0x20,0x79,0x31,0x3d,0x22,0x31,
  0x31,0x22,0x20,0x78,0x32,0x3d,0x22,0x31,0x32,0x22,0x20,0x79,0x32,0x3d,0x22,0x31,
  0x37,0x22,0x3e,0x3c,0x2f,0x6c,0x69,0x6e,0x65,0x3e,0x3c,0x6c,0x69,0x6e,0x65,0x20,
  0x78,0x31,0x3d,0x22,0x39,0x22,0x20,0x79,0x31,0x3d,0x22,0x31,0x34,0x22,0x20,0x78,
  0x32,0x3d,0x22,0x31,0x35,0x22,0x20,0x79,0x32,0x3d,0x22,0x31,0x34,0x22,0x3e,0x3c,
  0x2f,0x6c,0x69,0x6e,0x65,0x3e,0x3c,0x2f,0x73,0x76,0x67,0x3e,
    // message-square.svg
  0x0,0x0,0x1,0x29,
  0x3c,
  0x73,0x76,0x67,0x20,0x78,0x6d,0x6c,0x6e,0x73,0x3d,0x22,0x68,0x74,0x74,0x70,0x3a,
  0x2f,0x2f,0x77,0x77,0x77,0x2e,0x77,0x33,0x2e,0x6f,0x72,0x67,0x2f,0x32,0x30,0x30,
  0x30,0x2f,0x73,0x76,0x67,0x22,0x20,0x77,0x69,0x64,0x74,0x68,0x3d,0x22,0x32,0x34,
  0x22,0x20,0x68,0x65,0x69,0x67,0x68,0x74,0x3d,0x22,0x32,0x34,0x22,0x20,0x76,0x69,
  0x65,0x77,0x42,0x6f,0x78,0x3d,0x22,0x30,0x20,0x30,0x20,0x32,0x34,0x20,0x32,0x34,
  0x22,0x20,0x66,0x69,0x6c,0x6c,0x3d,0x22,0x6e,0x6f,0x6e,0x65,0x22,0x20,0x73,0x74,
  0x72,0x6f,0x6b,0x65,0x3d,0x22,0x23,0x66,0x66,0x66,0x22,0x20,0x73,0x74,0x72,0x6f,
  0x6b,0x65,0x2d,0x77,0x69,0x64,0x74,0x68,0x3d,0x22,0x32,0x22,0x20,0x73,0x74,0x72,
  0x6f,0x6b,0x65,0x2d,0x6c,0x69,0x6e,0x65,0x63,0x61,0x70,0x3d,0x22,0x72,0x6f,0x75,
  0x6e,0x64,0x22,0x20,0x73,0x74,0x72,0x6f,0x6b,0x65,0x2d,0x6c,0x69,0x6e,0x65,0x6a,
  0x6f,0x69,0x6e,0x3d,0x22,0x72,0x6f,0x75,0x6e,0x64,0x22,0x20,0x63,0x6c,0x61,0x73,
  0x73,0x3d,0x22,0x66,0x65,0x61,0x74,0x68,0x65,0x72,0x20,0x66,0x65,0x61,0x74,0x68,
  0x65,0x72,0x2d,0x6d,0x65,0x73,0x73,0x61,0x67,0x65,0x2d,0x73,0x71,0x75,0x61,0x72,
  0x65,0x22,0x3e,0x3c,0x70,0x61,0x74,0x68,0x20,0x64,0x3d,0x22,0x4d,0x32,0x31,0x20,
  0x31,0x35,0x61,0x32,0x20,0x32,0x20,0x30,0x20,0x30,0x20,0x31,0x2d,0x32,0x20,0x32,
  0x48,0x37,0x6c,0x2d,0x34,0x20,0x34,0x56,0x35,0x61,0x32,0x20,0x32,0x20,0x30,0x20,
  0x30,0x20,0x31,0x20,0x32,0x2d,0x32,0x68,0x31,0x34,0x61,0x32,0x20,0x32,0x20,0x30,
  0x20,0x30,0x20,0x31,0x20,0x32,0x20,0x32,0x7a,0x22,0x3e,0x3c,0x2f,0x70,0x61,0x74,
  0x68,0x3e,0x3c,0x2f,0x73,0x76,0x67,0x3e,
    // pause.svg
  0x0,0x0,0x1,0x30,
  0x3c,
  0x73,0x76,0x67,0x20,0x78,0x6d,0x6c,0x6e,0x73,0x3d,0x22,0x68,0x74,0x74,0x70,0x3a,
  0x2f,0x2f,0x77,0x77,0x77,0x2e,0x77,0x33,0x2e,0x6f,0x72,0x67,0x2f,0x32,0x30,0x30,
  0x30,0x2f,0x73,0x76,0x67,0x22,0x20,0x77,0x69,0x64,0x74,0x68,0x3d,0x22,0x32,0x34,
  0x22,0x20,0x68,0x65,0x69,0x67,0x68,0x74,0x3d,0x22,0x32,0x34,0x22,0x20,0x76,0x69,
  0x65,0x77,0x42,0x6f,0x78,0x3d,0x22,0x30,0x20,0x30,0x20,0x32,0x34,0x20,0x32,0x34,
  0x22,0x20,0x66,0x69,0x6c,0x6c,0x3d,0x22,0x6e,0x6f,0x6e,0x65,0x22,0x20,0x73,0x74,
  0x72,0x6f,0x6b,0x65,0x3d,0x22,0x23,0x66,0x66,0x66,0x22,0x20,0x73,0x74,0x72,0x6f,
  0x6b,0x65,0x2d,0x77,0x69,0x64,0x74,0x68,0x3d,0x22,0x32,0x22,0x20,0x73,0x74,0x72,
  0x6f,0x6b,0x65,0x2d,0x6c,0x69,0x6e,0x65,0x63,0x61,0x70,0x3d,0x22,0x72,0x6f,0x75,
  0x6e,0x64,0x22,0x20,0x73,0x74,0x72,0x6f,0x6b,0x65,0x2d,0x6c,0x69,0x6e,0x65,0x6a,
  0x6f,0x69,0x6e,0x3d,0x22,0x72,0x6f,0x75,0x6e,0x64,0x22,0x20,0x63,0x6c,0x61,0x73,
  0x73,0x3d,0x22,0x66,0x65,0x61,0x74,0x68,0x65,0x72,0x20,0x66,0x65,0x61,0x74,0x68,
  0x65,0x72,0x2d,0x70,0x61,0x75,0x73,0x65,0x22,0x3e,0x3c,0x72,0x65,0x63,0x74,0x20,
  0x78,0x3d,0x22,0x36,0x22,0x20,0x79,0x3d,0x22,0x34,0x22,0x20,0x77,0x69,0x64,0x74,
  0x68,0x3d,0x22,0x34,0x22,0x20,0x68,0x65,0x69,0x67,0x68,0x74,0x3d,0x22,0x31,0x36,
  0x22,0x3e,0x3c,0x2f,0x72,0x65,0x63,0x74,0x3e,0x3c,0x72,0x65,0x63,0x74,0x20,0x78,
  0x3d,0x22,0x31,0x34,0x22,0x20,0x79,0x3d,0x22,0x34,0x22,0x20,0x77,0x69,0x64,0x74,
  0x68,0x3d,0x22,0x34,0x22,0x20,0x68,0x65,0x69,0x67,0x68,0x74,0x3d,0x22,0x31,0x36,
  0x22,0x3e,0x3c,0x2f,0x72,0x65,0x63,0x74,0x3e,0x3c,0x2f,0x73,0x76,0x67,0x3e,
    // twitter.svg
  0x0,0x0,0x1,0x90,
  0x3c,
  0x73,0x76,0x67,0x20,0x78,0x6d,0x6c,0x6e,0x73,0x3d,0x22,0x68,0x74,0x74,0x70,0x3a,
  0x2f,0x2f,0x77,0x77,0x77,0x2e,0x77,0x33,0x2e,0x6f,0x72,0x67,0x2f,0x32,0x30,0x30,
  0x30,0x2f,0x73,0x76,0x67,0x22,0x20,0x77,0x69,0x64,0x74,0x68,0x3d,0x22,0x32,0x34,
  0x22,0x20,0x68,0x65,0x69,0x67,0x68,0x74,0x3d,0x22,0x32,0x34,0x22,0x20,0x76,0x69,
  0x65,0x77,0x42,0x6f,0x78,0x3d,0x22,0x30,0x20,0x30,0x20,0x32,0x34,0x20,0x32,0x34,
  0x22,0x20,0x66,0x69,0x6c,0x6c,0x3d,0x22,0x6e,0x6f,0x6e,0x65,0x22,0x20,0x73,0x74,
  0x72,0x6f,0x6b,0x65,0x3d,0x22,0x23,0x66,0x66,0x66,0x22,0x20,0x73,0x74,0x72,0x6f,
  0x6b,0x65,0x2d,0x77,0x69,0x64,0x74,0x68,0x3d,0x22,0x32,0x22,0x20,0x73,0x74,0x72,
  0x6f,0x6b,0x65,0x2d,0x6c,0x69,0x6e,0x65,0x63,0x61,0x70,0x3d,0x22,0x72,0x6f,0x75,
  0x6e,0x64,0x22,0x20,0x73,0x74,0x72,0x6f,0x6b,0x65,0x2d,0x6c,0x69,0x6e,0x65,0x6a,
  0x6f,0x69,0x6e,0x3d,0x22,0x72,0x6f,0x75,0x6e,0x64,0x22,0x20,0x63,0x6c,0x61,0x73,
  0x73,0x3d,0x22,0x66,0x65,0x61,0x74,0x68,0x65,0x72,0x20,0x66,0x65,0x61,0x74,0x68,
  0x65,0x72,0x2d,0x74,0x77,0x69,0x74,0x74,0x65,0x72,0x22,0x3e,0x3c,0x70,0x61,0x74,
  0x68,0x20,0x64,0x3d,0x22,0x4d,0x32,0x33,0x20,0x33,0x61,0x31,0x30,0x2e,0x39,0x20,
  0x31,0x30,0x2e,0x39,0x20,0x30,0x20,0x30,0x20,0x31,0x2d,0x33,0x2e,0x31,0x34,0x20,
  0x31,0x2e,0x35,0x33,0x20,0x34,0x2e,0x34,0x38,0x20,0x34,0x2e,0x34,0x38,0x20,0x30,
  0x20,0x30,0x20,0x30,0x2d,0x37,0x2e,0x38,0x36,0x20,0x33,0x76,0x31,0x41,0x31,0x30,
  0x2e,0x36,0x36,0x20,0x31,0x30,0x2e,0x36,0x36,0x20,0x30,0x20,0x30,0x20,0x31,0x20,
  0x33,0x20,0x34,0x73,0x2d,0x34,0x20,0x39,0x20,0x35,0x20,0x31,0x33,0x61,0x31,0x31,
  0x2e,0x36,0x34,0x20,0x31,0x31,0x2e,0x36,0x34,0x20,0x30,0x20,0x30,0x20,0x31,0x2d,
  0x37,0x20,0x32,0x63,0x39,0x20,0x35,0x20,0x32,0x30,0x20,0x30,0x20,0x32,0x30,0x2d,
  0x31,0x31,0x2e,0x35,0x61,0x34,0x2e,0x35,0x20,0x34,0x2e,0x35,0x20,0x30,0x20,0x30,
  0x20,0x30,0x2d,0x2e,0x30,0x38,0x2d,0x2e,0x38,0x33,0x41,0x37,0x2e,0x37,0x32,0x20,
  0x37,0x2e,0x37,0x32,0x20,0x30,0x20,0x30,0x20,0x30,0x20,0x32,0x33,0x20,0x33,0x7a,
  0x22,0x3e,0x3c,0x2f,0x70,0x61,0x74,0x68,0x3e,0x3c,0x2f,0x73,0x76,0x67,0x3e,
    // edit.svg
  0x0,0x0,0x1,0x65,
  0x3c,
  0x73,0x76,0x67,0x20,0x78,0x6d,0x6c,0x6e,0x73,0x3d,0x22,0x68,0x74,0x74,0x70,0x3a,
  0x2f,0x2f,0x77,0x77,0x77,0x2e,0x77,0x33,0x2e,0x6f,0x72,0x67,0x2f,0x32,0x30,0x30,
  0x30,0x2f,0x73,0x76,0x67,0x22,0x20,0x77,0x69,0x64,0x74,0x68,0x3d,0x22,0x32,0x34,
  0x22,0x20,0x68,0x65,0x69,0x67,0x68,0x74,0x3d,0x22,0x32,0x34,0x22,0x20,0x76,0x69,
  0x65,0x77,0x42,0x6f,0x78,0x3d,0x22,0x30,0x20,0x30,0x20,0x32,0x34,0x20,0x32,0x34,
  0x22,0x20,0x66,0x69,0x6c,0x6c,0x3d,0x22,0x6e,0x6f,0x6e,0x65,0x22,0x20,0x73,0x74,
  0x72,0x6f,0x6b,0x65,0x3d,0x22,0x23,0x66,0x66,0x66,0x22,0x20,0x73,0x74,0x72,0x6f,
  0x6b,0x65,0x2d,0x77,0x69,0x64,0x74,0x68,0x3d,0x22,0x32,0x22,0x20,0x73,0x74,0x72,
  0x6f,0x6b,0x65,0x2d,0x6c,0x69,0x6e,0x65,0x63,0x61,0x70,0x3d,0x22,0x72,0x6f,0x75,
  0x6e,0x64,0x22,0x20,0x73,0x74,0x72,0x6f,0x6b,0x65,0x2d,0x6c,0x69,0x6e,0x65,0x6a,
  0x6f,0x69,0x6e,0x3d,0x22,0x72,0x6f,0x75,0x6e,0x64,0x22,0x20,0x63,0x6c,0x61,0x73,
  0x73,0x3d,0x22,0x66,0x65,0x61,0x74,0x68,0x65,0x72,0x20,0x66,0x65,0x61,0x74,0x68,
  0x65,0x72,0x2d,0x65,0x64,0x69,0x74,0x22,0x3e,0x3c,0x70,0x61,0x74,0x68,0x20,0x64,
  0x3d,0x22,0x4d,0x31,0x31,0x20,0x34,0x48,0x34,0x61,0x32,0x20,0x32,0x20,0x30,0x20,
  0x30,0x20,0x30,0x2d,0x32,0x20,0x32,0x76,0x31,0x34,0x61,0x32,0x20,0x32,0x20,0x30,
  0x20,0x30,0x20,0x30,0x20,0x32,0x20,0x32,0x68,0x31,0x34,0x61,0x32,0x20,0x32,0x20,
  0x30,0x20,0x30,0x20,0x30,0x20,0x32,0x2d,0x32,0x76,0x2d,0x37,0x22,0x3e,0x3c,0x2f,
  0x70,0x61,0x74,0x68,0x3e,0x3c,0x70,0x61,0x74,0x68,0x20,0x64,0x3d,0x22,0x4d,0x31,
  0x38,0x2e,0x35,0x20,0x32,0x2e,0x35,0x61,0x32,0x2e,0x31,0x32,0x31,0x20,0x32,0x2e,
  0x31,0x32,0x31,0x20,0x30,0x20,0x30,0x20,0x31,0x20,0x33,0x20,0x33,0x4c,0x31,0x32,
  0x20,0x31,0x35,0x6c,0x2d,0x34,0x20,0x31,0x20,0x31,0x2d,0x34,0x20,0x39,0x2e,0x35,
  0x2d,0x39,0x2e,0x35,0x7a,0x22,0x3e,0x3c,0x2f,0x70,0x61,0x74,0x68,0x3e,0x3c,0x2f,
  0x73,0x76,0x67,0x3e,
    // repeat.svg
  0x0,0x0,0x1,0x80,
  0x3c,
  0x73,0x76,0x67,0x20,0x78,0x6d,0x6c,0x6e,0x73,0x3d,0x22,0x68,0x74,0x74,0x70,0x3a,
  0x2f,0x2f,0x77,0x77,0x77,0x2e,0x77,0x33,0x2e,0x6f,0x72,0x67,0x2f,0x32,0x30,0x30,
  0x30,0x2f,0x73,0x76,0x67,0x22,0x20,0x77,0x69,0x64,0x74,0x68,0x3d,0x22,0x32,0x34,
  0x22,0x20,0x68,0x65,0x69,0x67,0x68,0x74,0x3d,0x22,0x32,0x34,0x22,0x20,0x76,0x69,
  0x65,0x77,0x42,0x6f,0x78,0x3d,0x22,0x30,0x20,0x30,0x20,0x32,0x34,0x20,0x32,0x34,
  0x22,0x20,0x66,0x69,0x6c,0x6c,0x3d,0x22,0x6e,0x6f,0x6e,0x65,0x22,0x20,0x73,0x74,
  0x72,0x6f,0x6b,0x65,0x3d,0x22,0x23,0x66,0x66,0x66,0x22,0x20,0x73,0x74,0x72,0x6f,
  0x6b,0x65,0x2d,0x77,0x69,0x64,0x74,0x68,0x3d,0x22,0x32,0x22,0x20,0x73,0x74,0x72,
  0x6f,0x6b,0x65,0x2d,0x6c,0x69,0x6e,0x65,0x63,0x61,0x70,0x3d,0x22,0x72,0x6f,0x75,
  0x6e,0x64,0x22,0x20,0x73,0x74,0x72,0x6f,0x6b,0x65,0x2d,0x6c,0x69,0x6e,0x65,0x6a,
  0x6f,0x69,0x6e,0x3d,0x22,0x72,0x6f,0x75,0x6e,0x64,0x22,0x20,0x63,0x6c,0x61,0x73,
  0x73,0x3d,0x22,0x66,0x65,0x61,0x74,0x68,0x65,0x72,0x20,0x66,0x65,0x61,0x74,0x68,
  0x65,0x72,0x2d,0x72,0x65,0x70,0x65,0x61,0x74,0x22,0x3e,0x3c,0x70,0x6f,0x6c,0x79,
  0x6c,0x69,0x6e,0x65,0x20,0x70,0x6f,0x69,0x6e,0x74,0x73,0x3d,0x22,0x31,0x37,0x20,
  0x31,0x20,0x32,0x31,0x20,0x35,0x20,0x31,0x37,0x20,0x39,0x22,0x3e,0x3c,0x2f,0x70,
  0x6f,0x6c,0x79,0x6c,0x69,0x6e,0x65,0x3e,0x3c,0x70,0x61,0x74,0x68,0x20,0x64,0x3d,
  0x22,0x4d,0x33,0x20,0x31,0x31,0x56,0x39,0x61,0x34,0x20,0x34,0x20,0x30,0x20,0x30,
  0x20,0x31,0x20,0x34,0x2d,0x34,0x68,0x31,0x34,0x22,0x3e,0x3c,0x2f,0x70,0x61,0x74,
  0x68,0x3e,0x3c,0x70,0x6f,0x6c,0x79,0x6c,0x69,0x6e,0x65,0x20,0x70,0x6f,0x69,0x6e,
  0x74,0x73,0x3d,0x22,0x37,0x20,0x32,0x33,0x20,0x33,0x20,0x31,0x39,0x20,0x37,0x20,
  0x31,0x35,0x22,0x3e,0x3c,0x2f,0x70,0x6f,0x6c,0x79,0x6c,0x69,0x6e,0x65,0x3e,0x3c,
  0x70,0x61,0x74,0x68,0x20,0x64,0x3d,0x22,0x4d,0x32,0x31,0x20,0x31,0x33,0x76,0x32,
  0x61,0x34,0x20,0x34,0x20,0x30,0x20,0x30,0x20,0x31,0x2d,0x34,0x20,0x34,0x48,0x33,
  0x22,0x3e,0x3c,0x2f,0x70,0x61,0x74,0x68,0x3e,0x3c,0x2f,0x73,0x76,0x67,0x3e,
    // x-octagon.svg
  0x0,0x0,0x1,0x8e,
  0x3c,
  0x73,0x76,0x67,0x20,0x78,0x6d,0x6c,0x6e,0x73,0x3d,0x22,0x68,0x74,0x74,0x70,0x3a,
  0x2f,0x2f,0x77,0x77,0x77,0x2e,0x77,0x33,0x2e,0x6f,0x72,0x67,0x2f,0x32,0x30,0x30,
  0x30,0x2f,0x73,0x76,0x67,0x22,0x20,0x77,0x69,0x64,0x74,0x68,0x3d,0x22,0x32,0x34,
  0x22,0x20,0x68,0x65,0x69,0x67,0x68,0x74,0x3d,0x22,0x32,0x34,0x22,0x20,0x76,0x69,
  0x65,0x77,0x42,0x6f,0x78,0x3d,0x22,0x30,0x20,0x30,0x20,0x32,0x34,0x20,0x32,0x34,
  0x22,0x20,0x66,0x69,0x6c,0x6c,0x3d,0x22,0x6e,0x6f,0x6e,0x65,0x22,0x20,0x73,0x74,
  0x72,0x6f,0x6b,0x65,0x3d,0x22,0x23,0x66,0x66,0x66,0x22,0x20,0x73,0x74,0x72,0x6f,
  0x6b,0x65,0x2d,0x77,0x69,0x64,0x74,0x68,0x3d,0x22,0x32,0x22,0x20,0x73,0x74,0x72,
  0x6f,0x6b,0x65,0x2d,0x6c,0x69,0x6e,0x65,0x63,0x61,0x70,0x3d,0x22,0x72,0x6f,0x75,
  0x6e,0x64,0x22,0x20,0x73,0x74,0x72,0x6f,0x6b,0x65,0x2d,0x6c,0x69,0x6e,0x65,0x6a,
  0x6f,0x69,0x6e,0x3d,0x22,0x72,0x6f,0x75,0x6e,0x64,0x22,0x20,0x63,0x6c,0x61,0x73,
  0x73,0x3d,0x22,0x66,0x65,0x61,0x74,0x68,0x65,0x72,0x20,0x66,0x65,0x61,0x74,0x68,
  0x65,0x72,0x2d,0x78,0x2d,0x6f,0x63,0x74,0x61,0x67,0x6f,0x6e,0x22,0x3e,0x3c,0x70,
  0x6f,0x6c,0x79,0x67,0x6f,0x6e,0x20,0x70,0x6f,0x69,0x6e,0x74,0x73,0x3d,0x22,0x37,
  0x2e,0x38,0x36,0x20,0x32,0x20,0x31,0x36,0x2e,0x31,0x34,0x20,0x32,0x20,0x32,0x32,
  0x20,0x37,0x2e,0x38,0x36,0x20,0x32,0x32,0x20,0x31,0x36,0x2e,0x31,0x34,0x20,0x31,
  0x36,0x2e,0x31,0x34,0x20,0x32,0x32,0x20,0x37,0x2e,0x38,0x36,0x20,0x32,0x32,0x20,
  0x32,0x20,0x31,0x36,0x2e,0x31,0x34,0x20,0x32,0x20,0x37,0x2e,0x38,0x36,0x20,0x37,
  0x2e,0x38,0x36,0x20,0x32,0x22,0x3e,0x3c,0x2f,0x70,0x6f,0x6c,0x79,0x67,0x6f,0x6e,
  0x3e,0x3c,0x6c,0x69,0x6e,0x65,0x20,0x78,0x31,0x3d,0x22,0x31,0x35,0x22,0x20,0x79,
  0x31,0x3d,0x22,0x39,0x22,0x20,0x78,0x32,0x3d,0x22,0x39,0x22,0x20,0x79,0x32,0x3d,
  0x22,0x31,0x35,0x22,0x3e,0x3c,0x2f,0x6c,0x69,0x6e,0x65,0x3e,0x3c,0x6c,0x69,0x6e,
  0x65,0x20,0x78,0x31,0x3d,0x22,0x39,0x22,0x20,0x79,0x31,0x3d,0x22,0x39,0x22,0x20,
  0x78,0x32,0x3d,0x22,0x31,0x35,0x22,0x20,0x79,0x32,0x3d,0x22,0x31,0x35,0x22,0x3e,
  0x3c,0x2f,0x6c,0x69,0x6e,0x65,0x3e,0x3c,0x2f,0x73,0x76,0x67,0x3e,
    // shield-off.svg
  0x0,0x0,0x1,0x8d,
  0x3c,
  0x73,0x76,0x67,0x20,0x78,0x6d,0x6c,0x6e,0x73,0x3d,0x22,0x68,0x74,0x74,0x70,0x3a,
  0x2f,0x2f,0x77,0x77,0x77,0x2e,0x77,0x33,0x2e,0x6f,0x72,0x67,0x2f,0x32,0x30,0x30,
  0x30,0x2f,0x73,0x76,0x67,0x22,0x20,0x77,0x69,0x64,0x74,0x68,0x3d,0x22,0x32,0x34,
  0x22,0x20,0x68,0x65,0x69,0x67,0x68,0x74,0x3d,0x22,0x32,0x34,0x22,0x20,0x76,0x69,
  0x65,0x77,0x42,0x6f,0x78,0x3d,0x22,0x30,0x20,0x30,0x20,0x32,0x34,0x20,0x32,0x34,
  0x22,0x20,0x66,0x69,0x6c,0x6c,0x3d,0x22,0x6e,0x6f,0x6e,0x65,0x22,0x20,0x73,0x74,
  0x72,0x6f,0x6b,0x65,0x3d,0x22,0x23,0x66,0x66,0x66,0x22,0x20,0x73,0x74,0x72,0x6f,
  0x6b,0x65,0x2d,0x77,0x69,0x64,0x74,0x68,0x3d,0x22,0x32,0x22,0x20,0x73,0x74,0x72,
  0x6f,0x6b,0x65,0x2d,0x6c,0x69,0x6e,0x65,0x63,0x61,0x70,0x3d,0x22,0x72,0x6f,0x75,
  0x6e,0x64,0x22,0x20,0x73,0x74,0x72,0x6f,0x6b,0x65,0x2d,0x6c,0x69,0x6e,0x65,0x6a,
  0x6f,0x69,0x6e,0x3d,0x22,0x72,0x6f,0x75,0x6e,0x64,0x22,0x20,0x63,0x6c,0x61,0x73,
  0x73,0x3d,0x22,0x66,0x65,0x61,0x74,0x68,0x65,0x72,0x20,0x66,0x65,0x61,0x74,0x68,
  0x65,0x72,0x2d,0x73,0x68,0x69,0x65,0x6c,0x64,0x2d,0x6f,0x66,0x66,0x22,0x3e,0x3c,
  0x70,0x61,0x74,0x68,0x20,0x64,0x3d,0x22,0x4d,0x31,0x39,0x2e,0x36,0x39,0x20,0x31,
  0x34,0x61,0x36,0x2e,0x39,0x20,0x36,0x2e,0x39,0x20,0x30,0x20,0x30,0x20,0x30,0x20,
  0x2e,0x33,0x31,0x2d,0x32,0x56,0x35,0x6c,0x2d,0x38,0x2d,0x33,0x2d,0x33,0x2e,0x31,
  0x36,0x20,0x31,0x2e,0x31,0x38,0x22,0x3e,0x3c,0x2f,0x70,0x61,0x74,0x68,0x3e,0x3c,
  0x70,0x61,0x74,0x68,0x20,0x64,0x3d,0x22,0x4d,0x34,0x2e,0x37,0x33,0x20,0x34,0x2e,
  0x37,0x33,0x4c,0x34,0x20,0x35,0x76,0x37,0x63,0x30,0x20,0x36,0x20,0x38,0x20,0x31,
  0x30,0x20,0x38,0x20,0x31,0x30,0x61,0x32,0x30,0x2e,0x32,0x39,0x20,0x32,0x30,0x2e,
  0x32,0x39,0x20,0x30,0x20,0x30,0x20,0x30,0x20,0x35,0x2e,0x36,0x32,0x2d,0x34,0x2e,
  0x33,0x38,0x22,0x3e,0x3c,0x2f,0x70,0x61,0x74,0x68,0x3e,0x3c,0x6c,0x69,0x6e,0x65,
  0x20,0x78,0x31,0x3d,0x22,0x31,0x22,0x20,0x79,0x31,0x3d,0x22,0x31,0x22,0x20,0x78,
  0x32,0x3d,0x22,0x32,0x33,0x22,0x20,0x79,0x32,0x3d,0x22,0x32,0x33,0x22,0x3e,0x3c,
  0x2f,0x6c,0x69,0x6e,0x65,0x3e,0x3c,0x2f,0x73,0x76,0x67,0x3e,
    // server.svg
  0x0,0x0,0x1,0xa7,
  0x3c,
  0x73,0x76,0x67,0x20,0x78,0x6d,0x6c,0x6e,0x73,0x3d,0x22,0x68,0x74,0x74,0x70,0x3a,
  0x2f,0x2f,0x77,0x77,0x77,0x2e,0x77,0x33,0x2e,0x6f,0x72,0x67,0x2f,0x32,0x30,0x30,
  0x30,0x2f,0x73,0x76,0x67,0x22,0x20,0x77,0x69,0x64,0x74,0x68,0x3d,0x22,0x32,0x34,
  0x22,0x20,0x68,0x65,0x69,0x67,0x68,0x74,0x3d,0x22,0x32,0x34,0x22,0x20,0x76,0x69,
  0x65,0x77,0x42,0x6f,0x78,0x3d,0x22,0x30,0x20,0x30,0x20,0x32,0x34,0x20,0x32,0x34,
  0x22,0x20,0x66,0x69,0x6c,0x6c,0x3d,0x22,0x6e,0x6f,0x6e,0x65,0x22,0x20,0x73,0x74,
  0x72,0x6f,0x6b,0x65,0x3d,0x22,0x23,0x66,0x66,0x66,0x22,0x20,0x73,0x74,0x72,0x6f,
  0x6b,0x65,0x2d,0x77,0x69,0x64,0x74,0x68,0x3d,0x22,0x32,0x22,0x20,0x73,0x74,0x72,
  0x6f,0x6b,0x65,0x2d,0x6c,0x69,0x6e,0x65,0x63,0x61,0x70,0x3d,0x22,0x72,0x6f,0x75,
  0x6e,0x64,0x22,0x20,0x73,0x74,0x72,0x6f,0x6b,0x65,0x2d,0x6c,0x69,0x6e,0x65,0x6a,
  0x6f,0x69,0x6e,0x3d,0x22,0x72,0x6f,0x75,0x6e,0x64,0x22,0x20,0x63,0x6c,0x61,0x73,
  0x73,0x3d,0x22,0x66,0x65,0x61,0x74,0x68,0x65,0x72,0x20,0x66,0x65,0x61,0x74,0x68,
  0x65,0x72,0x2d,0x73,0x65,0x72,0x76,0x65,0x72,0x22,0x3e,0x3c,0x72,0x65,0x63,0x74,
  0x20,0x78,0x3d,0x22,0x32,0x22,0x20,0x79,0x3d,0x22,0x32,0x22,0x20,0x77,0x69,0x64,
  0x74,0x68,0x3d,0x22,0x32,0x30,0x22,0x20,0x68,0x65,0x69,0x67,0x68,0x74,0x3d,0x22,
  0x38,0x22,0x20,0x72,0x78,0x3d,0x22,0x32,0x22,0x20,0x72,0x79,0x3d,0x22,0x32,0x22,
  0x3e,0x3c,0x2f,0x72,0x65,0x63,0x74,0x3e,0x3c,0x72,0x65,0x63,0x74,0x20,0x78,0x3d,
  0x22,0x32,0x22,0x20,0x79,0x3d,0x22,0x31,0x34,0x22,0x20,0x77,0x69,0x64,0x74,0x68,
  0x3d,0x22,0x32,0x30,0x22,0x20,0x68,0x65,0x69,0x67,0x68,0x74,0x3d,0x22,0x38,0x22,
  0x20,0x72,0x78,0x3d,0x22,0x32,0x22,0x20,0x72,0x79,0x3d,0x22,0x32,0x22,0x3e,0x3c,
  0x2f,0x72,0x65,0x63,0x74,0x3e,0x3c,0x6c,0x69,0x6e,0x65,0x20,0x78,0x31,0x3d,0x22,
  0x36,0x22,0x20,0x79,0x31,0x3d,0x22,0x36,0x22,0x20,0x78,0x32,0x3d,0x22,0x36,0x2e,
  0x30,0x31,0x22,0x20,0x79,0x32,0x3d,0x22,0x36,0x22,0x3e,0x3c,0x2f,0x6c,0x69,0x6e,
  0x65,0x3e,0x3c,0x6c,0x69,0x6e,0x65,0x20,0x78,0x31,0x3d,0x22,0x36,0x22,0x20,0x79,
  0x31,0x3d,0x22,0x31,0x38,0x22,0x20,0x78,0x32,0x3d,0x22,0x36,0x2e,0x30,0x31,0x22,
  0x20,0x79,0x32,0x3d,0x22,0x31,0x38,0x22,0x3e,0x3c,0x2f,0x6c,0x69,0x6e,0x65,0x3e,
  0x3c,0x2f,0x73,0x76,0x67,0x3e,
    // share-2.svg
  0x0,0x0,0x1,0xb5,
  0x3c,
  0x73,0x76,0x67,0x20,0x78,0x6d,0x6c,0x6e,0x73,0x3d,0x22,0x68,0x74,0x74,0x70,0x3a,
  0x2f,0x2f,0x77,0x77,0x77,0x2e,0x77,0x33,0x2e,0x6f,0x72,0x67,0x2f,0x32,0x30,0x30,
  0x30,0x2f,0x73,0x76,0x67,0x22,0x20,0x77,0x69,0x64,0x74,0x68,0x3d,0x22,0x32,0x34,
  0x22,0x20,0x68,0x65,0x69,0x67,0x68,0x74,0x3d,0x22,0x32,0x34,0x22,0x20,0x76,0x69,
  0x65,0x77,0x42,0x6f,0x78,0x3d,0x22,0x30,0x20,0x30,0x20,0x32,0x34,0x20,0x32,0x34,
  0x22,0x20,0x66,0x69,0x6c,0x6c,0x3d,0x22,0x6e,0x6f,0x6e,0x65,0x22,0x20,0x73,0x74,
  0x72,0x6f,0x6b,0x65,0x3d,0x22,0x23,0x66,0x66,0x66,0x22,0x20,0x73,0x74,0x72,0x6f,
  0x6b,0x65,0x2d,0x77,0x69,0x64,0x74,0x68,0x3d,0x22,0x32,0x22,0x20,0x73,0x74,0x72,
  0x6f,0x6b,0x65,0x2d,0x6c,0x69,0x6e,0x65,0x63,0x61,0x70,0x3d,0x22,0x72,0x6f,0x75,
  0x6e,0x64,0x22,0x20,0x73,0x74,0x72,0x6f,0x6b,0x65,0x2d,0x6c,0x69,0x6e,0x65,0x6a,
  0x6f,0x69,0x6e,0x3d,0x22,0x72,0x6f,0x75,0x6e,0x64,0x22,0x20,0x63,0x6c,0x61,0x73,
  0x73,0x3d,0x22,0x66,0x65,0x61,0x74,0x68,0x65,0x72,0x20,0x66,0x65,0x61,0x74,0x68,
  0x65,0x72,0x2d,0x73,0x68,0x61,0x72,0x65,0x2d,0x32,0x22,0x3e,0x3c,0x63,0x69,0x72,
  0x63,0x6c,0x65,0x20,0x63,0x78,0x3d,0x22,0x31,0x38,0x22,0x20,0x63,0x79,0x3d,0x22,
  0x35,0x22,0x20,0x72,0x3d,0x22,0x33,0x22,0x3e,0x3c,0x2f,0x63,0x69,0x72,0x63,0x6c,
  0x65,0x3e,0x3c,0x63,0x69,0x72,0x63,0x6c,0x65,0x20,0x63,0x78,0x3d,0x22,0x36,0x22,
  0x20,0x63,0x79,0x3d,0x22,0x31,0x32,0x22,0x20,0x72,0x3d,0x22,0x33,0x22,0x3e,0x3c,
  0x2f,0x63,0x69,0x72,0x63,0x6c,0x65,0x3e,0x3c,0x63,0x69,0x72,0x63,0x6c,0x65,0x20,
  0x63,0x78,0x3d,0x22,0x31,0x38,0x22,0x20,0x63,0x79,0x3d,0x22,0x31,0x39,0x22,0x20,
  0x72,0x3d,0x22,0x33,0x22,0x3e,0x3c,0x2f,0x63,0x69,0x72,0x63,0x6c,0x65,0x3e,0x3c,
  0x6c,0x69,0x6e,0x65,0x20,0x78,0x31,0x3d,0x22,0x38,0x2e,0x35,0x39,0x22,0x20,0x79,
  0x31,0x3d,0x22,0x31,0x33,0x2e,0x35,0x31,0x22,0x20,0x78,0x32,0x3d,0x22,0x31,0x35,
  0x2e,0x34,0x32,0x22,0x20,0x79,0x32,0x3d,0x22,0x31,0x37,0x2e,0x34,0x39,0x22,0x3e,
  0x3c,0x2f,0x6c,0x69,0x6e,0x65,0x3e,0x3c,0x6c,0x69,0x6e,0x65,0x20,0x78,0x31,0x3d,
  0x22,0x31,0x35,0x2e,0x34,0x31,0x22,0x20,0x79,0x31,0x3d,0x22,0x36,0x2e,0x35,0x31,
  0x22,0x20,0x78,0x32,0x3d,0x22,0x38,0x2e,0x35,0x39,0x22,0x20,0x79,0x32,0x3d,0x22,
  0x31,0x30,0x2e,0x34,0x39,0x22,0x3e,0x3c,0x2f,0x6c,0x69,0x6e,0x65,0x3e,0x3c,0x2f,
  0x73,0x76,0x67,0x3e,
    // map-pin.svg
  0x0,0x0,0x1,0x3a,
  0x3c,
  0x73,0x76,0x67,0x20,0x78,0x6d,0x6c,0x6e,0x73,0x3d,0x22,0x68,0x74,0x74,0x70,0x3a,
  0x2f,0x2f,0x77,0x77,0x77,0x2e,0x77,0x33,0x2e,0x6f,0x72,0x67,0x2f,0x32,0x30,0x30,
  0x30,0x2f,0x73,0x76,0x67,0x22,0x20,0x77,0x69,0x64,0x74,0x68,0x3d,0x22,0x32,0x34,
  0x22,0x20,0x68,0x65,0x69,0x67,0x68,0x74,0x3d,0x22,0x32,0x34,0x22,0x20,0x76,0x69,
  0x65,0x77,0x42,0x6f,0x78,0x3d,0x22,0x30,0x20,0x30,0x20,0x32,0x34,0x20,0x32,0x34,
  0x22,0x20,0x66,0x69,0x6c,0x6c,0x3d,0x22,0x6e,0x6f,0x6e,0x65,0x22,0x20,0x73,0x74,
  0x72,0x6f,0x6b,0x65,0x3d,0x22,0x23,0x66,0x66,0x66,0x22,0x20,0x73,0x74,0x72,0x6f,
  0x6b,0x65,0x2d,0x77,0x69,0x64,0x74,0x68,0x3d,0x22,0x32,0x22,0x20,0x73,0x74,0x72,
  0x6f,0x6b,0x65,0x2d,0x6c,0x69,0x6e,0x65,0x63,0x61,0x70,0x3d,0x22,0x72,0x6f,0x75,
  0x6e,0x64,0x22,0x20,0x73,0x74,0x72,0x6f,0x6b,0x65,0x2d,0x6c,0x69,0x6e,0x65,0x6a,
  0x6f,0x69,0x6e,0x3d,0x22,0x72,0x6f,0x75,0x6e,0x64,0x22,0x20,0x63,0x6c,0x61,0x73,
  0x73,0x3d,0x22,0x66,0x65,0x61,0x74,0x68,0x65,0x72,0x20,0x66,0x65,0x61,0x74,0x68,
  0x65,0x72,0x2d,0x6d,0x61,0x70,0x2d,0x70,0x69,0x6e,0x22,0x3e,0x3c,0x70,0x61,0x74,
  0x68,0x20,0x64,0x3d,0x22,0x4d,0x32,0x31,0x20,0x31,0x30,0x63,0x30,0x20,0x37,0x2d,
  0x39,0x20,0x31,0x33,0x2d,0x39,0x20,0x31,0x33,0x73,0x2d,0x39,0x2d,0x36,0x2d,0x39,
  0x2d,0x31,0x33,0x61,0x39,0x20,0x39,0x20,0x30,0x20,0x30,0x20,0x31,0x20,0x31,0x38,
  0x20,0x30,0x7a,0x22,0x3e,0x3c,0x2f,0x70,0x61,0x74,0x68,0x3e,0x3c,0x63,0x69,0x72,
  0x63,0x6c,0x65,0x20,0x63,0x78,0x3d,0x22,0x31,0x32,0x22,0x20,0x63,0x79,0x3d,0x22,
  0x31,0x30,0x22,0x20,0x72,0x3d,0x22,0x33,0x22,0x3e,0x3c,0x2f,0x63,0x69,0x72,0x63,
  0x6c,0x65,0x3e,0x3c,0x2f,0x73,0x76,0x67,0x3e,
    // underline.svg
  0x0,0x0,0x1,0x37,
  0x3c,
  0x73,0x76,0x67,0x20,0x78,0x6d,0x6c,0x6e,0x73,0x3d,0x22,0x68,0x74,0x74,0x70,0x3a,
  0x2f,0x2f,0x77,0x77,0x77,0x2e,0x77,0x33,0x2e,0x6f,0x72,0x67,0x2f,0x32,0x30,0x30,
  0x30,0x2f,0x73,0x76,0x67,0x22,0x20,0x77,0x69,0x64,0x74,0x68,0x3d,0x22,0x32,0x34,
  0x22,0x20,0x68,0x65,0x69,0x67,0x68,0x74,0x3d,0x22,0x32,0x34,0x22,0x20,0x76,0x69,
  0x65,0x77,0x42,0x6f,0x78,0x3d,0x22,0x30,0x20,0x30,0x20,0x32,0x34,0x20,0x32,0x34,
  0x22,0x20,0x66,0x69,0x6c,0x6c,0x3d,0x22,0x6e,0x6f,0x6e,0x65,0x22,0x20,0x73,0x74,
  0x72,0x6f,0x6b,0x65,0x3d,0x22,0x23,0x66,0x66,0x66,0x22,0x20,0x73,0x74,0x72,0x6f,
  0x6b,0x65,0x2d,0x77,0x69,0x64,0x74,0x68,0x3d,0x22,0x32,0x22,0x20,0x73,0x74,0x72,
  0x6f,0x6b,0x65,0x2d,0x6c,0x69,0x6e,0x65,0x63,0x61,0x70,0x3d,0x22,0x72,0x6f,0x75,
  0x6e,0x64,0x22,0x20,0x73,0x74,0x72,0x6f,0x6b,0x65,0x2d,0x6c,0x69,0x6e,0x65,0x6a,
  0x6f,0x69,0x6e,0x3d,0x22,0x72,0x6f,0x75,0x6e,0x64,0x22,0x20,0x63,0x6c,0x61,0x73,
  0x73,0x3d,0x22,0x66,0x65,0x61,0x74,0x68,0x65,0x72,0x20,0x66,0x65,0x61,0x74,0x68,
  0x65,0x72,0x2d,0x75,0x6e,0x64,0x65,0x72,0x6c,0x69,0x6e,0x65,0x22,0x3e,0x3c,0x70,
  0x61,0x74,0x68,0x20,0x64,0x3d,0x22,0x4d,0x36,0x20,0x33,0x76,0x37,0x61,0x36,0x20,
  0x36,0x20,0x30,0x20,0x30,0x20,0x30,0x20,0x36,0x20,0x36,0x20,0x36,0x20,0x36,0x20,
  0x30,0x20,0x30,0x20,0x30,0x20,0x36,0x2d,0x36,0x56,0x33,0x22,0x3e,0x3c,0x2f,0x70,
  0x61,0x74,0x68,0x3e,0x3c,0x6c,0x69,0x6e,0x65,0x20,0x78,0x31,0x3d,0x22,0x34,0x22,
  0x20,0x79,0x31,0x3d,0x22,0x32,0x31,0x22,0x20,0x78,0x32,0x3d,0x22,0x32,0x30,0x22,
  0x20,0x79,0x32,0x3d,0x22,0x32,0x31,0x22,0x3e,0x3c,0x2f,0x6c,0x69,0x6e,0x65,0x3e,
  0x3c,0x2f,0x73,0x76,0x67,0x3e,
    // edit-3.svg
  0x0,0x0,0x1,0x35,
  0x3c,
  0x73,0x76,0x67,0x20,0x78,0x6d,0x6c,0x6e,0x73,0x3d,0x22,0x68,0x74,0x74,0x70,0x3a,
  0x2f,0x2f,0x77,0x77,0x77,0x2e,0x77,0x33,0x2e,0x6f,0x72,0x67,0x2f,0x32,0x30,0x30,
  0x30,0x2f,0x73,0x76,0x67,0x22,0x20,0x77,0x69,0x64,0x74,0x68,0x3d,0x22,0x32,0x34,
  0x22,0x20,0x68,0x65,0x69,0x67,0x68,0x74,0x3d,0x22,0x32,0x34,0x22,0x20,0x76,0x69,
  0x65,0x77,0x42,0x6f,0x78,0x3d,0x22,0x30,0x20,0x30,0x20,0x32,0x34,0x20,0x32,0x34,
  0x22,0x20,0x66,0x69,0x6c,0x6c,0x3d,0x22,0x6e,0x6f,0x6e,0x65,0x22,0x20,0x73,0x74,
  0x72,0x6f,0x6b,0x65,0x3d,0x22,0x23,0x66,0x66,0x66,0x22,0x20,0x73,0x74,0x72,0x6f,
  0x6b,0x65,0x2d,0x77,0x69,0x64,0x74,0x68,0x3d,0x22,0x32,0x22,0x20,0x73,0x74,0x72,
  0x6f,0x6b,0x65,0x2d,0x6c,0x69,0x6e,0x65,0x63,0x61,0x70,0x3d,0x22,0x72,0x6f,0x75,
  0x6e,0x64,0x22,0x20,0x73,0x74,0x72,0x6f,0x6b,0x65,0x2d,0x6c,0x69,0x6e,0x65,0x6a,
  0x6f,0x69,0x6e,0x3d,0x22,0x72,0x6f,0x75,0x6e,0x64,0x22,0x20,0x63,0x6c,0x61,0x73,
  0x73,0x3d,0x22,0x66,0x65,0x61,0x74,0x68,0x65,0x72,0x20,0x66,0x65,0x61,0x74,0x68,
  0x65,0x72,0x2d,0x65,0x64,0x69,0x74,0x2d,0x33,0x22,0x3e,0x3c,0x70,0x61,0x74,0x68,
  0x20,0x64,0x3d,0x22,0x4d,0x31,0x32,0x20,0x32,0x30,0x68,0x39,0x22,0x3e,0x3c,0x2f,
  0x70,0x61,0x74,0x68,0x3e,0x3c,0x70,0x61,0x74,0x68,0x20,0x64,0x3d,0x22,0x4d,0x31,
  0x36,0x2e,0x35,0x20,0x33,0x2e,0x35,0x61,0x32,0x2e,0x31,0x32,0x31,0x20,0x32,0x2e,
  0x31,0x32,0x31,0x20,0x30,0x20,0x30,0x20,0x31,0x20,0x33,0x20,0x33,0x4c,0x37,0x20,
  0x31,0x39,0x6c,0x2d,0x34,0x20,0x31,0x20,0x31,0x2d,0x34,0x4c,0x31,0x36,0x2e,0x35,
  0x20,0x33,0x2e,0x35,0x7a,0x22,0x3e,0x3c,0x2f,0x70,0x61,0x74,0x68,0x3e,0x3c,0x2f,
  0x73,0x76,0x67,0x3e,
    // square.svg
  0x0,0x0,0x1,0x10,
  0x3c,
  0x73,0x76,0x67,0x20,0x78,0x6d,0x6c,0x6e,0x73,0x3d,0x22,0x68,0x74,0x74,0x70,0x3a,
  0x2f,0x2f,0x77,0x77,0x77,0x2e,0x77,0x33,0x2e,0x6f,0x72,0x67,0x2f,0x32,0x30,0x30,
  0x30,0x2f,0x73,0x76,0x67,0x22,0x20,0x77,0x69,0x64,0x74,0x68,0x3d,0x22,0x32,0x34,
  0x22,0x20,0x68,0x65,0x69,0x67,0x68,0x74,0x3d,0x22,0x32,0x34,0x22,0x20,0x76,0x69,
  0x65,0x77,0x42,0x6f,0x78,0x3d,0x22,0x30,0x20,0x30,0x20,0x32,0x34,0x20,0x32,0x34,
  0x22,0x20,0x66,0x69,0x6c,0x6c,0x3d,0x22,0x6e,0x6f,0x6e,0x65,0x22,0x20,0x73,0x74,
  0x72,0x6f,0x6b,0x65,0x3d,0x22,0x23,0x66,0x66,0x66,0x22,0x20,0x73,0x74,0x72,0x6f,
  0x6b,0x65,0x2d,0x77,0x69,0x64,0x74,0x68,0x3d,0x22,0x32,0x22,0x20,0x73,0x74,0x72,
  0x6f,0x6b,0x65,0x2d,0x6c,0x69,0x6e,0x65,0x63,0x61,0x70,0x3d,0x22,0x72,0x6f,0x75,
  0x6e,0x64,0x22,0x20,0x73,0x74,0x72,0x6f,0x6b,0x65,0x2d,0x6c,0x69,0x6e,0x65,0x6a,
  0x6f,0x69,0x6e,0x3d,0x22,0x72,0x6f,0x75,0x6e,0x64,0x22,0x20,0x63,0x6c,0x61,0x73,
  0x73,0x3d,0x22,0x66,0x65,0x61,0x74,0x68,0x65,0x72,0x20,0x66,0x65,0x61,0x74,0x68,
  0x65,0x72,0x2d,0x73,0x71,0x75,0x61,0x72,0x65,0x22,0x3e,0x3c,0x72,0x65,0x63,0x74,
  0x20,0x78,0x3d,0x22,0x33,0x22,0x20,0x79,0x3d,0x22,0x33,0x22,0x20,0x77,0x69,0x64,
  0x74,0x68,0x3d,0x22,0x31,0x38,0x22,0x20,0x68,0x65,0x69,0x67,0x68,0x74,0x3d,0x22,
  0x31,0x38,0x22,0x20,0x72,0x78,0x3d,0x22,0x32,0x22,0x20,0x72,0x79,0x3d,0x22,0x32,
  0x22,0x3e,0x3c,0x2f,0x72,0x65,0x63,0x74,0x3e,0x3c,0x2f,0x73,0x76,0x67,0x3e,
    // chevron-up.svg
  0x0,0x0,0x1,0x4,
  0x3c,
  0x73,0x76,0x67,0x20,0x78,0x6d,0x6c,0x6e,0x73,0x3d,0x22,0x68,0x74,0x74,0x70,0x3a,
  0x2f,0x2f,0x77,0x77,0x77,0x2e,0x77,0x33,0x2e,0x6f,0x72,0x67,0x2f,0x32,0x30,0x30,
  0x30,0x2f,0x73,0x76,0x67,0x22,0x20,0x77,0x69,0x64,0x74,0x68,0x3d,0x22,0x32,0x34,
  0x22,0x20,0x68,0x65,0x69,0x67,0x68,0x74,0x3d,0x22,0x32,0x34,0x22,0x20,0x76,0x69,
  0x65,0x77,0x42,0x6f,0x78,0x3d,0x22,0x30,0x20,0x30,0x20,0x32,0x34,0x20,0x32,0x34,
  0x22,0x20,0x66,0x69,0x6c,0x6c,0x3d,0x22,0x6e,0x6f,0x6e,0x65,0x22,0x20,0x73,0x74,
  0x72,0x6f,0x6b,0x65,0x3d,0x22,0x23,0x66,0x66,0x66,0x22,0x20,0x73,0x74,0x72,0x6f,
  0x6b,0x65,0x2d,0x77,0x69,0x64,0x74,0x68,0x3d,0x22,0x32,0x22,0x20,0x73,0x74,0x72,
  0x6f,0x6b,0x65,0x2d,0x6c,0x69,0x6e,0x65,0x63,0x61,0x70,0x3d,0x22,0x72,0x6f,0x75,
  0x6e,0x64,0x22,0x20,0x73,0x74,0x72,0x6f,0x6b,0x65,0x2d,0x6c,0x69,0x6e,0x65,0x6a,
  0x6f,0x69,0x6e,0x3d,0x22,0x72,0x6f,0x75,0x6e,0x64,0x22,0x20,0x63,0x6c,0x61,0x73,
  0x73,0x3d,0x22,0x66,0x65,0x61,0x74,0x68,0x65,0x72,0x20,0x66,0x65,0x61,0x74,0x68,
  0x65,0x72,0x2d,0x63,0x68,0x65,0x76,0x72,0x6f,0x6e,0x2d,0x75,0x70,0x22,0x3e,0x3c,
  0x70,0x6f,0x6c,0x79,0x6c,0x69,0x6e,0x65,0x20,0x70,0x6f,0x69,0x6e,0x74,0x73,0x3d,
  0x22,0x31,0x38,0x20,0x31,0x35,0x20,0x31,0x32,0x20,0x39,0x20,0x36,0x20,0x31,0x35,
  0x22,0x3e,0x3c,0x2f,0x70,0x6f,0x6c,0x79,0x6c,0x69,0x6e,0x65,0x3e,0x3c,0x2f,0x73,
  0x76,0x67,0x3e,
    // toggle-left.svg
  0x0,0x0,0x1,0x3b,
  0x3c,
  0x73,0x76,0x67,0x20,0x78,0x6d,0x6c,0x6e,0x73,0x3d,0x22,0x68,0x74,0x74,0x70,0x3a,
  0x2f,0x2f,0x77,0x77,0x77,0x2e,0x77,0x33,0x2e,0x6f,0x72,0x67,0x2f,0x32,0x30,0x30,
  0x30,0x2f,0x73,0x76,0x67,0x22,0x20,0x77,0x69,0x64,0x74,0x68,0x3d,0x22,0x32,0x34,
  0x22,0x20,0x68,0x65,0x69,0x67,0x68,0x74,0x3d,0x22,0x32,0x34,0x22,0x20,0x76,0x69,
  0x65,0x77,0x42,0x6f,0x78,0x3d,0x22,0x30,0x20,0x30,0x20,0x32,0x34,0x20,0x32,0x34,
  0x22,0x20,0x66,0x69,0x6c,0x6c,0x3d,0x22,0x6e,0x6f,0x6e,0x65,0x22,0x20,0x73,0x74,
  0x72,0x6f,0x6b,0x65,0x3d,0x22,0x23,0x66,0x66,0x66,0x22,0x20,0x73,0x74,0x72,0x6f,
  0x6b,0x65,0x2d,0x77,0x69,0x64,0x74,0x68,0x3d,0x22,0x32,0x22,0x20,0x73,0x74,0x72,
  0x6f,0x6b,0x65,0x2d,0x6c,0x69,0x6e,0x65,0x63,0x61,0x70,0x3d,0x22,0x72,0x6f,0x75,
  0x6e,0x64,0x22,0x20,0x73,0x74,0x72,0x6f,0x6b,0x65,0x2d,0x6c,0x69,0x6e,0x65,0x6a,
  0x6f,0x69,0x6e,0x3d,0x22,0x72,0x6f,0x75,0x6e,0x64,0x22,0x20,0x63,0x6c,0x61,0x73,
  0x73,0x3d,0x22,0x66,0x65,0x61,0x74,0x68,0x65,0x72,0x20,0x66,0x65,0x61,0x74,0x68,
  0x65,0x72,0x2d,0x74,0x6f,0x67,0x67,0x6c,0x65,0x2d,0x6c,0x65,0x66,0x74,0x22,0x3e,
  0x3c,0x72,0x65,0x63,0x74,0x20,0x78,0x3d,0x22,0x31,0x22,0x20,0x79,0x3d,0x22,0x35,
  0x22,0x20,0x77,0x69,0x64,0x74,0x68,0x3d,0x22,0x32,0x32,0x22,0x20,0x68,0x65,0x69,
  0x67,0x68,0x74,0x3d,0x22,0x31,0x34,0x22,0x20,0x72,0x78,0x3d,0x22,0x37,0x22,0x20,
  0x72,0x79,0x3d,0x22,0x37,0x22,0x3e,0x3c,0x2f,0x72,0x65,0x63,0x74,0x3e,0x3c,0x63,
  0x69,0x72,0x63,0x6c,0x65,0x20,0x63,0x78,0x3d,0x22,0x38,0x22,0x20,0x63,0x79,0x3d,
  0x22,0x31,0x32,0x22,0x20,0x72,0x3d,0x22,0x33,0x22,0x3e,0x3c,0x2f,0x63,0x69,0x72,
  0x63,0x6c,0x65,0x3e,0x3c,0x2f,0x73,0x76,0x67,0x3e,
    // smartphone.svg
  0x0,0x0,0x1,0x44,
  0x3c,
  0x73,0x76,0x67,0x20,0x78,0x6d,0x6c,0x6e,0x73,0x3d,0x22,0x68,0x74,0x74,0x70,0x3a,
  0x2f,0x2f,0x77,0x77,0x77,0x2e,0x77,0x33,0x2e,0x6f,0x72,0x67,0x2f,0x32,0x30,0x30,
  0x30,0x2f,0x73,0x76,0x67,0x22,0x20,0x77,0x69,0x64,0x74,0x68,0x3d,0x22,0x32,0x34,
  0x22,0x20,0x68,0x65,0x69,0x67,0x68,0x74,0x3d,0x22,0x32,0x34,0x22,0x20,0x76,0x69,
  0x65,0x77,0x42,0x6f,0x78,0x3d,0x22,0x30,0x20,0x30,0x20,0x32,0x34,0x20,0x32,0x34,
  0x22,0x20,0x66,0x69,0x6c,0x6c,0x3d,0x22,0x6e,0x6f,0x6e,0x65,0x22,0x20,0x73,0x74,
  0x72,0x6f,0x6b,0x65,0x3d,0x22,0x23,0x66,0x66,0x66,0x22,0x20,0x73,0x74,0x72,0x6f,
  0x6b,0x65,0x2d,0x77,0x69,0x64,0x74,0x68,0x3d,0x22,0x32,0x22,0x20,0x73,0x74,0x72,
  0x6f,0x6b,0x65,0x2d,0x6c,0x69,0x6e,0x65,0x63,0x61,0x70,0x3d,0x22,0x72,0x6f,0x75,
  0x6e,0x64,0x22,0x20,0x73,0x74,0x72,0x6f,0x6b,0x65,0x2d,0x6c,0x69,0x6e,0x65,0x6a,
  0x6f,0x69,0x6e,0x3d,0x22,0x72,0x6f,0x75,0x6e,0x64,0x22,0x20,0x63,0x6c,0x61,0x73,
  0x73,0x3d,0x22,0x66,0x65,0x61,0x74,0x68,0x65,0x72,0x20,0x66,0x65,0x61,0x74,0x68,
  0x65,0x72,0x2d,0x73,0x6d,0x61,0x72,0x74,0x70,0x68,0x6f,0x6e,0x65,0x22,0x3e,0x3c,
  0x72,0x65,0x63,0x74,0x20,0x78,0x3d,0x22,0x35,0x22,0x20,0x79,0x3d,0x22,0x32,0x22,
  0x20,0x77,0x69,0x64,0x74,0x68,0x3d,0x22,0x31,0x34,0x22,0x20,0x68,0x65,0x69,0x67,
  0x68,0x74,0x3d,0x22,0x32,0x30,0x22,0x20,0x72,0x78,0x3d,0x22,0x32,0x22,0x20,0x72,
  0x79,0x3d,0x22,0x32,0x22,0x3e,0x3c,0x2f,0x72,0x65,0x63,0x74,0x3e,0x3c,0x6c,0x69,
  0x6e,0x65,0x20,0x78,0x31,0x3d,0x22,0x31,0x32,0x22,0x20,0x79,0x31,0x3d,0x22,0x31,
  0x38,0x22,0x20,0x78,0x32,0x3d,0x22,0x31,0x32,0x2e,0x30,0x31,0x22,0x20,0x79,0x32,
  0x3d,0x22,0x31,0x38,0x22,0x3e,0x3c,0x2f,0x6c,0x69,0x6e,0x65,0x3e,0x3c,0x2f,0x73,
  0x76,0x67,0x3e,
    // eye-off.svg
  0x0,0x0,0x1,0xc4,
  0x3c,
  0x73,0x76,0x67,0x20,0x78,0x6d,0x6c,0x6e,0x73,0x3d,0x22,0x68,0x74,0x74,0x70,0x3a,
  0x2f,0x2f,0x77,0x77,0x77,0x2e,0x77,0x33,0x2e,0x6f,0x72,0x67,0x2f,0x32,0x30,0x30,
  0x30,0x2f,0x73,0x76,0x67,0x22,0x20,0x77,0x69,0x64,0x74,0x68,0x3d,0x22,0x32,0x34,
  0x22,0x20,0x68,0x65,0x69,0x67,0x68,0x74,0x3d,0x22,0x32,0x34,0x22,0x20,0x76,0x69,
  0x65,0x77,0x42,0x6f,0x78,0x3d,0x22,0x30,0x20,0x30,0x20,0x32,0x34,0x20,0x32,0x34,
  0x22,0x20,0x66,0x69,0x6c,0x6c,0x3d,0x22,0x6e,0x6f,0x6e,0x65,0x22,0x20,0x73,0x74,
  0x72,0x6f,0x6b,0x65,0x3d,0x22,0x23,0x66,0x66,0x66,0x22,0x20,0x73,0x74,0x72,0x6f,
  0x6b,0x65,0x2d,0x77,0x69,0x64,0x74,0x68,0x3d,0x22,0x32,0x22,0x20,0x73,0x74,0x72,
  0x6f,0x6b,0x65,0x2d,0x6c,0x69,0x6e,0x65,0x63,0x61,0x70,0x3d,0x22,0x72,0x6f,0x75,
  0x6e,0x64,0x22,0x20,0x73,0x74,0x72,0x6f,0x6b,0x65,0x2d,0x6c,0x69,0x6e,0x65,0x6a,
  0x6f,0x69,0x6e,0x3d,0x22,0x72,0x6f,0x75,0x6e,0x64,0x22,0x20,0x63,0x6c,0x61,0x73,
  0x73,0x3d,0x22,0x66,0x65,0x61,0x74,0x68,0x65,0x72,0x20,0x66,0x65,0x61,0x74,0x68,
  0x65,0x72,0x2d,0x65,0x79,0x65,0x2d,0x6f,0x66,0x66,0x22,0x3e,0x3c,0x70,0x61,0x74,
  0x68,0x20,0x64,0x3d,0x22,0x4d,0x31,0x37,0x2e,0x39,0x34,0x20,0x31,0x37,0x2e,0x39,
  0x34,0x41,0x31,0x30,0x2e,0x30,0x37,0x20,0x31,0x30,0x2e,0x30,0x37,0x20,0x30,0x20,
  0x30,0x20,0x31,0x20,0x31,0x32,0x20,0x32,0x30,0x63,0x2d,0x37,0x20,0x30,0x2d,0x31,
  0x31,0x2d,0x38,0x2d,0x31,0x31,0x2d,0x38,0x61,0x31,0x38,0x2e,0x34,0x35,0x20,0x31,
  0x38,0x2e,0x34,0x35,0x20,0x30,0x20,0x30,0x20,0x31,0x20,0x35,0x2e,0x30,0x36,0x2d,
  0x35,0x2e,0x39,0x34,0x4d,0x39,0x2e,0x39,0x20,0x34,0x2e,0x32,0x34,0x41,0x39,0x2e,
  0x31,0x32,0x20,0x39,0x2e,0x31,0x32,0x20,0x30,0x20,0x30,0x20,0x31,0x20,0x31,0x32,
  0x20,0x34,0x63,0x37,0x20,0x30,0x20,0x31,0x31,0x20,0x38,0x20,0x31,0x31,0x20,0x38,
  0x61,0x31,0x38,0x2e,0x35,0x20,0x31,0x38,0x2e,0x35,0x20,0x30,0x20,0x30,0x20,0x31,
  0x2d,0x32,0x2e,0x31,0x36,0x20,0x33,0x2e,0x31,0x39,0x6d,0x2d,0x36,0x2e,0x37,0x32,
  0x2d,0x31,0x2e,0x30,0x37,0x61,0x33,0x20,0x33,0x20,0x30,0x20,0x31,0x20,0x31,0x2d,
  0x34,0x2e,0x32,0x34,0x2d,0x34,0x2e,0x32,0x34,0x22,0x3e,0x3c,0x2f,0x70,0x61,0x74,
  0x68,0x3e,0x3c,0x6c,0x69,0x6e,0x65,0x20,0x78,0x31,0x3d,0x22,0x31,0x22,0x20,0x79,
  0x31,0x3d,0x22,0x31,0x22,0x20,0x78,0x32,0x3d,0x22,0x32,0x33,0x22,0x20,0x79,0x32,
  0x3d,0x22,0x32,0x33,0x22,0x3e,0x3c,0x2f,0x6c,0x69,0x6e,0x65,0x3e,0x3c,0x2f,0x73,
  0x76,0x67,0x3e,
    // feather.svg
  0x0,0x0,0x1,0x6d,
  0x3c,
  0x73,0x76,0x67,0x20,0x78,0x6d,0x6c,0x6e,0x73,0x3d,0x22,0x68,0x74,0x74,0x70,0x3a,
  0x2f,0x2f,0x77,0x77,0x77,0x2e,0x77,0x33,0x2e,0x6f,0x72,0x67,0x2f,0x32,0x30,0x30,
  0x30,0x2f,0x73,0x76,0x67,0x22,0x20,0x77,0x69,0x64,0x74,0x68,0x3d,0x22,0x32,0x34,
  0x22,0x20,0x68,0x65,0x69,0x67,0x68,0x74,0x3d,0x22,0x32,0x34,0x22,0x20,0x76,0x69,
  0x65,0x77,0x42,0x6f,0x78,0x3d,0x22,0x30,0x20,0x30,0x20,0x32,0x34,0x20,0x32,0x34,
  0x22,0x20,0x66,0x69,0x6c,0x6c,0x3d,0x22,0x6e,0x6f,0x6e,0x65,0x22,0x20,0x73,0x74,
  0x72,0x6f,0x6b,0x65,0x3d,0x22,0x23,0x66,0x66,0x66,0x22,0x20,0x73,0x74,0x72,0x6f,
  0x6b,0x65,0x2d,0x77,0x69,0x64,0x74,0x68,0x3d,0x22,0x32,0x22,0x20,0x73,0x74,0x72,
  0x6f,0x6b,0x65,0x2d,0x6c,0x69,0x6e,0x65,0x63,0x61,0x70,0x3d,0x22,0x72,0x6f,0x75,
  0x6e,0x64,0x22,0x20,0x73,0x74,0x72,0x6f,0x6b,0x65,0x2d,0x6c,0x69,0x6e,0x65,0x6a,
  0x6f,0x69,0x6e,0x3d,0x22,0x72,0x6f,0x75,0x6e,0x64,0x22,0x20,0x63,0x6c,0x61,0x73,
  0x73,0x3d,0x22,0x66,0x65,0x61,0x74,0x68,0x65,0x72,0x20,0x66,0x65,0x61,0x74,0x68,
  0x65,0x72,0x2d,0x66,0x65,0x61,0x74,0x68,0x65,0x72,0x22,0x3e,0x3c,0x70,0x61,0x74,
  0x68,0x20,0x64,0x3d,0x22,0x4d,0x32,0x30,0x2e,0x32,0x34,0x20,0x31,0x32,0x2e,0x32,
  0x34,0x61,0x36,0x20,0x36,0x20,0x30,0x20,0x30,0x20,0x30,0x2d,0x38,0x2e,0x34,0x39,
  0x2d,0x38,0x2e,0x34,0x39,0x4c,0x35,0x20,0x31,0x30,0x2e,0x35,0x56,0x31,0x39,0x68,
  0x38,0x2e,0x35,0x7a,0x22,0x3e,0x3c,0x2f,0x70,0x61,0x74,0x68,0x3e,0x3c,0x6c,0x69,
  0x6e,0x65,0x20,0x78,0x31,0x3d,0x22,0x31,0x36,0x22,0x20,0x79,0x31,0x3d,0x22,0x38,
  0x22,0x20,0x78,0x32,0x3d,0x22,0x32,0x22,0x20,0x79,0x32,0x3d,0x22,0x32,0x32,0x22,
  0x3e,0x3c,0x2f,0x6c,0x69,0x6e,0x65,0x3e,0x3c,0x6c,0x69,0x6e,0x65,0x20,0x78,0x31,
  0x3d,0x22,0x31,0x37,0x2e,0x35,0x22,0x20,0x79,0x31,0x3d,0x22,0x31,0x35,0x22,0x20,
  0x78,0x32,0x3d,0x22,0x39,0x22,0x20,0x79,0x32,0x3d,0x22,0x31,0x35,0x22,0x3e,0x3c,
  0x2f,0x6c,0x69,0x6e,0x65,0x3e,0x3c,0x2f,0x73,0x76,0x67,0x3e,
    // rewind.svg
  0x0,0x0,0x1,0x37,
  0x3c,
  0x73,0x76,0x67,0x20,0x78,0x6d,0x6c,0x6e,0x73,0x3d,0x22,0x68,0x74,0x74,0x70,0x3a,
  0x2f,0x2f,0x77,0x77,0x77,0x2e,0x77,0x33,0x2e,0x6f,0x72,0x67,0x2f,0x32,0x30,0x30,
  0x30,0x2f,0x73,0x76,0x67,0x22,0x20,0x77,0x69,0x64,0x74,0x68,0x3d,0x22,0x32,0x34,
  0x22,0x20,0x68,0x65,0x69,0x67,0x68,0x74,0x3d,0x22,0x32,0x34,0x22,0x20,0x76,0x69,
  0x65,0x77,0x42,0x6f,0x78,0x3d,0x22,0x30,0x20,0x30,0x20,0x32,0x34,0x20,0x32,0x34,
  0x22,0x20,0x66,0x69,0x6c,0x6c,0x3d,0x22,0x6e,0x6f,0x6e,0x65,0x22,0x20,0x73,0x74,
  0x72,0x6f,0x6b,0x65,0x3d,0x22,0x23,0x66,0x66,0x66,0x22,0x20,0x73,0x74,0x72,0x6f,
  0x6b,0x65,0x2d,0x77,0x69,0x64,0x74,0x68,0x3d,0x22,0x32,0x22,0x20,0x73,0x74,0x72,
  0x6f,0x6b,0x65,0x2d,0x6c,0x69,0x6e,0x65,0x63,0x61,0x70,0x3d,0x22,0x72,0x6f,0x75,
  0x6e,0x64,0x22,0x20,0x73,0x74,0x72,0x6f,0x6b,0x65,0x2d,0x6c,0x69,0x6e,0x65,0x6a,
  0x6f,0x69,0x6e,0x3d,0x22,0x72,0x6f,0x75,0x6e,0x64,0x22,0x20,0x63,0x6c,0x61,0x73,
  0x73,0x3d,0x22,0x66,0x65,0x61,0x74,0x68,0x65,0x72,0x20,0x66,0x65,0x61,0x74,0x68,
  0x65,0x72,0x2d,0x72,0x65,0x77,0x69,0x6e,0x64,0x22,0x3e,0x3c,0x70,0x6f,0x6c,0x79,
  0x67,0x6f,0x6e,0x20,0x70,0x6f,0x69,0x6e,0x74,0x73,0x3d,0x22,0x31,0x31,0x20,0x31,
  0x39,0x20,0x32,0x20,0x31,0x32,0x20,0x31,0x31,0x20,0x35,0x20,0x31,0x31,0x20,0x31,
  0x39,0x22,0x3e,0x3c,0x2f,0x70,0x6f,0x6c,0x79,0x67,0x6f,0x6e,0x3e,0x3c,0x70,0x6f,
  0x6c,0x79,0x67,0x6f,0x6e,0x20,0x70,0x6f,0x69,0x6e,0x74,0x73,0x3d,0x22,0x32,0x32,
  0x20,0x31,0x39,0x20,0x31,0x33,0x20,0x31,0x32,0x20,0x32,0x32,0x20,0x35,0x20,0x32,
  0x32,0x20,0x31,0x39,0x22,0x3e,0x3c,0x2f,0x70,0x6f,0x6c,0x79,0x67,0x6f,0x6e,0x3e,
  0x3c,0x2f,0x73,0x76,0x67,0x3e,
    // cast.svg
  0x0,0x0,0x1,0x7b,
  0x3c,
  0x73,0x76,0x67,0x20,0x78,0x6d,0x6c,0x6e,0x73,0x3d,0x22,0x68,0x74,0x74,0x70,0x3a,
  0x2f,0x2f,0x77,0x77,0x77,0x2e,0x77,0x33,0x2e,0x6f,0x72,0x67,0x2f,0x32,0x30,0x30,
  0x30,0x2f,0x73,0x76,0x67,0x22,0x20,0x77,0x69,0x64,0x74,0x68,0x3d,0x22,0x32,0x34,
  0x22,0x20,0x68,0x65,0x69,0x67,0x68,0x74,0x3d,0x22,0x32,0x34,0x22,0x20,0x76,0x69,
  0x65,0x77,0x42,0x6f,0x78,0x3d,0x22,0x30,0x20,0x30,0x20,0x32,0x34,0x20,0x32,0x34,
  0x22,0x20,0x66,0x69,0x6c,0x6c,0x3d,0x22,0x6e,0x6f,0x6e,0x65,0x22,0x20,0x73,0x74,
  0x72,0x6f,0x6b,0x65,0x3d,0x22,0x23,0x66,0x66,0x66,0x22,0x20,0x73,0x74,0x72,0x6f,
  0x6b,0x65,0x2d,0x77,0x69,0x64,0x74,0x68,0x3d,0x22,0x32,0x22,0x20,0x73,0x74,0x72,
  0x6f,0x6b,0x65,0x2d,0x6c,0x69,0x6e,0x65,0x63,0x61,0x70,0x3d,0x22,0x72,0x6f,0x75,
  0x6e,0x64,0x22,0x20,0x73,0x74,0x72,0x6f,0x6b,0x65,0x2d,0x6c,0x69,0x6e,0x65,0x6a,
  0x6f,0x69,0x6e,0x3d,0x22,0x72,0x6f,0x75,0x6e,0x64,0x22,0x20,0x63,0x6c,0x61,0x73,
  0x73,0x3d,0x22,0x66,0x65,0x61,0x74,0x68,0x65,0x72,0x20,0x66,0x65,0x61,0x74,0x68,
  0x65,0x72,0x2d,0x63,0x61,0x73,0x74,0x22,0x3e,0x3c,0x70,0x61,0x74,0x68,0x20,0x64,
  0x3d,0x22,0x4d,0x32,0x20,0x31,0x36,0x2e,0x31,0x41,0x35,0x20,0x35,0x20,0x30,0x20,
  0x30,0x20,0x31,0x20,0x35,0x2e,0x39,0x20,0x32,0x30,0x4d,0x32,0x20,0x31,0x32,0x2e,
  0x30,0x35,0x41,0x39,0x20,0x39,0x20,0x30,0x20,0x30,0x20,0x31,0x20,0x39,0x2e,0x39,
  0x35,0x20,0x32,0x30,0x4d,0x32,0x20,0x38,0x56,0x36,0x61,0x32,0x20,0x32,0x20,0x30,
  0x20,0x30,0x20,0x31,0x20,0x32,0x2d,0x32,0x68,0x31,0x36,0x61,0x32,0x20,0x32,0x20,
  0x30,0x20,0x30,0x20,0x31,0x20,0x32,0x20,0x32,0x76,0x31,0x32,0x61,0x32,0x20,0x32,
  0x20,0x30,0x20,0x30,0x20,0x31,0x2d,0x32,0x20,0x32,0x68,0x2d,0x36,0x22,0x3e,0x3c,
  0x2f,0x70,0x61,0x74,0x68,0x3e,0x3c,0x6c,0x69,0x6e,0x65,0x20,0x78,0x31,0x3d,0x22,
  0x32,0x22,0x20,0x79,0x31,0x3d,0x22,0x32,0x30,0x22,0x20,0x78,0x32,0x3d,0x22,0x32,
  0x2e,0x30,0x31,0x22,0x20,0x79,0x32,0x3d,0x22,0x32,0x30,0x22,0x3e,0x3c,0x2f,0x6c,
  0x69,0x6e,0x65,0x3e,0x3c,0x2f,0x73,0x76,0x67,0x3e,
    // arrow-down.svg
  0x0,0x0,0x1,0x31,
  0x3c,
  0x73,0x76,0x67,0x20,0x78,0x6d,0x6c,0x6e,0x73,0x3d,0x22,0x68,0x74,0x74,0x70,0x3a,
  0x2f,0x2f,0x77,0x77,0x77,0x2e,0x77,0x33,0x2e,0x6f,0x72,0x67,0x2f,0x32,0x30,0x30,
  0x30,0x2f,0x73,0x76,0x67,0x22,0x20,0x77,0x69,0x64,0x74,0x68,0x3d,0x22,0x32,0x34,
  0x22,0x20,0x68,0x65,0x69,0x67,0x68,0x74,0x3d,0x22,0x32,0x34,0x22,0x20,0x76,0x69,
  0x65,0x77,0x42,0x6f,0x78,0x3d,0x22,0x30,0x20,0x30,0x20,0x32,0x34,0x20,0x32,0x34,
  0x22,0x20,0x66,0x69,0x6c,0x6c,0x3d,0x22,0x6e,0x6f,0x6e,0x65,0x22,0x20,0x73,0x74,
  0x72,0x6f,0x6b,0x65,0x3d,0x22,0x23,0x66,0x66,0x66,0x22,0x20,0x73,0x74,0x72,0x6f,
  0x6b,0x65,0x2d,0x77,0x69,0x64,0x74,0x68,0x3d,0x22,0x32,0x22,0x20,0x73,0x74,0x72,
  0x6f,0x6b,0x65,0x2d,0x6c,0x69,0x6e,0x65,0x63,0x61,0x70,0x3d,0x22,0x72,0x6f,0x75,
  0x6e,0x64,0x22,0x20,0x73,0x74,0x72,0x6f,0x6b,0x65,0x2d,0x6c,0x69,0x6e,0x65,0x6a,
  0x6f,0x69,0x6e,0x3d,0x22,0x72,0x6f,0x75,0x6e,0x64,0x22,0x20,0x63,0x6c,0x61,0x73,
  0x73,0x3d,0x22,0x66,0x65,0x61,0x74,0x68,0x65,0x72,0x20,0x66,0x65,0x61,0x74,0x68,
  0x65,0x72,0x2d,0x61,0x72,0x72,0x6f,0x77,0x2d,0x64,0x6f,0x77,0x6e,0x22,0x3e,0x3c,
  0x6c,0x69,0x6e,0x65,0x20,0x78,0x31,0x3d,0x22,0x31,0x32,0x22,0x20,0x79,0x31,0x3d,
  0x22,0x35,0x22,0x20,0x78,0x32,0x3d,0x22,0x31,0x32,0x22,0x20,0x79,0x32,0x3d,0x22,
  0x31,0x39,0x22,0x3e,0x3c,0x2f,0x6c,0x69,0x6e,0x65,0x3e,0x3c,0x70,0x6f,0x6c,0x79,
  0x6c,0x69,0x6e,0x65,0x20,0x70,0x6f,0x69,0x6e,0x74,0x73,0x3d,0x22,0x31,0x39,0x20,
  0x31,0x32,0x20,0x31,0x32,0x20,0x31,0x39,0x20,0x35,0x20,0x31,0x32,0x22,0x3e,0x3c,
  0x2f,0x70,0x6f,0x6c,0x79,0x6c,0x69,0x6e,0x65,0x3e,0x3c,0x2f,0x73,0x76,0x67,0x3e,
  
    // cloud-drizzle.svg
  0x0,0x0,0x2,0x25,
  0x3c,
  0x73,0x76,0x67,0x20,0x78,0x6d,0x6c,0x6e,0x73,0x3d,0x22,0x68,0x74,0x74,0x70,0x3a,
  0x2f,0x2f,0x77,0x77,0x77,0x2e,0x77,0x33,0x2e,0x6f,0x72,0x67,0x2f,0x32,0x30,0x30,
  0x30,0x2f,0x73,0x76,0x67,0x22,0x20,0x77,0x69,0x64,0x74,0x68,0x3d,0x22,0x32,0x34,
  0x22,0x20,0x68,0x65,0x69,0x67,0x68,0x74,0x3d,0x22,0x32,0x34,0x22,0x20,0x76,0x69,
  0x65,0x77,0x42,0x6f,0x78,0x3d,0x22,0x30,0x20,0x30,0x20,0x32,0x34,0x20,0x32,0x34,
  0x22,0x20,0x66,0x69,0x6c,0x6c,0x3d,0x22,0x6e,0x6f,0x6e,0x65,0x22,0x20,0x73,0x74,
  0x72,0x6f,0x6b,0x65,0x3d,0x22,0x23,0x66,0x66,0x66,0x22,0x20,0x73,0x74,0x72,0x6f,
  0x6b,0x65,0x2d,0x77,0x69,0x64,0x74,0x68,0x3d,0x22,0x32,0x22,0x20,0x73,0x74,0x72,
  0x6f,0x6b,0x65,0x2d,0x6c,0x69,0x6e,0x65,0x63,0x61,0x70,0x3d,0x22,0x72,0x6f,0x75,
  0x6e,0x64,0x22,0x20,0x73,0x74,0x72,0x6f,0x6b,0x65,0x2d,0x6c,0x69,0x6e,0x65,0x6a,
  0x6f,0x69,0x6e,0x3d,0x22,0x72,0x6f,0x75,0x6e,0x64,0x22,0x20,0x63,0x6c,0x61,0x73,
  0x73,0x3d,0x22,0x66,0x65,0x61,0x74,0x68,0x65,0x72,0x20,0x66,0x65,0x61,0x74,0x68,
  0x65,0x72,0x2d,0x63,0x6c,0x6f,0x75,0x64,0x2d,0x64,0x72,0x69,0x7a,0x7a,0x6c,0x65,
  0x22,0x3e,0x3c,0x6c,0x69,0x6e,0x65,0x20,0x78,0x31,0x3d,0x22,0x38,0x22,0x20,0x79,
  0x31,0x3d,0x22,0x31,0x39,0x22,0x20,0x78,0x32,0x3d,0x22,0x38,0x22,0x20,0x79,0x32,
  0x3d,0x22,0x32,0x31,0x22,0x3e,0x3c,0x2f,0x6c,0x69,0x6e,0x65,0x3e,0x3c,0x6c,0x69,
  0x6e,0x65,0x20,0x78,0x31,0x3d,0x22,0x38,0x22,0x20,0x79,0x31,0x3d,0x22,0x31,0x33,
  0x22,0x20,0x78,0x32,0x3d,0x22,0x38,0x22,0x20,0x79,0x32,0x3d,0x22,0x31,0x35,0x22,
  0x3e,0x3c,0x2f,0x6c,0x69,0x6e,0x65,0x3e,0x3c,0x6c,0x69,0x6e,0x65,0x20,0x78,0x31,
  0x3d,0x22,0x31,0x36,0x22,0x20,0x79,0x31,0x3d,0x22,0x31,0x39,0x22,0x20,0x78,0x32,
  0x3d,0x22,0x31,0x36,0x22,0x20,0x79,0x32,0x3d,0x22,0x32,0x31,0x22,0x3e,0x3c,0x2f,
  0x6c,0x69,0x6e,0x65,0x3e,0x3c,0x6c,0x69,0x6e,0x65,0x20,0x78,0x31,0x3d,0x22,0x31,
  0x36,0x22,0x20,0x79,0x31,0x3d,0x22,0x31,0x33,0x22,0x20,0x78,0x32,0x3d,0x22,0x31,
  0x36,0x22,0x20,0x79,0x32,0x3d,0x22,0x31,0x35,0x22,0x3e,0x3c,0x2f,0x6c,0x69,0x6e,
  0x65,0x3e,0x3c,0x6c,0x69,0x6e,0x65,0x20,0x78,0x31,0x3d,0x22,0x31,0x32,0x22,0x20,
  0x79,0x31,0x3d,0x22,0x32,0x31,0x22,0x20,0x78,0x32,0x3d,0x22,0x31,0x32,0x22,0x20,
  0x79,0x32,0x3d,0x22,0x32,0x33,0x22,0x3e,0x3c,0x2f,0x6c,0x69,0x6e,0x65,0x3e,0x3c,
  0x6c,0x69,0x6e,0x65,0x20,0x78,0x31,0x3d,0x22,0x31,0x32,0x22,0x20,0x79,0x31,0x3d,
  0x22,0x31,0x35,0x22,0x20,0x78,0x32,0x3d,0x22,0x31,0x32,0x22,0x20,0x79,0x32,0x3d,
  0x22,0x31,0x37,0x22,0x3e,0x3c,0x2f,0x6c,0x69,0x6e,0x65,0x3e,0x3c,0x70,0x61,0x74,
  0x68,0x20,0x64,0x3d,0x22,0x4d,0x32,0x30,0x20,0x31,0x36,0x2e,0x35,0x38,0x41,0x35,
  0x20,0x35,0x20,0x30,0x20,0x30,0x20,0x30,0x20,0x31,0x38,0x20,0x37,0x68,0x2d,0x31,
  0x2e,0x32,0x36,0x41,0x38,0x20,0x38,0x20,0x30,0x20,0x31,0x20,0x30,0x20,0x34,0x20,
  0x31,0x35,0x2e,0x32,0x35,0x22,0x3e,0x3c,0x2f,0x70,0x61,0x74,0x68,0x3e,0x3c,0x2f,
  0x73,0x76,0x67,0x3e,
    // git-merge.svg
  0x0,0x0,0x1,0x48,
  0x3c,
  0x73,0x76,0x67,0x20,0x78,0x6d,0x6c,0x6e,0x73,0x3d,0x22,0x68,0x74,0x74,0x70,0x3a,
  0x2f,0x2f,0x77,0x77,0x77,0x2e,0x77,0x33,0x2e,0x6f,0x72,0x67,0x2f,0x32,0x30,0x30,
  0x30,0x2f,0x73,0x76,0x67,0x22,0x20,0x77,0x69,0x64,0x74,0x68,0x3d,0x22,0x32,0x34,
  0x22,0x20,0x68,0x65,0x69,0x67,0x68,0x74,0x3d,0x22,0x32,0x34,0x22,0x20,0x76,0x69,
  0x65,0x77,0x42,0x6f,0x78,0x3d,0x22,0x30,0x20,0x30,0x20,0x32,0x34,0x20,0x32,0x34,
  0x22,0x20,0x66,0x69,0x6c,0x6c,0x3d,0x22,0x6e,0x6f,0x6e,0x65,0x22,0x20,0x73,0x74,
  0x72,0x6f,0x6b,0x65,0x3d,0x22,0x23,0x66,0x66,0x66,0x22,0x20,0x73,0x74,0x72,0x6f,
  0x6b,0x65,0x2d,0x77,0x69,0x64,0x74,0x68,0x3d,0x22,0x32,0x22,0x20,0x73,0x74,0x72,
  0x6f,0x6b,0x65,0x2d,0x6c,0x69,0x6e,0x65,0x63,0x61,0x70,0x3d,0x22,0x72,0x6f,0x75,
  0x6e,0x64,0x22,0x20,0x73,0x74,0x72,0x6f,0x6b,0x65,0x2d,0x6c,0x69,0x6e,0x65,0x6a,
  0x6f,0x69,0x6e,0x3d,0x22,0x72,0x6f,0x75,0x6e,0x64,0x22,0x20,0x63,0x6c,0x61,0x73,
  0x73,0x3d,0x22,0x66,0x65,0x61,0x74,0x68,0x65,0x72,0x20,0x66,0x65,0x61,0x74,0x68,
  0x65,0x72,0x2d,0x67,0x69,0x74,0x2d,0x6d,0x65,0x72,0x67,0x65,0x22,0x3e,0x3c,0x63,
  0x69,0x72,0x63,0x6c,0x65,0x20,0x63,0x78,0x3d,0x22,0x31,0x38,0x22,0x20,0x63,0x79,
  0x3d,0x22,0x31,0x38,0x22,0x20,0x72,0x3d,0x22,0x33,0x22,0x3e,0x3c,0x2f,0x63,0x69,
  0x72,0x63,0x6c,0x65,0x3e,0x3c,0x63,0x69,0x72,0x63,0x6c,0x65,0x20,0x63,0x78,0x3d,
  0x22,0x36,0x22,0x20,0x63,0x79,0x3d,0x22,0x36,0x22,0x20,0x72,0x3d,0x22,0x33,0x22,
  0x3e,0x3c,0x2f,0x63,0x69,0x72,0x63,0x6c,0x65,0x3e,0x3c,0x70,0x61,0x74,0x68,0x20,
  0x64,0x3d,0x22,0x4d,0x36,0x20,0x32,0x31,0x56,0x39,0x61,0x39,0x20,0x39,0x20,0x30,
  0x20,0x30,0x20,0x30,0x20,0x39,0x20,0x39,0x22,0x3e,0x3c,0x2f,0x70,0x61,0x74,0x68,
  0x3e,0x3c,0x2f,0x73,0x76,0x67,0x3e,
    // life-buoy.svg
  0x0,0x0,0x2,0x37,
  0x3c,
  0x73,0x76,0x67,0x20,0x78,0x6d,0x6c,0x6e,0x73,0x3d,0x22,0x68,0x74,0x74,0x70,0x3a,
  0x2f,0x2f,0x77,0x77,0x77,0x2e,0x77,0x33,0x2e,0x6f,0x72,0x67,0x2f,0x32,0x30,0x30,
  0x30,0x2f,0x73,0x76,0x67,0x22,0x20,0x77,0x69,0x64,0x74,0x68,0x3d,0x22,0x32,0x34,
  0x22,0x20,0x68,0x65,0x69,0x67,0x68,0x74,0x3d,0x22,0x32,0x34,0x22,0x20,0x76,0x69,
  0x65,0x77,0x42,0x6f,0x78,0x3d,0x22,0x30,0x20,0x30,0x20,0x32,0x34,0x20,0x32,0x34,
  0x22,0x20,0x66,0x69,0x6c,0x6c,0x3d,0x22,0x6e,0x6f,0x6e,0x65,0x22,0x20,0x73,0x74,
  0x72,0x6f,0x6b,0x65,0x3d,0x22,0x23,0x66,0x66,0x66,0x22,0x20,0x73,0x74,0x72,0x6f,
  0x6b,0x65,0x2d,0x77,0x69,0x64,0x74,0x68,0x3d,0x22,0x32,0x22,0x20,0x73,0x74,0x72,
  0x6f,0x6b,0x65,0x2d,0x6c,0x69,0x6e,0x65,0x63,0x61,0x70,0x3d,0x22,0x72,0x6f,0x75,
  0x6e,0x64,0x22,0x20,0x73,0x74,0x72,0x6f,0x6b,0x65,0x2d,0x6c,0x69,0x6e,0x65,0x6a,
  0x6f,0x69,0x6e,0x3d,0x22,0x72,0x6f,0x75,0x6e,0x64,0x22,0x20,0x63,0x6c,0x61,0x73,
  0x73,0x3d,0x22,0x66,0x65,0x61,0x74,0x68,0x65,0x72,0x20,0x66,0x65,0x61,0x74,0x68,
  0x65,0x72,0x2d,0x6c,0x69,0x66,0x65,0x2d,0x62,0x75,0x6f,0x79,0x22,0x3e,0x3c,0x63,
  0x69,0x72,0x63,0x6c,0x65,0x20,0x63,0x78,0x3d,0x22,0x31,0x32,0x22,0x20,0x63,0x79,
  0x3d,0x22,0x31,0x32,0x22,0x20,0x72,0x3d,0x22,0x31,0x30,0x22,0x3e,0x3c,0x2f,0x63,
  0x69,0x72,0x63,0x6c,0x65,0x3e,0x3c,0x63,0x69,0x72,0x63,0x6c,0x65,0x20,0x63,0x78,
  0x3d,0x22,0x31,0x32,0x22,0x20,0x63,0x79,0x3d,0x22,0x31,0x32,0x22,0x20,0x72,0x3d,
  0x22,0x34,0x22,0x3e,0x3c,0x2f,0x63,0x69,0x72,0x63,0x6c,0x65,0x3e,0x3c,0x6c,0x69,
  0x6e,0x65,0x20,0x78,0x31,0x3d,0x22,0x34,0x2e,0x39,0x33,0x22,0x20,0x79,0x31,0x3d,
  0x22,0x34,0x2e,0x39,0x33,0x22,0x20,0x78,0x32,0x3d,0x22,0x39,0x2e,0x31,0x37,0x22,
  0x20,0x79,0x32,0x3d,0x22,0x39,0x2e,0x31,0x37,0x22,0x3e,0x3c,0x2f,0x6c,0x69,0x6e,
  0x65,0x3e,0x3c,0x6c,0x69,0x6e,0x65,0x20,0x78,0x31,0x3d,0x22,0x31,0x34,0x2e,0x38,
  0x33,0x22,0x20,0x79,0x31,0x3d,0x22,0x31,0x34,0x2e,0x38,0x33,0x22,0x20,0x78,0x32,
  0x3d,0x22,0x31,0x39,0x2e,0x30,0x37,0x22,0x20,0x79,0x32,0x3d,0x22,0x31,0x39,0x2e,
  0x30,0x37,0x22,0x3e,0x3c,0x2f,0x6c,0x69,0x6e,0x65,0x3e,0x3c,0x6c,0x69,0x6e,0x65,
  0x20,0x78,0x31,0x3d,0x22,0x31,0x34,0x2e,0x38,0x33,0x22,0x20,0x79,0x31,0x3d,0x22,
  0x39,0x2e,0x31,0x37,0x22,0x20,0x78,0x32,0x3d,0x22,0x31,0x39,0x2e,0x30,0x37,0x22,
  0x20,0x79,0x32,0x3d,0x22,0x34,0x2e,0x39,0x33,0x22,0x3e,0x3c,0x2f,0x6c,0x69,0x6e,
  0x65,0x3e,0x3c,0x6c,0x69,0x6e,0x65,0x20,0x78,0x31,0x3d,0x22,0x31,0x34,0x2e,0x38,
  0x33,0x22,0x20,0x79,0x31,0x3d,0x22,0x39,0x2e,0x31,0x37,0x22,0x20,0x78,0x32,0x3d,
  0x22,0x31,0x38,0x2e,0x33,0x36,0x22,0x20,0x79,0x32,0x3d,0x22,0x35,0x2e,0x36,0x34,
  0x22,0x3e,0x3c,0x2f,0x6c,0x69,0x6e,0x65,0x3e,0x3c,0x6c,0x69,0x6e,0x65,0x20,0x78,
  0x31,0x3d,0x22,0x34,0x2e,0x39,0x33,0x22,0x20,0x79,0x31,0x3d,0x22,0x31,0x39,0x2e,
  0x30,0x37,0x22,0x20,0x78,0x32,0x3d,0x22,0x39,0x2e,0x31,0x37,0x22,0x20,0x79,0x32,
  0x3d,0x22,0x31,0x34,0x2e,0x38,0x33,0x22,0x3e,0x3c,0x2f,0x6c,0x69,0x6e,0x65,0x3e,
  0x3c,0x2f,0x73,0x76,0x67,0x3e,
    // code.svg
  0x0,0x0,0x1,0x2b,
  0x3c,
  0x73,0x76,0x67,0x20,0x78,0x6d,0x6c,0x6e,0x73,0x3d,0x22,0x68,0x74,0x74,0x70,0x3a,
  0x2f,0x2f,0x77,0x77,0x77,0x2e,0x77,0x33,0x2e,0x6f,0x72,0x67,0x2f,0x32,0x30,0x30,
  0x30,0x2f,0x73,0x76,0x67,0x22,0x20,0x77,0x69,0x64,0x74,0x68,0x3d,0x22,0x32,0x34,
  0x22,0x20,0x68,0x65,0x69,0x67,0x68,0x74,0x3d,0x22,0x32,0x34,0x22,0x20,0x76,0x69,
  0x65,0x77,0x42,0x6f,0x78,0x3d,0x22,0x30,0x20,0x30,0x20,0x32,0x34,0x20,0x32,0x34,
  0x22,0x20,0x66,0x69,0x6c,0x6c,0x3d,0x22,0x6e,0x6f,0x6e,0x65,0x22,0x20,0x73,0x74,
  0x72,0x6f,0x6b,0x65,0x3d,0x22,0x23,0x66,0x66,0x66,0x22,0x20,0x73,0x74,0x72,0x6f,
  0x6b,0x65,0x2d,0x77,0x69,0x64,0x74,0x68,0x3d,0x22,0x32,0x22,0x20,0x73,0x74,0x72,
  0x6f,0x6b,0x65,0x2d,0x6c,0x69,0x6e,0x65,0x63,0x61,0x70,0x3d,0x22,0x72,0x6f,0x75,
  0x6e,0x64,0x22,0x20,0x73,0x74,0x72,0x6f,0x6b,0x65,0x2d,0x6c,0x69,0x6e,0x65,0x6a,
  0x6f,0x69,0x6e,0x3d,0x22,0x72,0x6f,0x75,0x6e,0x64,0x22,0x20,0x63,0x6c,0x61,0x73,
  0x73,0x3d,0x22,0x66,0x65,0x61,0x74,0x68,0x65,0x72,0x20,0x66,0x65,0x61,0x74,0x68,
  0x65,0x72,0x2d,0x63,0x6f,0x64,0x65,0x22,0x3e,0x3c,0x70,0x6f,0x6c,0x79,0x6c,0x69,
  0x6e,0x65,0x20,0x70,0x6f,0x69,0x6e,0x74,0x73,0x3d,0x22,0x31,0x36,0x20,0x31,0x38,
  0x20,0x32,0x32,0x20,0x31,0x32,0x20,0x31,0x36,0x20,0x36,0x22,0x3e,0x3c,0x2f,0x70,
  0x6f,0x6c,0x79,0x6c,0x69,0x6e,0x65,0x3e,0x3c,0x70,0x6f,0x6c,0x79,0x6c,0x69,0x6e,
  0x65,0x20,0x70,0x6f,0x69,0x6e,0x74,0x73,0x3d,0x22,0x38,0x20,0x36,0x20,0x32,0x20,
  0x31,0x32,0x20,0x38,0x20,0x31,0x38,0x22,0x3e,0x3c,0x2f,0x70,0x6f,0x6c,0x79,0x6c,
  0x69,0x6e,0x65,0x3e,0x3c,0x2f,0x73,0x76,0x67,0x3e,
    // list.svg
  0x0,0x0,0x1,0xda,
  0x3c,
  0x73,0x76,0x67,0x20,0x78,0x6d,0x6c,0x6e,0x73,0x3d,0x22,0x68,0x74,0x74,0x70,0x3a,
  0x2f,0x2f,0x77,0x77,0x77,0x2e,0x77,0x33,0x2e,0x6f,0x72,0x67,0x2f,0x32,0x30,0x30,
  0x30,0x2f,0x73,0x76,0x67,0x22,0x20,0x77,0x69,0x64,0x74,0x68,0x3d,0x22,0x32,0x34,
  0x22,0x20,0x68,0x65,0x69,0x67,0x68,0x74,0x3d,0x22,0x32,0x34,0x22,0x20,0x76,0x69,
  0x65,0x77,0x42,0x6f,0x78,0x3d,0x22,0x30,0x20,0x30,0x20,0x32,0x34,0x20,0x32,0x34,
  0x22,0x20,0x66,0x69,0x6c,0x6c,0x3d,0x22,0x6e,0x6f,0x6e,0x65,0x22,0x20,0x73,0x74,
  0x72,0x6f,0x6b,0x65,0x3d,0x22,0x23,0x66,0x66,0x66,0x22,0x20,0x73,0x74,0x72,0x6f,
  0x6b,0x65,0x2d,0x77,0x69,0x64,0x74,0x68,0x3d,0x22,0x32,0x22,0x20,0x73,0x74,0x72,
  0x6f,0x6b,0x65,0x2d,0x6c,0x69,0x6e,0x65,0x63,0x61,0x70,0x3d,0x22,0x72,0x6f,0x75,
  0x6e,0x64,0x22,0x20,0x73,0x74,0x72,0x6f,0x6b,0x65,0x2d,0x6c,0x69,0x6e,0x65,0x6a,
  0x6f,0x69,0x6e,0x3d,0x22,0x72,0x6f,0x75,0x6e,0x64,0x22,0x20,0x63,0x6c,0x61,0x73,
  0x73,0x3d,0x22,0x66,0x65,0x61,0x74,0x68,0x65,0x72,0x20,0x66,0x65,0x61,0x74,0x68,
  0x65,0x72,0x2d,0x6c,0x69,0x73,0x74,0x22,0x3e,0x3c,0x6c,0x69,0x6e,0x65,0x20,0x78,
  0x31,0x3d,0x22,0x38,0x22,0x20,0x79,0x31,0x3d,0x22,0x36,0x22,0x20,0x78,0x32,0x3d,
  0x22,0x32,0x31,0x22,0x20,0x79,0x32,0x3d,0x22,0x36,0x22,0x3e,0x3c,0x2f,0x6c,0x69,
  0x6e,0x65,0x3e,0x3c,0x6c,0x69,0x6e,0x65,0x20,0x78,0x31,0x3d,0x22,0x38,0x22,0x20,
  0x79,0x31,0x3d,0x22,0x31,0x32,0x22,0x20,0x78,0x32,0x3d,0x22,0x32,0x31,0x22,0x20,
  0x79,0x32,0x3d,0x22,0x31,0x32,0x22,0x3e,0x3c,0x2f,0x6c,0x69,0x6e,0x65,0x3e,0x3c,
  0x6c,0x69,0x6e,0x65,0x20,0x78,0x31,0x3d,0x22,0x38,0x22,0x20,0x79,0x31,0x3d,0x22,
  0x31,0x38,0x22,0x20,0x78,0x32,0x3d,0x22,0x32,0x31,0x22,0x20,0x79,0x32,0x3d,0x22,
  0x31,0x38,0x22,0x3e,0x3c,0x2f,0x6c,0x69,0x6e,0x65,0x3e,0x3c,0x6c,0x69,0x6e,0x65,
  0x20,0x78,0x31,0x3d,0x22,0x33,0x22,0x20,0x79,0x31,0x3d,0x22,0x36,0x22,0x20,0x78,
  0x32,0x3d,0x22,0x33,0x2e,0x30,0x31,0x22,0x20,0x79,0x32,0x3d,0x22,0x36,0x22,0x3e,
  0x3c,0x2f,0x6c,0x69,0x6e,0x65,0x3e,0x3c,0x6c,0x69,0x6e,0x65,0x20,0x78,0x31,0x3d,
  0x22,0x33,0x22,0x20,0x79,0x31,0x3d,0x22,0x31,0x32,0x22,0x20,0x78,0x32,0x3d,0x22,
  0x33,0x2e,0x30,0x31,0x22,0x20,0x79,0x32,0x3d,0x22,0x31,0x32,0x22,0x3e,0x3c,0x2f,
  0x6c,0x69,0x6e,0x65,0x3e,0x3c,0x6c,0x69,0x6e,0x65,0x20,0x78,0x31,0x3d,0x22,0x33,
  0x22,0x20,0x79,0x31,0x3d,0x22,0x31,0x38,0x22,0x20,0x78,0x32,0x3d,0x22,0x33,0x2e,
  0x30,0x31,0x22,0x20,0x79,0x32,0x3d,0x22,0x31,0x38,0x22,0x3e,0x3c,0x2f,0x6c,0x69,
  0x6e,0x65,0x3e,0x3c,0x2f,0x73,0x76,0x67,0x3e,
    // type.svg
  0x0,0x0,0x1,0x58,
  0x3c,
  0x73,0x76,0x67,0x20,0x78,0x6d,0x6c,0x6e,0x73,0x3d,0x22,0x68,0x74,0x74,0x70,0x3a,
  0x2f,0x2f,0x77,0x77,0x77,0x2e,0x77,0x33,0x2e,0x6f,0x72,0x67,0x2f,0x32,0x30,0x30,
  0x30,0x2f,0x73,0x76,0x67,0x22,0x20,0x77,0x69,0x64,0x74,0x68,0x3d,0x22,0x32,0x34,
  0x22,0x20,0x68,0x65,0x69,0x67,0x68,0x74,0x3d,0x22,0x32,0x34,0x22,0x20,0x76,0x69,
  0x65,0x77,0x42,0x6f,0x78,0x3d,0x22,0x30,0x20,0x30,0x20,0x32,0x34,0x20,0x32,0x34,
  0x22,0x20,0x66,0x69,0x6c,0x6c,0x3d,0x22,0x6e,0x6f,0x6e,0x65,0x22,0x20,0x73,0x74,
  0x72,0x6f,0x6b,0x65,0x3d,0x22,0x23,0x66,0x66,0x66,0x22,0x20,0x73,0x74,0x72,0x6f,
  0x6b,0x65,0x2d,0x77,0x69,0x64,0x74,0x68,0x3d,0x22,0x32,0x22,0x20,0x73,0x74,0x72,
  0x6f,0x6b,0x65,0x2d,0x6c,0x69,0x6e,0x65,0x63,0x61,0x70,0x3d,0x22,0x72,0x6f,0x75,
  0x6e,0x64,0x22,0x20,0x73,0x74,0x72,0x6f,0x6b,0x65,0x2d,0x6c,0x69,0x6e,0x65,0x6a,
  0x6f,0x69,0x6e,0x3d,0x22,0x72,0x6f,0x75,0x6e,0x64,0x22,0x20,0x63,0x6c,0x61,0x73,
  0x73,0x3d,0x22,0x66,0x65,0x61,0x74,0x68,0x65,0x72,0x20,0x66,0x65,0x61,0x74,0x68,
  0x65,0x72,0x2d,0x74,0x79,0x70,0x65,0x22,0x3e,0x3c,0x70,0x6f,0x6c,0x79,0x6c,0x69,
  0x6e,0x65,0x20,0x70,0x6f,0x69,0x6e,0x74,0x73,0x3d,0x22,0x34,0x20,0x37,0x20,0x34,
  0x20,0x34,0x20,0x32,0x30,0x20,0x34,0x20,0x32,0x30,0x20,0x37,0x22,0x3e,0x3c,0x2f,
  0x70,0x6f,0x6c,0x79,0x6c,0x69,0x6e,0x65,0x3e,0x3c,0x6c,0x69,0x6e,0x65,0x20,0x78,
  0x31,0x3d,0x22,0x39,0x22,0x20,0x79,0x31,0x3d,0x22,0x32,0x30,0x22,0x20,0x78,0x32,
  0x3d,0x22,0x31,0x35,0x22,0x20,0x79,0x32,0x3d,0x22,0x32,0x30,0x22,0x3e,0x3c,0x2f,
  0x6c,0x69,0x6e,0x65,0x3e,0x3c,0x6c,0x69,0x6e,0x65,0x20,0x78,0x31,0x3d,0x22,0x31,
  0x32,0x22,0x20,0x79,0x31,0x3d,0x22,0x34,0x22,0x20,0x78,0x32,0x3d,0x22,0x31,0x32,
  0x22,0x20,0x79,0x32,0x3d,0x22,0x32,0x30,0x22,0x3e,0x3c,0x2f,0x6c,0x69,0x6e,0x65,
  0x3e,0x3c,0x2f,0x73,0x76,0x67,0x3e,
    // more-horizontal.svg
  0x0,0x0,0x1,0x4f,
  0x3c,
  0x73,0x76,0x67,0x20,0x78,0x6d,0x6c,0x6e,0x73,0x3d,0x22,0x68,0x74,0x74,0x70,0x3a,
  0x2f,0x2f,0x77,0x77,0x77,0x2e,0x77,0x33,0x2e,0x6f,0x72,0x67,0x2f,0x32,0x30,0x30,
  0x30,0x2f,0x73,0x76,0x67,0x22,0x20,0x77,0x69,0x64,0x74,0x68,0x3d,0x22,0x32,0x34,
  0x22,0x20,0x68,0x65,0x69,0x67,0x68,0x74,0x3d,0x22,0x32,0x34,0x22,0x20,0x76,0x69,
  0x65,0x77,0x42,0x6f,0x78,0x3d,0x22,0x30,0x20,0x30,0x20,0x32,0x34,0x20,0x32,0x34,
  0x22,0x20,0x66,0x69,0x6c,0x6c,0x3d,0x22,0x6e,0x6f,0x6e,0x65,0x22,0x20,0x73,0x74,
  0x72,0x6f,0x6b,0x65,0x3d,0x22,0x23,0x66,0x66,0x66,0x22,0x20,0x73,0x74,0x72,0x6f,
  0x6b,0x65,0x2d,0x77,0x69,0x64,0x74,0x68,0x3d,0x22,0x32,0x22,0x20,0x73,0x74,0x72,
  0x6f,0x6b,0x65,0x2d,0x6c,0x69,0x6e,0x65,0x63,0x61,0x70,0x3d,0x22,0x72,0x6f,0x75,
  0x6e,0x64,0x22,0x20,0x73,0x74,0x72,0x6f,0x6b,0x65,0x2d,0x6c,0x69,0x6e,0x65,0x6a,
  0x6f,0x69,0x6e,0x3d,0x22,0x72,0x6f,0x75,0x6e,0x64,0x22,0x20,0x63,0x6c,0x61,0x73,
  0x73,0x3d,0x22,0x66,0x65,0x61,0x74,0x68,0x65,0x72,0x20,0x66,0x65,0x61,0x74,0x68,
  0x65,0x72,0x2d,0x6d,0x6f,0x72,0x65,0x2d,0x68,0x6f,0x72,0x69,0x7a,0x6f,0x6e,0x74,
  0x61,0x6c,0x22,0x3e,0x3c,0x63,0x69,0x72,0x63,0x6c,0x65,0x20,0x63,0x78,0x3d,0x22,
  0x31,0x32,0x22,0x20,0x63,0x79,0x3d,0x22,0x31,0x32,0x22,0x20,0x72,0x3d,0x22,0x31,
  0x22,0x3e,0x3c,0x2f,0x63,0x69,0x72,0x63,0x6c,0x65,0x3e,0x3c,0x63,0x69,0x72,0x63,
  0x6c,0x65,0x20,0x63,0x78,0x3d,0x22,0x31,0x39,0x22,0x20,0x63,0x79,0x3d,0x22,0x31,
  0x32,0x22,0x20,0x72,0x3d,0x22,0x31,0x22,0x3e,0x3c,0x2f,0x63,0x69,0x72,0x63,0x6c,
  0x65,0x3e,0x3c,0x63,0x69,0x72,0x63,0x6c,0x65,0x20,0x63,0x78,0x3d,0x22,0x35,0x22,
  0x20,0x63,0x79,0x3d,0x22,0x31,0x32,0x22,0x20,0x72,0x3d,0x22,0x31,0x22,0x3e,0x3c,
  0x2f,0x63,0x69,0x72,0x63,0x6c,0x65,0x3e,0x3c,0x2f,0x73,0x76,0x67,0x3e,
    // crop.svg
  0x0,0x0,0x1,0x2e,
  0x3c,
  0x73,0x76,0x67,0x20,0x78,0x6d,0x6c,0x6e,0x73,0x3d,0x22,0x68,0x74,0x74,0x70,0x3a,
  0x2f,0x2f,0x77,0x77,0x77,0x2e,0x77,0x33,0x2e,0x6f,0x72,0x67,0x2f,0x32,0x30,0x30,
  0x30,0x2f,0x73,0x76,0x67,0x22,0x20,0x77,0x69,0x64,0x74,0x68,0x3d,0x22,0x32,0x34,
  0x22,0x20,0x68,0x65,0x69,0x67,0x68,0x74,0x3d,0x22,0x32,0x34,0x22,0x20,0x76,0x69,
  0x65,0x77,0x42,0x6f,0x78,0x3d,0x22,0x30,0x20,0x30,0x20,0x32,0x34,0x20,0x32,0x34,
  0x22,0x20,0x66,0x69,0x6c,0x6c,0x3d,0x22,0x6e,0x6f,0x6e,0x65,0x22,0x20,0x73,0x74,
  0x72,0x6f,0x6b,0x65,0x3d,0x22,0x23,0x66,0x66,0x66,0x22,0x20,0x73,0x74,0x72,0x6f,
  0x6b,0x65,0x2d,0x77,0x69,0x64,0x74,0x68,0x3d,0x22,0x32,0x22,0x20,0x73,0x74,0x72,
  0x6f,0x6b,0x65,0x2d,0x6c,0x69,0x6e,0x65,0x63,0x61,0x70,0x3d,0x22,0x72,0x6f,0x75,
  0x6e,0x64,0x22,0x20,0x73,0x74,0x72,0x6f,0x6b,0x65,0x2d,0x6c,0x69,0x6e,0x65,0x6a,
  0x6f,0x69,0x6e,0x3d,0x22,0x72,0x6f,0x75,0x6e,0x64,0x22,0x20,0x63,0x6c,0x61,0x73,
  0x73,0x3d,0x22,0x66,0x65,0x61,0x74,0x68,0x65,0x72,0x20,0x66,0x65,0x61,0x74,0x68,
  0x65,0x72,0x2d,0x63,0x72,0x6f,0x70,0x22,0x3e,0x3c,0x70,0x61,0x74,0x68,0x20,0x64,
  0x3d,0x22,0x4d,0x36,0x2e,0x31,0x33,0x20,0x31,0x4c,0x36,0x20,0x31,0x36,0x61,0x32,
  0x20,0x32,0x20,0x30,0x20,0x30,0x20,0x30,0x20,0x32,0x20,0x32,0x68,0x31,0x35,0x22,
  0x3e,0x3c,0x2f,0x70,0x61,0x74,0x68,0x3e,0x3c,0x70,0x61,0x74,0x68,0x20,0x64,0x3d,
  0x22,0x4d,0x31,0x20,0x36,0x2e,0x31,0x33,0x4c,0x31,0x36,0x20,0x36,0x61,0x32,0x20,
  0x32,0x20,0x30,0x20,0x30,0x20,0x31,0x20,0x32,0x20,0x32,0x76,0x31,0x35,0x22,0x3e,
  0x3c,0x2f,0x70,0x61,0x74,0x68,0x3e,0x3c,0x2f,0x73,0x76,0x67,0x3e,
    // unlock.svg
  0x0,0x0,0x1,0x3a,
  0x3c,
  0x73,0x76,0x67,0x20,0x78,0x6d,0x6c,0x6e,0x73,0x3d,0x22,0x68,0x74,0x74,0x70,0x3a,
  0x2f,0x2f,0x77,0x77,0x77,0x2e,0x77,0x33,0x2e,0x6f,0x72,0x67,0x2f,0x32,0x30,0x30,
  0x30,0x2f,0x73,0x76,0x67,0x22,0x20,0x77,0x69,0x64,0x74,0x68,0x3d,0x22,0x32,0x34,
  0x22,0x20,0x68,0x65,0x69,0x67,0x68,0x74,0x3d,0x22,0x32,0x34,0x22,0x20,0x76,0x69,
  0x65,0x77,0x42,0x6f,0x78,0x3d,0x22,0x30,0x20,0x30,0x20,0x32,0x34,0x20,0x32,0x34,
  0x22,0x20,0x66,0x69,0x6c,0x6c,0x3d,0x22,0x6e,0x6f,0x6e,0x65,0x22,0x20,0x73,0x74,
  0x72,0x6f,0x6b,0x65,0x3d,0x22,0x23,0x66,0x66,0x66,0x22,0x20,0x73,0x74,0x72,0x6f,
  0x6b,0x65,0x2d,0x77,0x69,0x64,0x74,0x68,0x3d,0x22,0x32,0x22,0x20,0x73,0x74,0x72,
  0x6f,0x6b,0x65,0x2d,0x6c,0x69,0x6e,0x65,0x63,0x61,0x70,0x3d,0x22,0x72,0x6f,0x75,
  0x6e,0x64,0x22,0x20,0x73,0x74,0x72,0x6f,0x6b,0x65,0x2d,0x6c,0x69,0x6e,0x65,0x6a,
  0x6f,0x69,0x6e,0x3d,0x22,0x72,0x6f,0x75,0x6e,0x64,0x22,0x20,0x63,0x6c,0x61,0x73,
  0x73,0x3d,0x22,0x66,0x65,0x61,0x74,0x68,0x65,0x72,0x20,0x66,0x65,0x61,0x74,0x68,
  0x65,0x72,0x2d,0x75,0x6e,0x6c,0x6f,0x63,0x6b,0x22,0x3e,0x3c,0x72,0x65,0x63,0x74,
  0x20,0x78,0x3d,0x22,0x33,0x22,0x20,0x79,0x3d,0x22,0x31,0x31,0x22,0x20,0x77,0x69,
  0x64,0x74,0x68,0x3d,0x22,0x31,0x38,0x22,0x20,0x68,0x65,0x69,0x67,0x68,0x74,0x3d,
  0x22,0x31,0x31,0x22,0x20,0x72,0x78,0x3d,0x22,0x32,0x22,0x20,0x72,0x79,0x3d,0x22,
  0x32,0x22,0x3e,0x3c,0x2f,0x72,0x65,0x63,0x74,0x3e,0x3c,0x70,0x61,0x74,0x68,0x20,
  0x64,0x3d,0x22,0x4d,0x37,0x20,0x31,0x31,0x56,0x37,0x61,0x35,0x20,0x35,0x20,0x30,
  0x20,0x30,0x20,0x31,0x20,0x39,0x2e,0x39,0x2d,0x31,0x22,0x3e,0x3c,0x2f,0x70,0x61,
  0x74,0x68,0x3e,0x3c,0x2f,0x73,0x76,0x67,0x3e,
    // minus-circle.svg
  0x0,0x0,0x1,0x2c,
  0x3c,
  0x73,0x76,0x67,0x20,0x78,0x6d,0x6c,0x6e,0x73,0x3d,0x22,0x68,0x74,0x74,0x70,0x3a,
  0x2f,0x2f,0x77,0x77,0x77,0x2e,0x77,0x33,0x2e,0x6f,0x72,0x67,0x2f,0x32,0x30,0x30,
  0x30,0x2f,0x73,0x76,0x67,0x22,0x20,0x77,0x69,0x64,0x74,0x68,0x3d,0x22,0x32,0x34,
  0x22,0x20,0x68,0x65,0x69,0x67,0x68,0x74,0x3d,0x22,0x32,0x34,0x22,0x20,0x76,0x69,
  0x65,0x77,0x42,0x6f,0x78,0x3d,0x22,0x30,0x20,0x30,0x20,0x32,0x34,0x20,0x32,0x34,
  0x22,0x20,0x66,0x69,0x6c,0x6c,0x3d,0x22,0x6e,0x6f,0x6e,0x65,0x22,0x20,0x73,0x74,
  0x72,0x6f,0x6b,0x65,0x3d,0x22,0x23,0x66,0x66,0x66,0x22,0x20,0x73,0x74,0x72,0x6f,
  0x6b,0x65,0x2d,0x77,0x69,0x64,0x74,0x68,0x3d,0x22,0x32,0x22,0x20,0x73,0x74,0x72,
  0x6f,0x6b,0x65,0x2d,0x6c,0x69,0x6e,0x65,0x63,0x61,0x70,0x3d,0x22,0x72,0x6f,0x75,
  0x6e,0x64,0x22,0x20,0x73,0x74,0x72,0x6f,0x6b,0x65,0x2d,0x6c,0x69,0x6e,0x65,0x6a,
  0x6f,0x69,0x6e,0x3d,0x22,0x72,0x6f,0x75,0x6e,0x64,0x22,0x20,0x63,0x6c,0x61,0x73,
  0x73,0x3d,0x22,0x66,0x65,0x61,0x74,0x68,0x65,0x72,0x20,0x66,0x65,0x61,0x74,0x68,
  0x65,0x72,0x2d,0x6d,0x69,0x6e,0x75,0x73,0x2d,0x63,0x69,0x72,0x63,0x6c,0x65,0x22,
  0x3e,0x3c,0x63,0x69,0x72,0x63,0x6c,0x65,0x20,0x63,0x78,0x3d,0x22,0x31,0x32,0x22,
  0x20,0x63,0x79,0x3d,0x22,0x31,0x32,0x22,0x20,0x72,0x3d,0x22,0x31,0x30,0x22,0x3e,
  0x3c,0x2f,0x63,0x69,0x72,0x63,0x6c,0x65,0x3e,0x3c,0x6c,0x69,0x6e,0x65,0x20,0x78,
  0x31,0x3d,0x22,0x38,0x22,0x20,0x79,0x31,0x3d,0x22,0x31,0x32,0x22,0x20,0x78,0x32,
  0x3d,0x22,0x31,0x36,0x22,0x20,0x79,0x32,0x3d,0x22,0x31,0x32,0x22,0x3e,0x3c,0x2f,
  0x6c,0x69,0x6e,0x65,0x3e,0x3c,0x2f,0x73,0x76,0x67,0x3e,
    // chrome.svg
  0x0,0x0,0x1,0xb8,
  0x3c,
  0x73,0x76,0x67,0x20,0x78,0x6d,0x6c,0x6e,0x73,0x3d,0x22,0x68,0x74,0x74,0x70,0x3a,
  0x2f,0x2f,0x77,0x77,0x77,0x2e,0x77,0x33,0x2e,0x6f,0x72,0x67,0x2f,0x32,0x30,0x30,
  0x30,0x2f,0x73,0x76,0x67,0x22,0x20,0x77,0x69,0x64,0x74,0x68,0x3d,0x22,0x32,0x34,
  0x22,0x20,0x68,0x65,0x69,0x67,0x68,0x74,0x3d,0x22,0x32,0x34,0x22,0x20,0x76,0x69,
  0x65,0x77,0x42,0x6f,0x78,0x3d,0x22,0x30,0x20,0x30,0x20,0x32,0x34,0x20,0x32,0x34,
  0x22,0x20,0x66,0x69,0x6c,0x6c,0x3d,0x22,0x6e,0x6f,0x6e,0x65,0x22,0x20,0x73,0x74,
  0x72,0x6f,0x6b,0x65,0x3d,0x22,0x23,0x66,0x66,0x66,0x22,0x20,0x73,0x74,0x72,0x6f,
  0x6b,0x65,0x2d,0x77,0x69,0x64,0x74,0x68,0x3d,0x22,0x32,0x22,0x20,0x73,0x74,0x72,
  0x6f,0x6b,0x65,0x2d,0x6c,0x69,0x6e,0x65,0x63,0x61,0x70,0x3d,0x22,0x72,0x6f,0x75,
  0x6e,0x64,0x22,0x20,0x73,0x74,0x72,0x6f,0x6b,0x65,0x2d,0x6c,0x69,0x6e,0x65,0x6a,
  0x6f,0x69,0x6e,0x3d,0x22,0x72,0x6f,0x75,0x6e,0x64,0x22,0x20,0x63,0x6c,0x61,0x73,
  0x73,0x3d,0x22,0x66,0x65,0x61,0x74,0x68,0x65,0x72,0x20,0x66,0x65,0x61,0x74,0x68,
  0x65,0x72,0x2d,0x63,0x68,0x72,0x6f,0x6d,0x65,0x22,0x3e,0x3c,0x63,0x69,0x72,0x63,
  0x6c,0x65,0x20,0x63,0x78,0x3d,0x22,0x31,0x32,0x22,0x20,0x63,0x79,0x3d,0x22,0x31,
  0x32,0x22,0x20,0x72,0x3d,0x22,0x31,0x30,0x22,0x3e,0x3c,0x2f,0x63,0x69,0x72,0x63,
  0x6c,0x65,0x3e,0x3c,0x63,0x69,0x72,0x63,0x6c,0x65,0x20,0x63,0x78,0x3d,0x22,0x31,
  0x32,0x22,0x20,0x63,0x79,0x3d,0x22,0x31,0x32,0x22,0x20,0x72,0x3d,0x22,0x34,0x22,
  0x3e,0x3c,0x2f,0x63,0x69,0x72,0x63,0x6c,0x65,0x3e,0x3c,0x6c,0x69,0x6e,0x65,0x20,
  0x78,0x31,0x3d,0x22,0x32,0x31,0x2e,0x31,0x37,0x22,0x20,0x79,0x31,0x3d,0x22,0x38,
  0x22,0x20,0x78,0x32,0x3d,0x22,0x31,0x32,0x22,0x20,0x79,0x32,0x3d,0x22,0x38,0x22,
  0x3e,0x3c,0x2f,0x6c,0x69,0x6e,0x65,0x3e,0x3c,0x6c,0x69,0x6e,0x65,0x20,0x78,0x31,
  0x3d,0x22,0x33,0x2e,0x39,0x35,0x22,0x20,0x79,0x31,0x3d,0x22,0x36,0x2e,0x30,0x36,
  0x22,0x20,0x78,0x32,0x3d,0x22,0x38,0x2e,0x35,0x34,0x22,0x20,0x79,0x32,0x3d,0x22,
  0x31,0x34,0x22,0x3e,0x3c,0x2f,0x6c,0x69,0x6e,0x65,0x3e,0x3c,0x6c,0x69,0x6e,0x65,
  0x20,0x78,0x31,0x3d,0x22,0x31,0x30,0x2e,0x38,0x38,0x22,0x20,0x79,0x31,0x3d,0x22,
  0x32,0x31,0x2e,0x39,0x34,0x22,0x20,0x78,0x32,0x3d,0x22,0x31,0x35,0x2e,0x34,0x36,
  0x22,0x20,0x79,0x32,0x3d,0x22,0x31,0x34,0x22,0x3e,0x3c,0x2f,0x6c,0x69,0x6e,0x65,
  0x3e,0x3c,0x2f,0x73,0x76,0x67,0x3e,
    // command.svg
  0x0,0x0,0x1,0x9d,
  0x3c,
  0x73,0x76,0x67,0x20,0x78,0x6d,0x6c,0x6e,0x73,0x3d,0x22,0x68,0x74,0x74,0x70,0x3a,
  0x2f,0x2f,0x77,0x77,0x77,0x2e,0x77,0x33,0x2e,0x6f,0x72,0x67,0x2f,0x32,0x30,0x30,
  0x30,0x2f,0x73,0x76,0x67,0x22,0x20,0x77,0x69,0x64,0x74,0x68,0x3d,0x22,0x32,0x34,
  0x22,0x20,0x68,0x65,0x69,0x67,0x68,0x74,0x3d,0x22,0x32,0x34,0x22,0x20,0x76,0x69,
  0x65,0x77,0x42,0x6f,0x78,0x3d,0x22,0x30,0x20,0x30,0x20,0x32,0x34,0x20,0x32,0x34,
  0x22,0x20,0x66,0x69,0x6c,0x6c,0x3d,0x22,0x6e,0x6f,0x6e,0x65,0x22,0x20,0x73,0x74,
  0x72,0x6f,0x6b,0x65,0x3d,0x22,0x23,0x66,0x66,0x66,0x22,0x20,0x73,0x74,0x72,0x6f,
  0x6b,0x65,0x2d,0x77,0x69,0x64,0x74,0x68,0x3d,0x22,0x32,0x22,0x20,0x73,0x74,0x72,
  0x6f,0x6b,0x65,0x2d,0x6c,0x69,0x6e,0x65,0x63,0x61,0x70,0x3d,0x22,0x72,0x6f,0x75,
  0x6e,0x64,0x22,0x20,0x73,0x74,0x72,0x6f,0x6b,0x65,0x2d,0x6c,0x69,0x6e,0x65,0x6a,
  0x6f,0x69,0x6e,0x3d,0x22,0x72,0x6f,0x75,0x6e,0x64,0x22,0x20,0x63,0x6c,0x61,0x73,
  0x73,0x3d,0x22,0x66,0x65,0x61,0x74,0x68,0x65,0x72,0x20,0x66,0x65,0x61,0x74,0x68,
  0x65,0x72,0x2d,0x63,0x6f,0x6d,0x6d,0x61,0x6e,0x64,0x22,0x3e,0x3c,0x70,0x61,0x74,
  0x68,0x20,0x64,0x3d,0x22,0x4d,0x31,0x38,0x20,0x33,0x61,0x33,0x20,0x33,0x20,0x30,
  0x20,0x30,0x20,0x30,0x2d,0x33,0x20,0x33,0x76,0x31,0x32,0x61,0x33,0x20,0x33,0x20,
  0x30,0x20,0x30,0x20,0x30,0x20,0x33,0x20,0x33,0x20,0x33,0x20,0x33,0x20,0x30,0x20,
  0x30,0x20,0x30,0x20,0x33,0x2d,0x33,0x20,0x33,0x20,0x33,0x20,0x30,0x20,0x30,0x20,
  0x30,0x2d,0x33,0x2d,0x33,0x48,0x36,0x61,0x33,0x20,0x33,0x20,0x30,0x20,0x30,0x20,
  0x30,0x2d,0x33,0x20,0x33,0x20,0x33,0x20,0x33,0x20,0x30,0x20,0x30,0x20,0x30,0x20,
  0x33,0x20,0x33,0x20,0x33,0x20,0x33,0x20,0x30,0x20,0x30,0x20,0x30,0x20,0x33,0x2d,
  0x33,0x56,0x36,0x61,0x33,0x20,0x33,0x20,0x30,0x20,0x30,0x20,0x30,0x2d,0x33,0x2d,
  0x33,0x20,0x33,0x20,0x33,0x20,0x30,0x20,0x30,0x20,0x30,0x2d,0x33,0x20,0x33,0x20,
  0x33,0x20,0x33,0x20,0x30,0x20,0x30,0x20,0x30,0x20,0x33,0x20,0x33,0x68,0x31,0x32,
  0x61,0x33,0x20,0x33,0x20,0x30,0x20,0x30,0x20,0x30,0x20,0x33,0x2d,0x33,0x20,0x33,
  0x20,0x33,0x20,0x30,0x20,0x30,0x20,0x30,0x2d,0x33,0x2d,0x33,0x7a,0x22,0x3e,0x3c,
  0x2f,0x70,0x61,0x74,0x68,0x3e,0x3c,0x2f,0x73,0x76,0x67,0x3e,
    // video.svg
  0x0,0x0,0x1,0x41,
  0x3c,
  0x73,0x76,0x67,0x20,0x78,0x6d,0x6c,0x6e,0x73,0x3d,0x22,0x68,0x74,0x74,0x70,0x3a,
  0x2f,0x2f,0x77,0x77,0x77,0x2e,0x77,0x33,0x2e,0x6f,0x72,0x67,0x2f,0x32,0x30,0x30,
  0x30,0x2f,0x73,0x76,0x67,0x22,0x20,0x77,0x69,0x64,0x74,0x68,0x3d,0x22,0x32,0x34,
  0x22,0x20,0x68,0x65,0x69,0x67,0x68,0x74,0x3d,0x22,0x32,0x34,0x22,0x20,0x76,0x69,
  0x65,0x77,0x42,0x6f,0x78,0x3d,0x22,0x30,0x20,0x30,0x20,0x32,0x34,0x20,0x32,0x34,
  0x22,0x20,0x66,0x69,0x6c,0x6c,0x3d,0x22,0x6e,0x6f,0x6e,0x65,0x22,0x20,0x73,0x74,
  0x72,0x6f,0x6b,0x65,0x3d,0x22,0x23,0x66,0x66,0x66,0x22,0x20,0x73,0x74,0x72,0x6f,
  0x6b,0x65,0x2d,0x77,0x69,0x64,0x74,0x68,0x3d,0x22,0x32,0x22,0x20,0x73,0x74,0x72,
  0x6f,0x6b,0x65,0x2d,0x6c,0x69,0x6e,0x65,0x63,0x61,0x70,0x3d,0x22,0x72,0x6f,0x75,
  0x6e,0x64,0x22,0x20,0x73,0x74,0x72,0x6f,0x6b,0x65,0x2d,0x6c,0x69,0x6e,0x65,0x6a,
  0x6f,0x69,0x6e,0x3d,0x22,0x72,0x6f,0x75,0x6e,0x64,0x22,0x20,0x63,0x6c,0x61,0x73,
  0x73,0x3d,0x22,0x66,0x65,0x61,0x74,0x68,0x65,0x72,0x20,0x66,0x65,0x61,0x74,0x68,
  0x65,0x72,0x2d,0x76,0x69,0x64,0x65,0x6f,0x22,0x3e,0x3c,0x70,0x6f,0x6c,0x79,0x67,
  0x6f,0x6e,0x20,0x70,0x6f,0x69,0x6e,0x74,0x73,0x3d,0x22,0x32,0x33,0x20,0x37,0x20,
  0x31,0x36,0x20,0x31,0x32,0x20,0x32,0x33,0x20,0x31,0x37,0x20,0x32,0x33,0x20,0x37,
  0x22,0x3e,0x3c,0x2f,0x70,0x6f,0x6c,0x79,0x67,0x6f,0x6e,0x3e,0x3c,0x72,0x65,0x63,
  0x74,0x20,0x78,0x3d,0x22,0x31,0x22,0x20,0x79,0x3d,0x22,0x35,0x22,0x20,0x77,0x69,
  0x64,0x74,0x68,0x3d,0x22,0x31,0x35,0x22,0x20,0x68,0x65,0x69,0x67,0x68,0x74,0x3d,
  0x22,0x31,0x34,0x22,0x20,0x72,0x78,0x3d,0x22,0x32,0x22,0x20,0x72,0x79,0x3d,0x22,
  0x32,0x22,0x3e,0x3c,0x2f,0x72,0x65,0x63,0x74,0x3e,0x3c,0x2f,0x73,0x76,0x67,0x3e,
  
    // award.svg
  0x0,0x0,0x1,0x3d,
  0x3c,
  0x73,0x76,0x67,0x20,0x78,0x6d,0x6c,0x6e,0x73,0x3d,0x22,0x68,0x74,0x74,0x70,0x3a,
  0x2f,0x2f,0x77,0x77,0x77,0x2e,0x77,0x33,0x2e,0x6f,0x72,0x67,0x2f,0x32,0x30,0x30,
  0x30,0x2f,0x73,0x76,0x67,0x22,0x20,0x77,0x69,0x64,0x74,0x68,0x3d,0x22,0x32,0x34,
  0x22,0x20,0x68,0x65,0x69,0x67,0x68,0x74,0x3d,0x22,0x32,0x34,0x22,0x20,0x76,0x69,
  0x65,0x77,0x42,0x6f,0x78,0x3d,0x22,0x30,0x20,0x30,0x20,0x32,0x34,0x20,0x32,0x34,
  0x22,0x20,0x66,0x69,0x6c,0x6c,0x3d,0x22,0x6e,0x6f,0x6e,0x65,0x22,0x20,0x73,0x74,
  0x72,0x6f,0x6b,0x65,0x3d,0x22,0x23,0x66,0x66,0x66,0x22,0x20,0x73,0x74,0x72,0x6f,
  0x6b,0x65,0x2d,0x77,0x69,0x64,0x74,0x68,0x3d,0x22,0x32,0x22,0x20,0x73,0x74,0x72,
  0x6f,0x6b,0x65,0x2d,0x6c,0x69,0x6e,0x65,0x63,0x61,0x70,0x3d,0x22,0x72,0x6f,0x75,
  0x6e,0x64,0x22,0x20,0x73,0x74,0x72,0x6f,0x6b,0x65,0x2d,0x6c,0x69,0x6e,0x65,0x6a,
  0x6f,0x69,0x6e,0x3d,0x22,0x72,0x6f,0x75,0x6e,0x64,0x22,0x20,0x63,0x6c,0x61,0x73,
  0x73,0x3d,0x22,0x66,0x65,0x61,0x74,0x68,0x65,0x72,0x20,0x66,0x65,0x61,0x74,0x68,
  0x65,0x72,0x2d,0x61,0x77,0x61,0x72,0x64,0x22,0x3e,0x3c,0x63,0x69,0x72,0x63,0x6c,
  0x65,0x20,0x63,0x78,0x3d,0x22,0x31,0x32,0x22,0x20,0x63,0x79,0x3d,0x22,0x38,0x22,
  0x20,0x72,0x3d,0x22,0x37,0x22,0x3e,0x3c,0x2f,0x63,0x69,0x72,0x63,0x6c,0x65,0x3e,
  0x3c,0x70,0x6f,0x6c,0x79,0x6c,0x69,0x6e,0x65,0x20,0x70,0x6f,0x69,0x6e,0x74,0x73,
  0x3d,0x22,0x38,0x2e,0x32,0x31,0x20,0x31,0x33,0x2e,0x38,0x39,0x20,0x37,0x20,0x32,
  0x33,0x20,0x31,0x32,0x20,0x32,0x30,0x20,0x31,0x37,0x20,0x32,0x33,0x20,0x31,0x35,
  0x2e,0x37,0x39,0x20,0x31,0x33,0x2e,0x38,0x38,0x22,0x3e,0x3c,0x2f,0x70,0x6f,0x6c,
  0x79,0x6c,0x69,0x6e,0x65,0x3e,0x3c,0x2f,0x73,0x76,0x67,0x3e,
    // columns.svg
  0x0,0x0,0x1,0x3e,
  0x3c,
  0x73,0x76,0x67,0x20,0x78,0x6d,0x6c,0x6e,0x73,0x3d,0x22,0x68,0x74,0x74,0x70,0x3a,
  0x2f,0x2f,0x77,0x77,0x77,0x2e,0x77,0x33,0x2e,0x6f,0x72,0x67,0x2f,0x32,0x30,0x30,
  0x30,0x2f,0x73,0x76,0x67,0x22,0x20,0x77,0x69,0x64,0x74,0x68,0x3d,0x22,0x32,0x34,
  0x22,0x20,0x68,0x65,0x69,0x67,0x68,0x74,0x3d,0x22,0x32,0x34,0x22,0x20,0x76,0x69,
  0x65,0x77,0x42,0x6f,0x78,0x3d,0x22,0x30,0x20,0x30,0x20,0x32,0x34,0x20,0x32,0x34,
  0x22,0x20,0x66,0x69,0x6c,0x6c,0x3d,0x22,0x6e,0x6f,0x6e,0x65,0x22,0x20,0x73,0x74,
  0x72,0x6f,0x6b,0x65,0x3d,0x22,0x23,0x66,0x66,0x66,0x22,0x20,0x73,0x74,0x72,0x6f,
  0x6b,0x65,0x2d,0x77,0x69,0x64,0x74,0x68,0x3d,0x22,0x32,0x22,0x20,0x73,0x74,0x72,
  0x6f,0x6b,0x65,0x2d,0x6c,0x69,0x6e,0x65,0x63,0x61,0x70,0x3d,0x22,0x72,0x6f,0x75,
  0x6e,0x64,0x22,0x20,0x73,0x74,0x72,0x6f,0x6b,0x65,0x2d,0x6c,0x69,0x6e,0x65,0x6a,
  0x6f,0x69,0x6e,0x3d,0x22,0x72,0x6f,0x75,0x6e,0x64,0x22,0x20,0x63,0x6c,0x61,0x73,
  0x73,0x3d,0x22,0x66,0x65,0x61,0x74,0x68,0x65,0x72,0x20,0x66,0x65,0x61,0x74,0x68,
  0x65,0x72,0x2d,0x63,0x6f,0x6c,0x75,0x6d,0x6e,0x73,0x22,0x3e,0x3c,0x70,0x61,0x74,
  0x68,0x20,0x64,0x3d,0x22,0x4d,0x31,0x32,0x20,0x33,0x68,0x37,0x61,0x32,0x20,0x32,
  0x20,0x30,0x20,0x30,0x20,0x31,0x20,0x32,0x20,0x32,0x76,0x31,0x34,0x61,0x32,0x20,
  0x32,0x20,0x30,0x20,0x30,0x20,0x31,0x2d,0x32,0x20,0x32,0x68,0x2d,0x37,0x6d,0x30,
  0x2d,0x31,0x38,0x48,0x35,0x61,0x32,0x20,0x32,0x20,0x30,0x20,0x30,0x20,0x30,0x2d,
  0x32,0x20,0x32,0x76,0x31,0x34,0x61,0x32,0x20,0x32,0x20,0x30,0x20,0x30,0x20,0x30,
  0x20,0x32,0x20,0x32,0x68,0x37,0x6d,0x30,0x2d,0x31,0x38,0x76,0x31,0x38,0x22,0x3e,
  0x3c,0x2f,0x70,0x61,0x74,0x68,0x3e,0x3c,0x2f,0x73,0x76,0x67,0x3e,
    // file.svg
  0x0,0x0,0x1,0x49,
  0x3c,
  0x73,0x76,0x67,0x20,0x78,0x6d,0x6c,0x6e,0x73,0x3d,0x22,0x68,0x74,0x74,0x70,0x3a,
  0x2f,0x2f,0x77,0x77,0x77,0x2e,0x77,0x33,0x2e,0x6f,0x72,0x67,0x2f,0x32,0x30,0x30,
  0x30,0x2f,0x73,0x76,0x67,0x22,0x20,0x77,0x69,0x64,0x74,0x68,0x3d,0x22,0x32,0x34,
  0x22,0x20,0x68,0x65,0x69,0x67,0x68,0x74,0x3d,0x22,0x32,0x34,0x22,0x20,0x76,0x69,
  0x65,0x77,0x42,0x6f,0x78,0x3d,0x22,0x30,0x20,0x30,0x20,0x32,0x34,0x20,0x32,0x34,
  0x22,0x20,0x66,0x69,0x6c,0x6c,0x3d,0x22,0x6e,0x6f,0x6e,0x65,0x22,0x20,0x73,0x74,
  0x72,0x6f,0x6b,0x65,0x3d,0x22,0x23,0x66,0x66,0x66,0x22,0x20,0x73,0x74,0x72,0x6f,
  0x6b,0x65,0x2d,0x77,0x69,0x64,0x74,0x68,0x3d,0x22,0x32,0x22,0x20,0x73,0x74,0x72,
  0x6f,0x6b,0x65,0x2d,0x6c,0x69,0x6e,0x65,0x63,0x61,0x70,0x3d,0x22,0x72,0x6f,0x75,
  0x6e,0x64,0x22,0x20,0x73,0x74,0x72,0x6f,0x6b,0x65,0x2d,0x6c,0x69,0x6e,0x65,0x6a,
  0x6f,0x69,0x6e,0x3d,0x22,0x72,0x6f,0x75,0x6e,0x64,0x22,0x20,0x63,0x6c,0x61,0x73,
  0x73,0x3d,0x22,0x66,0x65,0x61,0x74,0x68,0x65,0x72,0x20,0x66,0x65,0x61,0x74,0x68,
  0x65,0x72,0x2d,0x66,0x69,0x6c,0x65,0x22,0x3e,0x3c,0x70,0x61,0x74,0x68,0x20,0x64,
  0x3d,0x22,0x4d,0x31,0x33,0x20,0x32,0x48,0x36,0x61,0x32,0x20,0x32,0x20,0x30,0x20,
  0x30,0x20,0x30,0x2d,0x32,0x20,0x32,0x76,0x31,0x36,0x61,0x32,0x20,0x32,0x20,0x30,
  0x20,0x30,0x20,0x30,0x20,0x32,0x20,0x32,0x68,0x31,0x32,0x61,0x32,0x20,0x32,0x20,
  0x30,0x20,0x30,0x20,0x30,0x20,0x32,0x2d,0x32,0x56,0x39,0x7a,0x22,0x3e,0x3c,0x2f,
  0x70,0x61,0x74,0x68,0x3e,0x3c,0x70,0x6f,0x6c,0x79,0x6c,0x69,0x6e,0x65,0x20,0x70,
  0x6f,0x69,0x6e,0x74,0x73,0x3d,0x22,0x31,0x33,0x20,0x32,0x20,0x31,0x33,0x20,0x39,
  0x20,0x32,0x30,0x20,0x39,0x22,0x3e,0x3c,0x2f,0x70,0x6f,0x6c,0x79,0x6c,0x69,0x6e,
  0x65,0x3e,0x3c,0x2f,0x73,0x76,0x67,0x3e,
    // refresh-cw.svg
  0x0,0x0,0x1,0x88,
  0x3c,
  0x73,0x76,0x67,0x20,0x78,0x6d,0x6c,0x6e,0x73,0x3d,0x22,0x68,0x74,0x74,0x70,0x3a,
  0x2f,0x2f,0x77,0x77,0x77,0x2e,0x77,0x33,0x2e,0x6f,0x72,0x67,0x2f,0x32,0x30,0x30,
  0x30,0x2f,0x73,0x76,0x67,0x22,0x20,0x77,0x69,0x64,0x74,0x68,0x3d,0x22,0x32,0x34,
  0x22,0x20,0x68,0x65,0x69,0x67,0x68,0x74,0x3d,0x22,0x32,0x34,0x22,0x20,0x76,0x69,
  0x65,0x77,0x42,0x6f,0x78,0x3d,0x22,0x30,0x20,0x30,0x20,0x32,0x34,0x20,0x32,0x34,
  0x22,0x20,0x66,0x69,0x6c,0x6c,0x3d,0x22,0x6e,0x6f,0x6e,0x65,0x22,0x20,0x73,0x74,
  0x72,0x6f,0x6b,0x65,0x3d,0x22,0x23,0x66,0x66,0x66,0x22,0x20,0x73,0x74,0x72,0x6f,
  0x6b,0x65,0x2d,0x77,0x69,0x64,0x74,0x68,0x3d,0x22,0x32,0x22,0x20,0x73,0x74,0x72,
  0x6f,0x6b,0x65,0x2d,0x6c,0x69,0x6e,0x65,0x63,0x61,0x70,0x3d,0x22,0x72,0x6f,0x75,
  0x6e,0x64,0x22,0x20,0x73,0x74,0x72,0x6f,0x6b,0x65,0x2d,0x6c,0x69,0x6e,0x65,0x6a,
  0x6f,0x69,0x6e,0x3d,0x22,0x72,0x6f,0x75,0x6e,0x64,0x22,0x20,0x63,0x6c,0x61,0x73,
  0x73,0x3d,0x22,0x66,0x65,0x61,0x74,0x68,0x65,0x72,0x20,0x66,0x65,0x61,0x74,0x68,
  0x65,0x72,0x2d,0x72,0x65,0x66,0x72,0x65,0x73,0x68,0x2d,0x63,0x77,0x22,0x3e,0x3c,
  0x70,0x6f,0x6c,0x79,0x6c,0x69,0x6e,0x65,0x20,0x70,0x6f,0x69,0x6e,0x74,0x73,0x3d,
  0x22,0x32,0x33,0x20,0x34,0x20,0x32,0x33,0x20,0x31,0x30,0x20,0x31,0x37,0x20,0x31,
  0x30,0x22,0x3e,0x3c,0x2f,0x70,0x6f,0x6c,0x79,0x6c,0x69,0x6e,0x65,0x3e,0x3c,0x70,
  0x6f,0x6c,0x79,0x6c,0x69,0x6e,0x65,0x20,0x70,0x6f,0x69,0x6e,0x74,0x73,0x3d,0x22,
  0x31,0x20,0x32,0x30,0x20,0x31,0x20,0x31,0x34,0x20,0x37,0x20,0x31,0x34,0x22,0x3e,
  0x3c,0x2f,0x70,0x6f,0x6c,0x79,0x6c,0x69,0x6e,0x65,0x3e,0x3c,0x70,0x61,0x74,0x68,
  0x20,0x64,0x3d,0x22,0x4d,0x33,0x2e,0x35,0x31,0x20,0x39,0x61,0x39,0x20,0x39,0x20,
  0x30,0x20,0x30,0x20,0x31,0x20,0x31,0x34,0x2e,0x38,0x35,0x2d,0x33,0x2e,0x33,0x36,
  0x4c,0x32,0x33,0x20,0x31,0x30,0x4d,0x31,0x20,0x31,0x34,0x6c,0x34,0x2e,0x36,0x34,
  0x20,0x34,0x2e,0x33,0x36,0x41,0x39,0x20,0x39,0x20,0x30,0x20,0x30,0x20,0x30,0x20,
  0x32,0x30,0x2e,0x34,0x39,0x20,0x31,0x35,0x22,0x3e,0x3c,0x2f,0x70,0x61,0x74,0x68,
  0x3e,0x3c,0x2f,0x73,0x76,0x67,0x3e,
    // external-link.svg
  0x0,0x0,0x1,0x7c,
  0x3c,
  0x73,0x76,0x67,0x20,0x78,0x6d,0x6c,0x6e,0x73,0x3d,0x22,0x68,0x74,0x74,0x70,0x3a,
  0x2f,0x2f,0x77,0x77,0x77,0x2e,0x77,0x33,0x2e,0x6f,0x72,0x67,0x2f,0x32,0x30,0x30,
  0x30,0x2f,0x73,0x76,0x67,0x22,0x20,0x77,0x69,0x64,0x74,0x68,0x3d,0x22,0x32,0x34,
  0x22,0x20,0x68,0x65,0x69,0x67,0x68,0x74,0x3d,0x22,0x32,0x34,0x22,0x20,0x76,0x69,
  0x65,0x77,0x42,0x6f,0x78,0x3d,0x22,0x30,0x20,0x30,0x20,0x32,0x34,0x20,0x32,0x34,
  0x22,0x20,0x66,0x69,0x6c,0x6c,0x3d,0x22,0x6e,0x6f,0x6e,0x65,0x22,0x20,0x73,0x74,
  0x72,0x6f,0x6b,0x65,0x3d,0x22,0x23,0x66,0x66,0x66,0x22,0x20,0x73,0x74,0x72,0x6f,
  0x6b,0x65,0x2d,0x77,0x69,0x64,0x74,0x68,0x3d,0x22,0x32,0x22,0x20,0x73,0x74,0x72,
  0x6f,0x6b,0x65,0x2d,0x6c,0x69,0x6e,0x65,0x63,0x61,0x70,0x3d,0x22,0x72,0x6f,0x75,
  0x6e,0x64,0x22,0x20,0x73,0x74,0x72,0x6f,0x6b,0x65,0x2d,0x6c,0x69,0x6e,0x65,0x6a,
  0x6f,0x69,0x6e,0x3d,0x22,0x72,0x6f,0x75,0x6e,0x64,0x22,0x20,0x63,0x6c,0x61,0x73,
  0x73,0x3d,0x22,0x66,0x65,0x61,0x74,0x68,0x65,0x72,0x20,0x66,0x65,0x61,0x74,0x68,
  0x65,0x72,0x2d,0x65,0x78,0x74,0x65,0x72,0x6e,0x61,0x6c,0x2d,0x6c,0x69,0x6e,0x6b,
  0x22,0x3e,0x3c,0x70,0x61,0x74,0x68,0x20,0x64,0x3d,0x22,0x4d,0x31,0x38,0x20,0x31,
  0x33,0x76,0x36,0x61,0x32,0x20,0x32,0x20,0x30,0x20,0x30,0x20,0x31,0x2d,0x32,0x20,
  0x32,0x48,0x35,0x61,0x32,0x20,0x32,0x20,0x30,0x20,0x30,0x20,0x31,0x2d,0x32,0x2d,
  0x32,0x56,0x38,0x61,0x32,0x20,0x32,0x20,0x30,0x20,0x30,0x20,0x31,0x20,0x32,0x2d,
  0x32,0x68,0x36,0x22,0x3e,0x3c,0x2f,0x70,0x61,0x74,0x68,0x3e,0x3c,0x70,0x6f,0x6c,
  0x79,0x6c,0x69,0x6e,0x65,0x20,0x70,0x6f,0x69,0x6e,0x74,0x73,0x3d,0x22,0x31,0x35,
  0x20,0x33,0x20,0x32,0x31,0x20,0x33,0x20,0x32,0x31,0x20,0x39,0x22,0x3e,0x3c,0x2f,
  0x70,0x6f,0x6c,0x79,0x6c,0x69,0x6e,0x65,0x3e,0x3c,0x6c,0x69,0x6e,0x65,0x20,0x78,
  0x31,0x3d,0x22,0x31,0x30,0x22,0x20,0x79,0x31,0x3d,0x22,0x31,0x34,0x22,0x20,0x78,
  0x32,0x3d,0x22,0x32,0x31,0x22,0x20,0x79,0x32,0x3d,0x22,0x33,0x22,0x3e,0x3c,0x2f,
  0x6c,0x69,0x6e,0x65,0x3e,0x3c,0x2f,0x73,0x76,0x67,0x3e,
    // rss.svg
  0x0,0x0,0x1,0x42,
  0x3c,
  0x73,0x76,0x67,0x20,0x78,0x6d,0x6c,0x6e,0x73,0x3d,0x22,0x68,0x74,0x74,0x70,0x3a,
  0x2f,0x2f,0x77,0x77,0x77,0x2e,0x77,0x33,0x2e,0x6f,0x72,0x67,0x2f,0x32,0x30,0x30,
  0x30,0x2f,0x73,0x76,0x67,0x22,0x20,0x77,0x69,0x64,0x74,0x68,0x3d,0x22,0x32,0x34,
  0x22,0x20,0x68,0x65,0x69,0x67,0x68,0x74,0x3d,0x22,0x32,0x34,0x22,0x20,0x76,0x69,
  0x65,0x77,0x42,0x6f,0x78,0x3d,0x22,0x30,0x20,0x30,0x20,0x32,0x34,0x20,0x32,0x34,
  0x22,0x20,0x66,0x69,0x6c,0x6c,0x3d,0x22,0x6e,0x6f,0x6e,0x65,0x22,0x20,0x73,0x74,
  0x72,0x6f,0x6b,0x65,0x3d,0x22,0x23,0x66,0x66,0x66,0x22,0x20,0x73,0x74,0x72,0x6f,
  0x6b,0x65,0x2d,0x77,0x69,0x64,0x74,0x68,0x3d,0x22,0x32,0x22,0x20,0x73,0x74,0x72,
  0x6f,0x6b,0x65,0x2d,0x6c,0x69,0x6e,0x65,0x63,0x61,0x70,0x3d,0x22,0x72,0x6f,0x75,
  0x6e,0x64,0x22,0x20,0x73,0x74,0x72,0x6f,0x6b,0x65,0x2d,0x6c,0x69,0x6e,0x65,0x6a,
  0x6f,0x69,0x6e,0x3d,0x22,0x72,0x6f,0x75,0x6e,0x64,0x22,0x20,0x63,0x6c,0x61,0x73,
  0x73,0x3d,0x22,0x66,0x65,0x61,0x74,0x68,0x65,0x72,0x20,0x66,0x65,0x61,0x74,0x68,
  0x65,0x72,0x2d,0x72,0x73,0x73,0x22,0x3e,0x3c,0x70,0x61,0x74,0x68,0x20,0x64,0x3d,
  0x22,0x4d,0x34,0x20,0x31,0x31,0x61,0x39,0x20,0x39,0x20,0x30,0x20,0x30,0x20,0x31,
  0x20,0x39,0x20,0x39,0x22,0x3e,0x3c,0x2f,0x70,0x61,0x74,0x68,0x3e,0x3c,0x70,0x61,
  0x74,0x68,0x20,0x64,0x3d,0x22,0x4d,0x34,0x20,0x34,0x61,0x31,0x36,0x20,0x31,0x36,
  0x20,0x30,0x20,0x30,0x20,0x31,0x20,0x31,0x36,0x20,0x31,0x36,0x22,0x3e,0x3c,0x2f,
  0x70,0x61,0x74,0x68,0x3e,0x3c,0x63,0x69,0x72,0x63,0x6c,0x65,0x20,0x63,0x78,0x3d,
  0x22,0x35,0x22,0x20,0x63,0x79,0x3d,0x22,0x31,0x39,0x22,0x20,0x72,0x3d,0x22,0x31,
  0x22,0x3e,0x3c,0x2f,0x63,0x69,0x72,0x63,0x6c,0x65,0x3e,0x3c,0x2f,0x73,0x76,0x67,
  0x3e,
    // cloud-snow.svg
  0x0,0x0,0x2,0x34,
  0x3c,
  0x73,0x76,0x67,0x20,0x78,0x6d,0x6c,0x6e,0x73,0x3d,0x22,0x68,0x74,0x74,0x70,0x3a,
  0x2f,0x2f,0x77,0x77,0x77,0x2e,0x77,0x33,0x2e,0x6f,0x72,0x67,0x2f,0x32,0x30,0x30,
  0x30,0x2f,0x73,0x76,0x67,0x22,0x20,0x77,0x69,0x64,0x74,0x68,0x3d,0x22,0x32,0x34,
  0x22,0x20,0x68,0x65,0x69,0x67,0x68,0x74,0x3d,0x22,0x32,0x34,0x22,0x20,0x76,0x69,
  0x65,0x77,0x42,0x6f,0x78,0x3d,0x22,0x30,0x20,0x30,0x20,0x32,0x34,0x20,0x32,0x34,
  0x22,0x20,0x66,0x69,0x6c,0x6c,0x3d,0x22,0x6e,0x6f,0x6e,0x65,0x22,0x20,0x73,0x74,
  0x72,0x6f,0x6b,0x65,0x3d,0x22,0x23,0x66,0x66,0x66,0x22,0x20,0x73,0x74,0x72,0x6f,
  0x6b,0x65,0x2d,0x77,0x69,0x64,0x74,0x68,0x3d,0x22,0x32,0x22,0x20,0x73,0x74,0x72,
  0x6f,0x6b,0x65,0x2d,0x6c,0x69,0x6e,0x65,0x63,0x61,0x70,0x3d,0x22,0x72,0x6f,0x75,
  0x6e,0x64,0x22,0x20,0x73,0x74,0x72,0x6f,0x6b,0x65,0x2d,0x6c,0x69,0x6e,0x65,0x6a,
  0x6f,0x69,0x6e,0x3d,0x22,0x72,0x6f,0x75,0x6e,0x64,0x22,0x20,0x63,0x6c,0x61,0x73,
  0x73,0x3d,0x22,0x66,0x65,0x61,0x74,0x68,0x65,0x72,0x20,0x66,0x65,0x61,0x74,0x68,
  0x65,0x72,0x2d,0x63,0x6c,0x6f,0x75,0x64,0x2d,0x73,0x6e,0x6f,0x77,0x22,0x3e,0x3c,
  0x70,0x61,0x74,0x68,0x20,0x64,0x3d,0x22,0x4d,0x32,0x30,0x20,0x31,0x37,0x2e,0x35,
  0x38,0x41,0x35,0x20,0x35,0x20,0x30,0x20,0x30,0x20,0x30,0x20,0x31,0x38,0x20,0x38,
  0x68,0x2d,0x31,0x2e,0x32,0x36,0x41,0x38,0x20,0x38,0x20,0x30,0x20,0x31,0x20,0x30,
  0x20,0x34,0x20,0x31,0x36,0x2e,0x32,0x35,0x22,0x3e,0x3c,0x2f,0x70,0x61,0x74,0x68,
  0x3e,0x3c,0x6c,0x69,0x6e,0x65,0x20,0x78,0x31,0x3d,0x22,0x38,0x22,0x20,0x79,0x31,
  0x3d,0x22,0x31,0x36,0x22,0x20,0x78,0x32,0x3d,0x22,0x38,0x2e,0x30,0x31,0x22,0x20,
  0x79,0x32,0x3d,0x22,0x31,0x36,0x22,0x3e,0x3c,0x2f,0x6c,0x69,0x6e,0x65,0x3e,0x3c,
  0x6c,0x69,0x6e,0x65,0x20,0x78,0x31,0x3d,0x22,0x38,0x22,0x20,0x79,0x31,0x3d,0x22,
  0x32,0x30,0x22,0x20,0x78,0x32,0x3d,0x22,0x38,0x2e,0x30,0x31,0x22,0x20,0x79,0x32,
  0x3d,0x22,0x32,0x30,0x22,0x3e,0x3c,0x2f,0x6c,0x69,0x6e,0x65,0x3e,0x3c,0x6c,0x69,
  0x6e,0x65,0x20,0x78,0x31,0x3d,0x22,0x31,0x32,0x22,0x20,0x79,0x31,0x3d,0x22,0x31,
  0x38,0x22,0x20,0x78,0x32,0x3d,0x22,0x31,0x32,0x2e,0x30,0x31,0x22,0x20,0x79,0x32,
  0x3d,0x22,0x31,0x38,0x22,0x3e,0x3c,0x2f,0x6c,0x69,0x6e,0x65,0x3e,0x3c,0x6c,0x69,
  0x6e,0x65,0x20,0x78,0x31,0x3d,0x22,0x31,0x32,0x22,0x20,0x79,0x31,0x3d,0x22,0x32,
  0x32,0x22,0x20,0x78,0x32,0x3d,0x22,0x31,0x32,0x2e,0x30,0x31,0x22,0x20,0x79,0x32,
  0x3d,0x22,0x32,0x32,0x22,0x3e,0x3c,0x2f,0x6c,0x69,0x6e,0x65,0x3e,0x3c,0x6c,0x69,
  0x6e,0x65,0x20,0x78,0x31,0x3d,0x22,0x31,0x36,0x22,0x20,0x79,0x31,0x3d,0x22,0x31,
  0x36,0x22,0x20,0x78,0x32,0x3d,0x22,0x31,0x36,0x2e,0x30,0x31,0x22,0x20,0x79,0x32,
  0x3d,0x22,0x31,0x36,0x22,0x3e,0x3c,0x2f,0x6c,0x69,0x6e,0x65,0x3e,0x3c,0x6c,0x69,
  0x6e,0x65,0x20,0x78,0x31,0x3d,0x22,0x31,0x36,0x22,0x20,0x79,0x31,0x3d,0x22,0x32,
  0x30,0x22,0x20,0x78,0x32,0x3d,0x22,0x31,0x36,0x2e,0x30,0x31,0x22,0x20,0x79,0x32,
  0x3d,0x22,0x32,0x30,0x22,0x3e,0x3c,0x2f,0x6c,0x69,0x6e,0x65,0x3e,0x3c,0x2f,0x73,
  0x76,0x67,0x3e,
    // mouse-pointer.svg
  0x0,0x0,0x1,0x2f,
  0x3c,
  0x73,0x76,0x67,0x20,0x78,0x6d,0x6c,0x6e,0x73,0x3d,0x22,0x68,0x74,0x74,0x70,0x3a,
  0x2f,0x2f,0x77,0x77,0x77,0x2e,0x77,0x33,0x2e,0x6f,0x72,0x67,0x2f,0x32,0x30,0x30,
  0x30,0x2f,0x73,0x76,0x67,0x22,0x20,0x77,0x69,0x64,0x74,0x68,0x3d,0x22,0x32,0x34,
  0x22,0x20,0x68,0x65,0x69,0x67,0x68,0x74,0x3d,0x22,0x32,0x34,0x22,0x20,0x76,0x69,
  0x65,0x77,0x42,0x6f,0x78,0x3d,0x22,0x30,0x20,0x30,0x20,0x32,0x34,0x20,0x32,0x34,
  0x22,0x20,0x66,0x69,0x6c,0x6c,0x3d,0x22,0x6e,0x6f,0x6e,0x65,0x22,0x20,0x73,0x74,
  0x72,0x6f,0x6b,0x65,0x3d,0x22,0x23,0x66,0x66,0x66,0x22,0x20,0x73,0x74,0x72,0x6f,
  0x6b,0x65,0x2d,0x77,0x69,0x64,0x74,0x68,0x3d,0x22,0x32,0x22,0x20,0x73,0x74,0x72,
  0x6f,0x6b,0x65,0x2d,0x6c,0x69,0x6e,0x65,0x63,0x61,0x70,0x3d,0x22,0x72,0x6f,0x75,
  0x6e,0x64,0x22,0x20,0x73,0x74,0x72,0x6f,0x6b,0x65,0x2d,0x6c,0x69,0x6e,0x65,0x6a,
  0x6f,0x69,0x6e,0x3d,0x22,0x72,0x6f,0x75,0x6e,0x64,0x22,0x20,0x63,0x6c,0x61,0x73,
  0x73,0x3d,0x22,0x66,0x65,0x61,0x74,0x68,0x65,0x72,0x20,0x66,0x65,0x61,0x74,0x68,
  0x65,0x72,0x2d,0x6d,0x6f,0x75,0x73,0x65,0x2d,0x70,0x6f,0x69,0x6e,0x74,0x65,0x72,
  0x22,0x3e,0x3c,0x70,0x61,0x74,0x68,0x20,0x64,0x3d,0x22,0x4d,0x33,0x20,0x33,0x6c,
  0x37,0x2e,0x30,0x37,0x20,0x31,0x36,0x2e,0x39,0x37,0x20,0x32,0x2e,0x35,0x31,0x2d,
  0x37,0x2e,0x33,0x39,0x20,0x37,0x2e,0x33,0x39,0x2d,0x32,0x2e,0x35,0x31,0x4c,0x33,
  0x20,0x33,0x7a,0x22,0x3e,0x3c,0x2f,0x70,0x61,0x74,0x68,0x3e,0x3c,0x70,0x61,0x74,
  0x68,0x20,0x64,0x3d,0x22,0x4d,0x31,0x33,0x20,0x31,0x33,0x6c,0x36,0x20,0x36,0x22,
  0x3e,0x3c,0x2f,0x70,0x61,0x74,0x68,0x3e,0x3c,0x2f,0x73,0x76,0x67,0x3e,
    // hash.svg
  0x0,0x0,0x1,0x7d,
  0x3c,
  0x73,0x76,0x67,0x20,0x78,0x6d,0x6c,0x6e,0x73,0x3d,0x22,0x68,0x74,0x74,0x70,0x3a,
  0x2f,0x2f,0x77,0x77,0x77,0x2e,0x77,0x33,0x2e,0x6f,0x72,0x67,0x2f,0x32,0x30,0x30,
  0x30,0x2f,0x73,0x76,0x67,0x22,0x20,0x77,0x69,0x64,0x74,0x68,0x3d,0x22,0x32,0x34,
  0x22,0x20,0x68,0x65,0x69,0x67,0x68,0x74,0x3d,0x22,0x32,0x34,0x22,0x20,0x76,0x69,
  0x65,0x77,0x42,0x6f,0x78,0x3d,0x22,0x30,0x20,0x30,0x20,0x32,0x34,0x20,0x32,0x34,
  0x22,0x20,0x66,0x69,0x6c,0x6c,0x3d,0x22,0x6e,0x6f,0x6e,0x65,0x22,0x20,0x73,0x74,
  0x72,0x6f,0x6b,0x65,0x3d,0x22,0x23,0x66,0x66,0x66,0x22,0x20,0x73,0x74,0x72,0x6f,
  0x6b,0x65,0x2d,0x77,0x69,0x64,0x74,0x68,0x3d,0x22,0x32,0x22,0x20,0x73,0x74,0x72,
  0x6f,0x6b,0x65,0x2d,0x6c,0x69,0x6e,0x65,0x63,0x61,0x70,0x3d,0x22,0x72,0x6f,0x75,
  0x6e,0x64,0x22,0x20,0x73,0x74,0x72,0x6f,0x6b,0x65,0x2d,0x6c,0x69,0x6e,0x65,0x6a,
  0x6f,0x69,0x6e,0x3d,0x22,0x72,0x6f,0x75,0x6e,0x64,0x22,0x20,0x63,0x6c,0x61,0x73,
  0x73,0x3d,0x22,0x66,0x65,0x61,0x74,0x68,0x65,0x72,0x20,0x66,0x65,0x61,0x74,0x68,
  0x65,0x72,0x2d,0x68,0x61,0x73,0x68,0x22,0x3e,0x3c,0x6c,0x69,0x6e,0x65,0x20,0x78,
  0x31,0x3d,0x22,0x34,0x22,0x20,0x79,0x31,0x3d,0x22,0x39,0x22,0x20,0x78,0x32,0x3d,
  0x22,0x32,0x30,0x22,0x20,0x79,0x32,0x3d,0x22,0x39,0x22,0x3e,0x3c,0x2f,0x6c,0x69,
  0x6e,0x65,0x3e,0x3c,0x6c,0x69,0x6e,0x65,0x20,0x78,0x31,0x3d,0x22,0x34,0x22,0x20,
  0x79,0x31,0x3d,0x22,0x31,0x35,0x22,0x20,0x78,0x32,0x3d,0x22,0x32,0x30,0x22,0x20,
  0x79,0x32,0x3d,0x22,0x31,0x35,0x22,0x3e,0x3c,0x2f,0x6c,0x69,0x6e,0x65,0x3e,0x3c,
  0x6c,0x69,0x6e,0x65,0x20,0x78,0x31,0x3d,0x22,0x31,0x30,0x22,0x20,0x79,0x31,0x3d,
  0x22,0x33,0x22,0x20,0x78,0x32,0x3d,0x22,0x38,0x22,0x20,0x79,0x32,0x3d,0x22,0x32,
  0x31,0x22,0x3e,0x3c,0x2f,0x6c,0x69,0x6e,0x65,0x3e,0x3c,0x6c,0x69,0x6e,0x65,0x20,
  0x78,0x31,0x3d,0x22,0x31,0x36,0x22,0x20,0x79,0x31,0x3d,0x22,0x33,0x22,0x20,0x78,
  0x32,0x3d,0x22,0x31,0x34,0x22,0x20,0x79,0x32,0x3d,0x22,0x32,0x31,0x22,0x3e,0x3c,
  0x2f,0x6c,0x69,0x6e,0x65,0x3e,0x3c,0x2f,0x73,0x76,0x67,0x3e,
    // settings.svg
  0x0,0x0,0x3,0xeb,
  0x3c,
  0x73,0x76,0x67,0x20,0x78,0x6d,0x6c,0x6e,0x73,0x3d,0x22,0x68,0x74,0x74,0x70,0x3a,
  0x2f,0x2f,0x77,0x77,0x77,0x2e,0x77,0x33,0x2e,0x6f,0x72,0x67,0x2f,0x32,0x30,0x30,
  0x30,0x2f,0x73,0x76,0x67,0x22,0x20,0x77,0x69,0x64,0x74,0x68,0x3d,0x22,0x32,0x34,
  0x22,0x20,0x68,0x65,0x69,0x67,0x68,0x74,0x3d,0x22,0x32,0x34,0x22,0x20,0x76,0x69,
  0x65,0x77,0x42,0x6f,0x78,0x3d,0x22,0x30,0x20,0x30,0x20,0x32,0x34,0x20,0x32,0x34,
  0x22,0x20,0x66,0x69,0x6c,0x6c,0x3d,0x22,0x6e,0x6f,0x6e,0x65,0x22,0x20,0x73,0x74,
  0x72,0x6f,0x6b,0x65,0x3d,0x22,0x23,0x66,0x66,0x66,0x22,0x20,0x73,0x74,0x72,0x6f,
  0x6b,0x65,0x2d,0x77,0x69,0x64,0x74,0x68,0x3d,0x22,0x32,0x22,0x20,0x73,0x74,0x72,
  0x6f,0x6b,0x65,0x2d,0x6c,0x69,0x6e,0x65,0x63,0x61,0x70,0x3d,0x22,0x72,0x6f,0x75,
  0x6e,0x64,0x22,0x20,0x73,0x74,0x72,0x6f,0x6b,0x65,0x2d,0x6c,0x69,0x6e,0x65,0x6a,
  0x6f,0x69,0x6e,0x3d,0x22,0x72,0x6f,0x75,0x6e,0x64,0x22,0x20,0x63,0x6c,0x61,0x73,
  0x73,0x3d,0x22,0x66,0x65,0x61,0x74,0x68,0x65,0x72,0x20,0x66,0x65,0x61,0x74,0x68,
  0x65,0x72,0x2d,0x73,0x65,0x74,0x74,0x69,0x6e,0x67,0x73,0x22,0x3e,0x3c,0x63,0x69,
  0x72,0x63,0x6c,0x65,0x20,0x63,0x78,0x3d,0x22,0x31,0x32,0x22,0x20,0x63,0x79,0x3d,
  0x22,0x31,0x32,0x22,0x20,0x72,0x3d,0x22,0x33,0x22,0x3e,0x3c,0x2f,0x63,0x69,0x72,
  0x63,0x6c,0x65,0x3e,0x3c,0x70,0x61,0x74,0x68,0x20,0x64,0x3d,0x22,0x4d,0x31,0x39,
  0x2e,0x34,0x20,0x31,0x35,0x61,0x31,0x2e,0x36,0x35,0x20,0x31,0x2e,0x36,0x35,0x20,
  0x30,0x20,0x30,0x20,0x30,0x20,0x2e,0x33,0x33,0x20,0x31,0x2e,0x38,0x32,0x6c,0x2e,
  0x30,0x36,0x2e,0x30,0x36,0x61,0x32,0x20,0x32,0x20,0x30,0x20,0x30,0x20,0x31,0x20,
  0x30,0x20,0x32,0x2e,0x38,0x33,0x20,0x32,0x20,0x32,0x20,0x30,0x20,0x30,0x20,0x31,
  0x2d,0x32,0x2e,0x38,0x33,0x20,0x30,0x6c,0x2d,0x2e,0x30,0x36,0x2d,0x2e,0x30,0x36,
  0x61,0x31,0x2e,0x36,0x35,0x20,0x31,0x2e,0x36,0x35,0x20,0x30,0x20,0x30,0x20,0x30,
  0x2d,0x31,0x2e,0x38,0x32,0x2d,0x2e,0x33,0x33,0x20,0x31,0x2e,0x36,0x35,0x20,0x31,
  0x2e,0x36,0x35,0x20,0x30,0x20,0x30,0x20,0x30,0x2d,0x31,0x20,0x31,0x2e,0x35,0x31,
  0x56,0x32,0x31,0x61,0x32,0x20,0x32,0x20,0x30,0x20,0x30,0x20,0x31,0x2d,0x32,0x20,
  0x32,0x20,0x32,0x20,0x32,0x20,0x30,0x20,0x30,0x20,0x31,0x2d,0x32,0x2d,0x32,0x76,
  0x2d,0x2e,0x30,0x39,0x41,0x31,0x2e,0x36,0x35,0x20,0x31,0x2e,0x36,0x35,0x20,0x30,
  0x20,0x30,0x20,0x30,0x20,0x39,0x20,0x31,0x39,0x2e,0x34,0x61,0x31,0x2e,0x36,0x35,
  0x20,0x31,0x2e,0x36,0x35,0x20,0x30,0x20,0x30,0x20,0x30,0x2d,0x31,0x2e,0x38,0x32,
  0x2e,0x33,0x33,0x6c,0x2d,0x2e,0x30,0x36,0x2e,0x30,0x36,0x61,0x32,0x20,0x32,0x20,
  0x30,0x20,0x30,0x20,0x31,0x2d,0x32,0x2e,0x38,0x33,0x20,0x30,0x20,0x32,0x20,0x32,
  0x20,0x30,0x20,0x30,0x20,0x31,0x20,0x30,0x2d,0x32,0x2e,0x38,0x33,0x6c,0x2e,0x30,
  0x36,0x2d,0x2e,0x30,0x36,0x61,0x31,0x2e,0x36,0x35,0x20,0x31,0x2e,0x36,0x35,0x20,
  0x30,0x20,0x30,0x20,0x30,0x20,0x2e,0x33,0x33,0x2d,0x31,0x2e,0x38,0x32,0x20,0x31,
  0x2e,0x36,0x35,0x20,0x31,0x2e,0x36,0x35,0x20,0x30,0x20,0x30,0x20,0x30,0x2d,0x31,
  0x2e,0x35,0x31,0x2d,0x31,0x48,0x33,0x61,0x32,0x20,0x32,0x20,0x30,0x20,0x30,0x20,
  0x31,0x2d,0x32,0x2d,0x32,0x20,0x32,0x20,0x32,0x20,0x30,0x20,0x30,0x20,0x31,0x20,
  0x32,0x2d,0x32,0x68,0x2e,0x30,0x39,0x41,0x31,0x2e,0x36,0x35,0x20,0x31,0x2e,0x36,
  0x35,0x20,0x30,0x20,0x30,0x20,0x30,0x20,0x34,0x2e,0x36,0x20,0x39,0x61,0x31,0x2e,
  0x36,0x35,0x20,0x31,0x2e,0x36,0x35,0x20,0x30,0x20,0x30,0x20,0x30,0x2d,0x2e,0x33,
  0x33,0x2d,0x31,0x2e,0x38,0x32,0x6c,0x2d,0x2e,0x30,0x36,0x2d,0x2e,0x30,0x36,0x61,
  0x32,0x20,0x32,0x20,0x30,0x20,0x30,0x20,0x31,0x20,0x30,0x2d,0x32,0x2e,0x38,0x33,
  0x20,0x32,0x20,0x32,0x20,0x30,0x20,0x30,0x20,0x31,0x20,0x32,0x2e,0x38,0x33,0x20,
  0x30,0x6c,0x2e,0x30,0x36,0x2e,0x30,0x36,0x61,0x31,0x2e,0x36,0x35,0x20,0x31,0x2e,
  0x36,0x35,0x20,0x30,0x20,0x30,0x20,0x30,0x20,0x31,0x2e,0x38,0x32,0x2e,0x33,0x33,
  0x48,0x39,0x61,0x31,0x2e,0x36,0x35,0x20,0x31,0x2e,0x36,0x35,0x20,0x30,0x20,0x30,
  0x20,0x30,0x20,0x31,0x2d,0x31,0x2e,0x35,0x31,0x56,0x33,0x61,0x32,0x20,0x32,0x20,
  0x30,0x20,0x30,0x20,0x31,0x20,0x32,0x2d,0x32,0x20,0x32,0x20,0x32,0x20,0x30,0x20,
  0x30,0x20,0x31,0x20,0x32,0x20,0x32,0x76,0x2e,0x30,0x39,0x61,0x31,0x2e,0x36,0x35,
  0x20,0x31,0x2e,0x36,0x35,0x20,0x30,0x20,0x30,0x20,0x30,0x20,0x31,0x20,0x31,0x2e,
  0x35,0x31,0x20,0x31,0x2e,0x36,0x35,0x20,0x31,0x2e,0x36,0x35,0x20,0x30,0x20,0x30,
  0x20,0x30,0x20,0x31,0x2e,0x38,0x32,0x2d,0x2e,0x33,0x33,0x6c,0x2e,0x30,0x36,0x2d,
  0x2e,0x30,0x36,0x61,0x32,0x20,0x32,0x20,0x30,0x20,0x30,0x20,0x31,0x20,0x32,0x2e,
  0x38,0x33,0x20,0x30,0x20,0x32,0x20,0x32,0x20,0x30,0x20,0x30,0x20,0x31,0x20,0x30,
  0x20,0x32,0x2e,0x38,0x33,0x6c,0x2d,0x2e,0x30,0x36,0x2e,0x30,0x36,0x61,0x31,0x2e,
  0x36,0x35,0x20,0x31,0x2e,0x36,0x35,0x20,0x30,0x20,0x30,0x20,0x30,0x2d,0x2e,0x33,
  0x33,0x20,0x31,0x2e,0x38,0x32,0x56,0x39,0x61,0x31,0x2e,0x36,0x35,0x20,0x31,0x2e,
  0x36,0x35,0x20,0x30,0x20,0x30,0x20,0x30,0x20,0x31,0x2e,0x35,0x31,0x20,0x31,0x48,
  0x32,0x31,0x61,0x32,0x20,0x32,0x20,0x30,0x20,0x30,0x20,0x31,0x20,0x32,0x20,0x32,
  0x20,0x32,0x20,0x32,0x20,0x30,0x20,0x30,0x20,0x31,0x2d,0x32,0x20,0x32,0x68,0x2d,
  0x2e,0x30,0x39,0x61,0x31,0x2e,0x36,0x35,0x20,0x31,0x2e,0x36,0x35,0x20,0x30,0x20,
  0x30,0x20,0x30,0x2d,0x31,0x2e,0x35,0x31,0x20,0x31,0x7a,0x22,0x3e,0x3c,0x2f,0x70,
  0x61,0x74,0x68,0x3e,0x3c,0x2f,0x73,0x76,0x67,0x3e,
    // zoom-in.svg
  0x0,0x0,0x1,0x85,
  0x3c,
  0x73,0x76,0x67,0x20,0x78,0x6d,0x6c,0x6e,0x73,0x3d,0x22,0x68,0x74,0x74,0x70,0x3a,
  0x2f,0x2f,0x77,0x77,0x77,0x2e,0x77,0x33,0x2e,0x6f,0x72,0x67,0x2f,0x32,0x30,0x30,
  0x30,0x2f,0x73,0x76,0x67,0x22,0x20,0x77,0x69,0x64,0x74,0x68,0x3d,0x22,0x32,0x34,
  0x22,0x20,0x68,0x65,0x69,0x67,0x68,0x74,0x3d,0x22,0x32,0x34,0x22,0x20,0x76,0x69,
  0x65,0x77,0x42,0x6f,0x78,0x3d,0x22,0x30,0x20,0x30,0x20,0x32,0x34,0x20,0x32,0x34,
  0x22,0x20,0x66,0x69,0x6c,0x6c,0x3d,0x22,0x6e,0x6f,0x6e,0x65,0x22,0x20,0x73,0x74,
  0x72,0x6f,0x6b,0x65,0x3d,0x22,0x23,0x66,0x66,0x66,0x22,0x20,0x73,0x74,0x72,0x6f,
  0x6b,0x65,0x2d,0x77,0x69,0x64,0x74,0x68,0x3d,0x22,0x32,0x22,0x20,0x73,0x74,0x72,
  0x6f,0x6b,0x65,0x2d,0x6c,0x69,0x6e,0x65,0x63,0x61,0x70,0x3d,0x22,0x72,0x6f,0x75,
  0x6e,0x64,0x22,0x20,0x73,0x74,0x72,0x6f,0x6b,0x65,0x2d,0x6c,0x69,0x6e,0x65,0x6a,
  0x6f,0x69,0x6e,0x3d,0x22,0x72,0x6f,0x75,0x6e,0x64,0x22,0x20,0x63,0x6c,0x61,0x73,
  0x73,0x3d,0x22,0x66,0x65,0x61,0x74,0x68,0x65,0x72,0x20,0x66,0x65,0x61,0x74,0x68,
  0x65,0x72,0x2d,0x7a,0x6f,0x6f,0x6d,0x2d,0x69,0x6e,0x22,0x3e,0x3c,0x63,0x69,0x72,
  0x63,0x6c,0x65,0x20,0x63,0x78,0x3d,0x22,0x31,0x31,0x22,0x20,0x63,0x79,0x3d,0x22,
  0x31,0x31,0x22,0x20,0x72,0x3d,0x22,0x38,0x22,0x3e,0x3c,0x2f,0x63,0x69,0x72,0x63,
  0x6c,0x65,0x3e,0x3c,0x6c,0x69,0x6e,0x65,0x20,0x78,0x31,0x3d,0x22,0x32,0x31,0x22,
  0x20,0x79,0x31,0x3d,0x22,0x32,0x31,0x22,0x20,0x78,0x32,0x3d,0x22,0x31,0x36,0x2e,
  0x36,0x35,0x22,0x20,0x79,0x32,0x3d,0x22,0x31,0x36,0x2e,0x36,0x35,0x22,0x3e,0x3c,
  0x2f,0x6c,0x69,0x6e,0x65,0x3e,0x3c,0x6c,0x69,0x6e,0x65,0x20,0x78,0x31,0x3d,0x22,
  0x31,0x31,0x22,0x20,0x79,0x31,0x3d,0x22,0x38,0x22,0x20,0x78,0x32,0x3d,0x22,0x31,
  0x31,0x22,0x20,0x79,0x32,0x3d,0x22,0x31,0x34,0x22,0x3e,0x3c,0x2f,0x6c,0x69,0x6e,
  0x65,0x3e,0x3c,0x6c,0x69,0x6e,0x65,0x20,0x78,0x31,0x3d,0x22,0x38,0x22,0x20,0x79,
  0x31,0x3d,0x22,0x31,0x31,0x22,0x20,0x78,0x32,0x3d,0x22,0x31,0x34,0x22,0x20,0x79,
  0x32,0x3d,0x22,0x31,0x31,0x22,0x3e,0x3c,0x2f,0x6c,0x69,0x6e,0x65,0x3e,0x3c,0x2f,
  0x73,0x76,0x67,0x3e,
    // clipboard.svg
  0x0,0x0,0x1,0x6b,
  0x3c,
  0x73,0x76,0x67,0x20,0x78,0x6d,0x6c,0x6e,0x73,0x3d,0x22,0x68,0x74,0x74,0x70,0x3a,
  0x2f,0x2f,0x77,0x77,0x77,0x2e,0x77,0x33,0x2e,0x6f,0x72,0x67,0x2f,0x32,0x30,0x30,
  0x30,0x2f,0x73,0x76,0x67,0x22,0x20,0x77,0x69,0x64,0x74,0x68,0x3d,0x22,0x32,0x34,
  0x22,0x20,0x68,0x65,0x69,0x67,0x68,0x74,0x3d,0x22,0x32,0x34,0x22,0x20,0x76,0x69,
  0x65,0x77,0x42,0x6f,0x78,0x3d,0x22,0x30,0x20,0x30,0x20,0x32,0x34,0x20,0x32,0x34,
  0x22,0x20,0x66,0x69,0x6c,0x6c,0x3d,0x22,0x6e,0x6f,0x6e,0x65,0x22,0x20,0x73,0x74,
  0x72,0x6f,0x6b,0x65,0x3d,0x22,0x23,0x66,0x66,0x66,0x22,0x20,0x73,0x74,0x72,0x6f,
  0x6b,0x65,0x2d,0x77,0x69,0x64,0x74,0x68,0x3d,0x22,0x32,0x22,0x20,0x73,0x74,0x72,
  0x6f,0x6b,0x65,0x2d,0x6c,0x69,0x6e,0x65,0x63,0x61,0x70,0x3d,0x22,0x72,0x6f,0x75,
  0x6e,0x64,0x22,0x20,0x73,0x74,0x72,0x6f,0x6b,0x65,0x2d,0x6c,0x69,0x6e,0x65,0x6a,
  0x6f,0x69,0x6e,0x3d,0x22,0x72,0x6f,0x75,0x6e,0x64,0x22,0x20,0x63,0x6c,0x61,0x73,
  0x73,0x3d,0x22,0x66,0x65,0x61,0x74,0x68,0x65,0x72,0x20,0x66,0x65,0x61,0x74,0x68,
  0x65,0x72,0x2d,0x63,0x6c,0x69,0x70,0x62,0x6f,0x61,0x72,0x64,0x22,0x3e,0x3c,0x70,
  0x61,0x74,0x68,0x20,0x64,0x3d,0x22,0x4d,0x31,0x36,0x20,0x34,0x68,0x32,0x61,0x32,
  0x20,0x32,0x20,0x30,0x20,0x30,0x20,0x31,0x20,0x32,0x20,0x32,0x76,0x31,0x34,0x61,
  0x32,0x20,0x32,0x20,0x30,0x20,0x30,0x20,0x31,0x2d,0x32,0x20,0x32,0x48,0x36,0x61,
  0x32,0x20,0x32,0x20,0x30,0x20,0x30,0x20,0x31,0x2d,0x32,0x2d,0x32,0x56,0x36,0x61,
  0x32,0x20,0x32,0x20,0x30,0x20,0x30,0x20,0x31,0x20,0x32,0x2d,0x32,0x68,0x32,0x22,
  0x3e,0x3c,0x2f,0x70,0x61,0x74,0x68,0x3e,0x3c,0x72,0x65,0x63,0x74,0x20,0x78,0x3d,
  0x22,0x38,0x22,0x20,0x79,0x3d,0x22,0x32,0x22,0x20,0x77,0x69,0x64,0x74,0x68,0x3d,
  0x22,0x38,0x22,0x20,0x68,0x65,0x69,0x67,0x68,0x74,0x3d,0x22,0x34,0x22,0x20,0x72,
  0x78,0x3d,0x22,0x31,0x22,0x20,0x72,0x79,0x3d,0x22,0x31,0x22,0x3e,0x3c,0x2f,0x72,
  0x65,0x63,0x74,0x3e,0x3c,0x2f,0x73,0x76,0x67,0x3e,
    // briefcase.svg
  0x0,0x0,0x1,0x4f,
  0x3c,
  0x73,0x76,0x67,0x20,0x78,0x6d,0x6c,0x6e,0x73,0x3d,0x22,0x68,0x74,0x74,0x70,0x3a,
  0x2f,0x2f,0x77,0x77,0x77,0x2e,0x77,0x33,0x2e,0x6f,0x72,0x67,0x2f,0x32,0x30,0x30,
  0x30,0x2f,0x73,0x76,0x67,0x22,0x20,0x77,0x69,0x64,0x74,0x68,0x3d,0x22,0x32,0x34,
  0x22,0x20,0x68,0x65,0x69,0x67,0x68,0x74,0x3d,0x22,0x32,0x34,0x22,0x20,0x76,0x69,
  0x65,0x77,0x42,0x6f,0x78,0x3d,0x22,0x30,0x20,0x30,0x20,0x32,0x34,0x20,0x32,0x34,
  0x22,0x20,0x66,0x69,0x6c,0x6c,0x3d,0x22,0x6e,0x6f,0x6e,0x65,0x22,0x20,0x73,0x74,
  0x72,0x6f,0x6b,0x65,0x3d,0x22,0x23,0x66,0x66,0x66,0x22,0x20,0x73,0x74,0x72,0x6f,
  0x6b,0x65,0x2d,0x77,0x69,0x64,0x74,0x68,0x3d,0x22,0x32,0x22,0x20,0x73,0x74,0x72,
  0x6f,0x6b,0x65,0x2d,0x6c,0x69,0x6e,0x65,0x63,0x61,0x70,0x3d,0x22,0x72,0x6f,0x75,
  0x6e,0x64,0x22,0x20,0x73,0x74,0x72,0x6f,0x6b,0x65,0x2d,0x6c,0x69,0x6e,0x65,0x6a,
  0x6f,0x69,0x6e,0x3d,0x22,0x72,0x6f,0x75,0x6e,0x64,0x22,0x20,0x63,0x6c,0x61,0x73,
  0x73,0x3d,0x22,0x66,0x65,0x61,0x74,0x68,0x65,0x72,0x20,0x66,0x65,0x61,0x74,0x68,
  0x65,0x72,0x2d,0x62,0x72,0x69,0x65,0x66,0x63,0x61,0x73,0x65,0x22,0x3e,0x3c,0x72,
  0x65,0x63,0x74,0x20,0x78,0x3d,0x22,0x32,0x22,0x20,0x79,0x3d,0x22,0x37,0x22,0x20,
  0x77,0x69,0x64,0x74,0x68,0x3d,0x22,0x32,0x30,0x22,0x20,0x68,0x65,0x69,0x67,0x68,
  0x74,0x3d,0x22,0x31,0x34,0x22,0x20,0x72,0x78,0x3d,0x22,0x32,0x22,0x20,0x72,0x79,
  0x3d,0x22,0x32,0x22,0x3e,0x3c,0x2f,0x72,0x65,0x63,0x74,0x3e,0x3c,0x70,0x61,0x74,
  0x68,0x20,0x64,0x3d,0x22,0x4d,0x31,0x36,0x20,0x32,0x31,0x56,0x35,0x61,0x32,0x20,
  0x32,0x20,0x30,0x20,0x30,0x20,0x30,0x2d,0x32,0x2d,0x32,0x68,0x2d,0x34,0x61,0x32,
  0x20,0x32,0x20,0x30,0x20,0x30,0x20,0x30,0x2d,0x32,0x20,0x32,0x76,0x31,0x36,0x22,
  0x3e,0x3c,0x2f,0x70,0x61,0x74,0x68,0x3e,0x3c,0x2f,0x73,0x76,0x67,0x3e,
    // alert-octagon.svg
  0x0,0x0,0x1,0x98,
  0x3c,
  0x73,0x76,0x67,0x20,0x78,0x6d,0x6c,0x6e,0x73,0x3d,0x22,0x68,0x74,0x74,0x70,0x3a,
  0x2f,0x2f,0x77,0x77,0x77,0x2e,0x77,0x33,0x2e,0x6f,0x72,0x67,0x2f,0x32,0x30,0x30,
  0x30,0x2f,0x73,0x76,0x67,0x22,0x20,0x77,0x69,0x64,0x74,0x68,0x3d,0x22,0x32,0x34,
  0x22,0x20,0x68,0x65,0x69,0x67,0x68,0x74,0x3d,0x22,0x32,0x34,0x22,0x20,0x76,0x69,
  0x65,0x77,0x42,0x6f,0x78,0x3d,0x22,0x30,0x20,0x30,0x20,0x32,0x34,0x20,0x32,0x34,
  0x22,0x20,0x66,0x69,0x6c,0x6c,0x3d,0x22,0x6e,0x6f,0x6e,0x65,0x22,0x20,0x73,0x74,
  0x72,0x6f,0x6b,0x65,0x3d,0x22,0x23,0x66,0x66,0x66,0x22,0x20,0x73,0x74,0x72,0x6f,
  0x6b,0x65,0x2d,0x77,0x69,0x64,0x74,0x68,0x3d,0x22,0x32,0x22,0x20,0x73,0x74,0x72,
  0x6f,0x6b,0x65,0x2d,0x6c,0x69,0x6e,0x65,0x63,0x61,0x70,0x3d,0x22,0x72,0x6f,0x75,
  0x6e,0x64,0x22,0x20,0x73,0x74,0x72,0x6f,0x6b,0x65,0x2d,0x6c,0x69,0x6e,0x65,0x6a,
  0x6f,0x69,0x6e,0x3d,0x22,0x72,0x6f,0x75,0x6e,0x64,0x22,0x20,0x63,0x6c,0x61,0x73,
  0x73,0x3d,0x22,0x66,0x65,0x61,0x74,0x68,0x65,0x72,0x20,0x66,0x65,0x61,0x74,0x68,
  0x65,0x72,0x2d,0x61,0x6c,0x65,0x72,0x74,0x2d,0x6f,0x63,0x74,0x61,0x67,0x6f,0x6e,
  0x22,0x3e,0x3c,0x70,0x6f,0x6c,0x79,0x67,0x6f,0x6e,0x20,0x70,0x6f,0x69,0x6e,0x74,
  0x73,0x3d,0x22,0x37,0x2e,0x38,0x36,0x20,0x32,0x20,0x31,0x36,0x2e,0x31,0x34,0x20,
  0x32,0x20,0x32,0x32,0x20,0x37,0x2e,0x38,0x36,0x20,0x32,0x32,0x20,0x31,0x36,0x2e,
  0x31,0x34,0x20,0x31,0x36,0x2e,0x31,0x34,0x20,0x32,0x32,0x20,0x37,0x2e,0x38,0x36,
  0x20,0x32,0x32,0x20,0x32,0x20,0x31,0x36,0x2e,0x31,0x34,0x20,0x32,0x20,0x37,0x2e,
  0x38,0x36,0x20,0x37,0x2e,0x38,0x36,0x20,0x32,0x22,0x3e,0x3c,0x2f,0x70,0x6f,0x6c,
  0x79,0x67,0x6f,0x6e,0x3e,0x3c,0x6c,0x69,0x6e,0x65,0x20,0x78,0x31,0x3d,0x22,0x31,
  0x32,0x22,0x20,0x79,0x31,0x3d,0x22,0x38,0x22,0x20,0x78,0x32,0x3d,0x22,0x31,0x32,
  0x22,0x20,0x79,0x32,0x3d,0x22,0x31,0x32,0x22,0x3e,0x3c,0x2f,0x6c,0x69,0x6e,0x65,
  0x3e,0x3c,0x6c,0x69,0x6e,0x65,0x20,0x78,0x31,0x3d,0x22,0x31,0x32,0x22,0x20,0x79,
  0x31,0x3d,0x22,0x31,0x36,0x22,0x20,0x78,0x32,0x3d,0x22,0x31,0x32,0x2e,0x30,0x31,
  0x22,0x20,0x79,0x32,0x3d,0x22,0x31,0x36,0x22,0x3e,0x3c,0x2f,0x6c,0x69,0x6e,0x65,
  0x3e,0x3c,0x2f,0x73,0x76,0x67,0x3e,
    // paperclip.svg
  0x0,0x0,0x1,0x58,
  0x3c,
  0x73,0x76,0x67,0x20,0x78,0x6d,0x6c,0x6e,0x73,0x3d,0x22,0x68,0x74,0x74,0x70,0x3a,
  0x2f,0x2f,0x77,0x77,0x77,0x2e,0x77,0x33,0x2e,0x6f,0x72,0x67,0x2f,0x32,0x30,0x30,
  0x30,0x2f,0x73,0x76,0x67,0x22,0x20,0x77,0x69,0x64,0x74,0x68,0x3d,0x22,0x32,0x34,
  0x22,0x20,0x68,0x65,0x69,0x67,0x68,0x74,0x3d,0x22,0x32,0x34,0x22,0x20,0x76,0x69,
  0x65,0x77,0x42,0x6f,0x78,0x3d,0x22,0x30,0x20,0x30,0x20,0x32,0x34,0x20,0x32,0x34,
  0x22,0x20,0x66,0x69,0x6c,0x6c,0x3d,0x22,0x6e,0x6f,0x6e,0x65,0x22,0x20,0x73,0x74,
  0x72,0x6f,0x6b,0x65,0x3d,0x22,0x23,0x66,0x66,0x66,0x22,0x20,0x73,0x74,0x72,0x6f,
  0x6b,0x65,0x2d,0x77,0x69,0x64,0x74,0x68,0x3d,0x22,0x32,0x22,0x20,0x73,0x74,0x72,
  0x6f,0x6b,0x65,0x2d,0x6c,0x69,0x6e,0x65,0x63,0x61,0x70,0x3d,0x22,0x72,0x6f,0x75,
  0x6e,0x64,0x22,0x20,0x73,0x74,0x72,0x6f,0x6b,0x65,0x2d,0x6c,0x69,0x6e,0x65,0x6a,
  0x6f,0x69,0x6e,0x3d,0x22,0x72,0x6f,0x75,0x6e,0x64,0x22,0x20,0x63,0x6c,0x61,0x73,
  0x73,0x3d,0x22,0x66,0x65,0x61,0x74,0x68,0x65,0x72,0x20,0x66,0x65,0x61,0x74,0x68,
  0x65,0x72,0x2d,0x70,0x61,0x70,0x65,0x72,0x63,0x6c,0x69,0x70,0x22,0x3e,0x3c,0x70,
  0x61,0x74,0x68,0x20,0x64,0x3d,0x22,0x4d,0x32,0x31,0x2e,0x34,0x34,0x20,0x31,0x31,
  0x2e,0x30,0x35,0x6c,0x2d,0x39,0x2e,0x31,0x39,0x20,0x39,0x2e,0x31,0x39,0x61,0x36,
  0x20,0x36,0x20,0x30,0x20,0x30,0x20,0x31,0x2d,0x38,0x2e,0x34,0x39,0x2d,0x38,0x2e,
  0x34,0x39,0x6c,0x39,0x2e,0x31,0x39,0x2d,0x39,0x2e,0x31,0x39,0x61,0x34,0x20,0x34,
  0x20,0x30,0x20,0x30,0x20,0x31,0x20,0x35,0x2e,0x36,0x36,0x20,0x35,0x2e,0x36,0x36,
  0x6c,0x2d,0x39,0x2e,0x32,0x20,0x39,0x2e,0x31,0x39,0x61,0x32,0x20,0x32,0x20,0x30,
  0x20,0x30,0x20,0x31,0x2d,0x32,0x2e,0x38,0x33,0x2d,0x32,0x2e,0x38,0x33,0x6c,0x38,
  0x2e,0x34,0x39,0x2d,0x38,0x2e,0x34,0x38,0x22,0x3e,0x3c,0x2f,0x70,0x61,0x74,0x68,
  0x3e,0x3c,0x2f,0x73,0x76,0x67,0x3e,
    // users.svg
  0x0,0x0,0x1,0x88,
  0x3c,
  0x73,0x76,0x67,0x20,0x78,0x6d,0x6c,0x6e,0x73,0x3d,0x22,0x68,0x74,0x74,0x70,0x3a,
  0x2f,0x2f,0x77,0x77,0x77,0x2e,0x77,0x33,0x2e,0x6f,0x72,0x67,0x2f,0x32,0x30,0x30,
  0x30,0x2f,0x73,0x76,0x67,0x22,0x20,0x77,0x69,0x64,0x74,0x68,0x3d,0x22,0x32,0x34,
  0x22,0x20,0x68,0x65,0x69,0x67,0x68,0x74,0x3d,0x22,0x32,0x34,0x22,0x20,0x76,0x69,
  0x65,0x77,0x42,0x6f,0x78,0x3d,0x22,0x30,0x20,0x30,0x20,0x32,0x34,0x20,0x32,0x34,
  0x22,0x20,0x66,0x69,0x6c,0x6c,0x3d,0x22,0x6e,0x6f,0x6e,0x65,0x22,0x20,0x73,0x74,
  0x72,0x6f,0x6b,0x65,0x3d,0x22,0x23,0x66,0x66,0x66,0x22,0x20,0x73,0x74,0x72,0x6f,
  0x6b,0x65,0x2d,0x77,0x69,0x64,0x74,0x68,0x3d,0x22,0x32,0x22,0x20,0x73,0x74,0x72,
  0x6f,0x6b,0x65,0x2d,0x6c,0x69,0x6e,0x65,0x63,0x61,0x70,0x3d,0x22,0x72,0x6f,0x75,
  0x6e,0x64,0x22,0x20,0x73,0x74,0x72,0x6f,0x6b,0x65,0x2d,0x6c,0x69,0x6e,0x65,0x6a,
  0x6f,0x69,0x6e,0x3d,0x22,0x72,0x6f,0x75,0x6e,0x64,0x22,0x20,0x63,0x6c,0x61,0x73,
  0x73,0x3d,0x22,0x66,0x65,0x61,0x74,0x68,0x65,0x72,0x20,0x66,0x65,0x61,0x74,0x68,
  0x65,0x72,0x2d,0x75,0x73,0x65,0x72,0x73,0x22,0x3e,0x3c,0x70,0x61,0x74,0x68,0x20,
  0x64,0x3d,0x22,0x4d,0x31,0x37,0x20,0x32,0x31,0x76,0x2d,0x32,0x61,0x34,0x20,0x34,
  0x20,0x30,0x20,0x30,0x20,0x30,0x2d,0x34,0x2d,0x34,0x48,0x35,0x61,0x34,0x20,0x34,
  0x20,0x30,0x20,0x30,0x20,0x30,0x2d,0x34,0x20,0x34,0x76,0x32,0x22,0x3e,0x3c,0x2f,
  0x70,0x61,0x74,0x68,0x3e,0x3c,0x63,0x69,0x72,0x63,0x6c,0x65,0x20,0x63,0x78,0x3d,
  0x22,0x39,0x22,0x20,0x63,0x79,0x3d,0x22,0x37,0x22,0x20,0x72,0x3d,0x22,0x34,0x22,
  0x3e,0x3c,0x2f,0x63,0x69,0x72,0x63,0x6c,0x65,0x3e,0x3c,0x70,0x61,0x74,0x68,0x20,
  0x64,0x3d,0x22,0x4d,0x32,0x33,0x20,0x32,0x31,0x76,0x2d,0x32,0x61,0x34,0x20,0x34,
  0x20,0x30,0x20,0x30,0x20,0x30,0x2d,0x33,0x2d,0x33,0x2e,0x38,0x37,0x22,0x3e,0x3c,
  0x2f,0x70,0x61,0x74,0x68,0x3e,0x3c,0x70,0x61,0x74,0x68,0x20,0x64,0x3d,0x22,0x4d,
  0x31,0x36,0x20,0x33,0x2e,0x31,0x33,0x61,0x34,0x20,0x34,0x20,0x30,0x20,0x30,0x20,
  0x31,0x20,0x30,0x20,0x37,0x2e,0x37,0x35,0x22,0x3e,0x3c,0x2f,0x70,0x61,0x74,0x68,
  0x3e,0x3c,0x2f,0x73,0x76,0x67,0x3e,
    // help-circle.svg
  0x0,0x0,0x1,0x65,
  0x3c,
  0x73,0x76,0x67,0x20,0x78,0x6d,0x6c,0x6e,0x73,0x3d,0x22,0x68,0x74,0x74,0x70,0x3a,
  0x2f,0x2f,0x77,0x77,0x77,0x2e,0x77,0x33,0x2e,0x6f,0x72,0x67,0x2f,0x32,0x30,0x30,
  0x30,0x2f,0x73,0x76,0x67,0x22,0x20,0x77,0x69,0x64,0x74,0x68,0x3d,0x22,0x32,0x34,
  0x22,0x20,0x68,0x65,0x69,0x67,0x68,0x74,0x3d,0x22,0x32,0x34,0x22,0x20,0x76,0x69,
  0x65,0x77,0x42,0x6f,0x78,0x3d,0x22,0x30,0x20,0x30,0x20,0x32,0x34,0x20,0x32,0x34,
  0x22,0x20,0x66,0x69,0x6c,0x6c,0x3d,0x22,0x6e,0x6f,0x6e,0x65,0x22,0x20,0x73,0x74,
  0x72,0x6f,0x6b,0x65,0x3d,0x22,0x23,0x66,0x66,0x66,0x22,0x20,0x73,0x74,0x72,0x6f,
  0x6b,0x65,0x2d,0x77,0x69,0x64,0x74,0x68,0x3d,0x22,0x32,0x22,0x20,0x73,0x74,0x72,
  0x6f,0x6b,0x65,0x2d,0x6c,0x69,0x6e,0x65,0x63,0x61,0x70,0x3d,0x22,0x72,0x6f,0x75,
  0x6e,0x64,0x22,0x20,0x73,0x74,0x72,0x6f,0x6b,0x65,0x2d,0x6c,0x69,0x6e,0x65,0x6a,
  0x6f,0x69,0x6e,0x3d,0x22,0x72,0x6f,0x75,0x6e,0x64,0x22,0x20,0x63,0x6c,0x61,0x73,
  0x73,0x3d,0x22,0x66,0x65,0x61,0x74,0x68,0x65,0x72,0x20,0x66,0x65,0x61,0x74,0x68,
  0x65,0x72,0x2d,0x68,0x65,0x6c,0x70,0x2d,0x63,0x69,0x72,0x63,0x6c,0x65,0x22,0x3e,
  0x3c,0x63,0x69,0x72,0x63,0x6c,0x65,0x20,0x63,0x78,0x3d,0x22,0x31,0x32,0x22,0x20,
  0x63,0x79,0x3d,0x22,0x31,0x32,0x22,0x20,0x72,0x3d,0x22,0x31,0x30,0x22,0x3e,0x3c,
  0x2f,0x63,0x69,0x72,0x63,0x6c,0x65,0x3e,0x3c,0x70,0x61,0x74,0x68,0x20,0x64,0x3d,
  0x22,0x4d,0x39,0x2e,0x30,0x39,0x20,0x39,0x61,0x33,0x20,0x33,0x20,0x30,0x20,0x30,
  0x20,0x31,0x20,0x35,0x2e,0x38,0x33,0x20,0x31,0x63,0x30,0x20,0x32,0x2d,0x33,0x20,
  0x33,0x2d,0x33,0x20,0x33,0x22,0x3e,0x3c,0x2f,0x70,0x61,0x74,0x68,0x3e,0x3c,0x6c,
  0x69,0x6e,0x65,0x20,0x78,0x31,0x3d,0x22,0x31,0x32,0x22,0x20,0x79,0x31,0x3d,0x22,
  0x31,0x37,0x22,0x20,0x78,0x32,0x3d,0x22,0x31,0x32,0x2e,0x30,0x31,0x22,0x20,0x79,
  0x32,0x3d,0x22,0x31,0x37,0x22,0x3e,0x3c,0x2f,0x6c,0x69,0x6e,0x65,0x3e,0x3c,0x2f,
  0x73,0x76,0x67,0x3e,
    // twitch.svg
  0x0,0x0,0x1,0xd,
  0x3c,
  0x73,0x76,0x67,0x20,0x78,0x6d,0x6c,0x6e,0x73,0x3d,0x22,0x68,0x74,0x74,0x70,0x3a,
  0x2f,0x2f,0x77,0x77,0x77,0x2e,0x77,0x33,0x2e,0x6f,0x72,0x67,0x2f,0x32,0x30,0x30,
  0x30,0x2f,0x73,0x76,0x67,0x22,0x20,0x77,0x69,0x64,0x74,0x68,0x3d,0x22,0x32,0x34,
  0x22,0x20,0x68,0x65,0x69,0x67,0x68,0x74,0x3d,0x22,0x32,0x34,0x22,0x20,0x76,0x69,
  0x65,0x77,0x42,0x6f,0x78,0x3d,0x22,0x30,0x20,0x30,0x20,0x32,0x34,0x20,0x32,0x34,
  0x22,0x20,0x66,0x69,0x6c,0x6c,0x3d,0x22,0x6e,0x6f,0x6e,0x65,0x22,0x20,0x73,0x74,
  0x72,0x6f,0x6b,0x65,0x3d,0x22,0x23,0x66,0x66,0x66,0x22,0x20,0x73,0x74,0x72,0x6f,
  0x6b,0x65,0x2d,0x77,0x69,0x64,0x74,0x68,0x3d,0x22,0x32,0x22,0x20,0x73,0x74,0x72,
  0x6f,0x6b,0x65,0x2d,0x6c,0x69,0x6e,0x65,0x63,0x61,0x70,0x3d,0x22,0x72,0x6f,0x75,
  0x6e,0x64,0x22,0x20,0x73,0x74,0x72,0x6f,0x6b,0x65,0x2d,0x6c,0x69,0x6e,0x65,0x6a,
  0x6f,0x69,0x6e,0x3d,0x22,0x72,0x6f,0x75,0x6e,0x64,0x22,0x20,0x63,0x6c,0x61,0x73,
  0x73,0x3d,0x22,0x66,0x65,0x61,0x74,0x68,0x65,0x72,0x20,0x66,0x65,0x61,0x74,0x68,
  0x65,0x72,0x2d,0x74,0x77,0x69,0x74,0x63,0x68,0x22,0x3e,0x3c,0x70,0x61,0x74,0x68,
  0x20,0x64,0x3d,0x22,0x4d,0x32,0x31,0x20,0x32,0x48,0x33,0x76,0x31,0x36,0x68,0x35,
  0x76,0x34,0x6c,0x34,0x2d,0x34,0x68,0x35,0x6c,0x34,0x2d,0x34,0x56,0x32,0x7a,0x6d,
  0x2d,0x31,0x30,0x20,0x39,0x56,0x37,0x6d,0x35,0x20,0x34,0x56,0x37,0x22,0x3e,0x3c,
  0x2f,0x70,0x61,0x74,0x68,0x3e,0x3c,0x2f,0x73,0x76,0x67,0x3e,
    // dribbble.svg
  0x0,0x0,0x1,0xa0,
  0x3c,
  0x73,0x76,0x67,0x20,0x78,0x6d,0x6c,0x6e,0x73,0x3d,0x22,0x68,0x74,0x74,0x70,0x3a,
  0x2f,0x2f,0x77,0x77,0x77,0x2e,0x77,0x33,0x2e,0x6f,0x72,0x67,0x2f,0x32,0x30,0x30,
  0x30,0x2f,0x73,0x76,0x67,0x22,0x20,0x77,0x69,0x64,0x74,0x68,0x3d,0x22,0x32,0x34,
  0x22,0x20,0x68,0x65,0x69,0x67,0x68,0x74,0x3d,0x22,0x32,0x34,0x22,0x20,0x76,0x69,
  0x65,0x77,0x42,0x6f,0x78,0x3d,0x22,0x30,0x20,0x30,0x20,0x32,0x34,0x20,0x32,0x34,
  0x22,0x20,0x66,0x69,0x6c,0x6c,0x3d,0x22,0x6e,0x6f,0x6e,0x65,0x22,0x20,0x73,0x74,
  0x72,0x6f,0x6b,0x65,0x3d,0x22,0x23,0x66,0x66,0x66,0x22,0x20,0x73,0x74,0x72,0x6f,
  0x6b,0x65,0x2d,0x77,0x69,0x64,0x74,0x68,0x3d,0x22,0x32,0x22,0x20,0x73,0x74,0x72,
  0x6f,0x6b,0x65,0x2d,0x6c,0x69,0x6e,0x65,0x63,0x61,0x70,0x3d,0x22,0x72,0x6f,0x75,
  0x6e,0x64,0x22,0x20,0x73,0x74,0x72,0x6f,0x6b,0x65,0x2d,0x6c,0x69,0x6e,0x65,0x6a,
  0x6f,0x69,0x6e,0x3d,0x22,0x72,0x6f,0x75,0x6e,0x64,0x22,0x20,0x63,0x6c,0x61,0x73,
  0x73,0x3d,0x22,0x66,0x65,0x61,0x74,0x68,0x65,0x72,0x20,0x66,0x65,0x61,0x74,0x68,
  0x65,0x72,0x2d,0x64,0x72,0x69,0x62,0x62,0x62,0x6c,0x65,0x22,0x3e,0x3c,0x63,0x69,
  0x72,0x63,0x6c,0x65,0x20,0x63,0x78,0x3d,0x22,0x31,0x32,0x22,0x20,0x63,0x79,0x3d,
  0x22,0x31,0x32,0x22,0x20,0x72,0x3d,0x22,0x31,0x30,0x22,0x3e,0x3c,0x2f,0x63,0x69,
  0x72,0x63,0x6c,0x65,0x3e,0x3c,0x70,0x61,0x74,0x68,0x20,0x64,0x3d,0x22,0x4d,0x38,
  0x2e,0x35,0x36,0x20,0x32,0x2e,0x37,0x35,0x63,0x34,0x2e,0x33,0x37,0x20,0x36,0x2e,
  0x30,0x33,0x20,0x36,0x2e,0x30,0x32,0x20,0x39,0x2e,0x34,0x32,0x20,0x38,0x2e,0x30,
  0x33,0x20,0x31,0x37,0x2e,0x37,0x32,0x6d,0x32,0x2e,0x35,0x34,0x2d,0x31,0x35,0x2e,
  0x33,0x38,0x63,0x2d,0x33,0x2e,0x37,0x32,0x20,0x34,0x2e,0x33,0x35,0x2d,0x38,0x2e,
  0x39,0x34,0x20,0x35,0x2e,0x36,0x36,0x2d,0x31,0x36,0x2e,0x38,0x38,0x20,0x35,0x2e,
  0x38,0x35,0x6d,0x31,0x39,0x2e,0x35,0x20,0x31,0x2e,0x39,0x63,0x2d,0x33,0x2e,0x35,
  0x2d,0x2e,0x39,0x33,0x2d,0x36,0x2e,0x36,0x33,0x2d,0x2e,0x38,0x32,0x2d,0x38,0x2e,
  0x39,0x34,0x20,0x30,0x2d,0x32,0x2e,0x35,0x38,0x2e,0x39,0x32,0x2d,0x35,0x2e,0x30,
  0x31,0x20,0x32,0x2e,0x38,0x36,0x2d,0x37,0x2e,0x34,0x34,0x20,0x36,0x2e,0x33,0x32,
  0x22,0x3e,0x3c,0x2f,0x70,0x61,0x74,0x68,0x3e,0x3c,0x2f,0x73,0x76,0x67,0x3e,
    // sunset.svg
  0x0,0x0,0x2,0x44,
  0x3c,
  0x73,0x76,0x67,0x20,0x78,0x6d,0x6c,0x6e,0x73,0x3d,0x22,0x68,0x74,0x74,0x70,0x3a,
  0x2f,0x2f,0x77,0x77,0x77,0x2e,0x77,0x33,0x2e,0x6f,0x72,0x67,0x2f,0x32,0x30,0x30,
  0x30,0x2f,0x73,0x76,0x67,0x22,0x20,0x77,0x69,0x64,0x74,0x68,0x3d,0x22,0x32,0x34,
  0x22,0x20,0x68,0x65,0x69,0x67,0x68,0x74,0x3d,0x22,0x32,0x34,0x22,0x20,0x76,0x69,
  0x65,0x77,0x42,0x6f,0x78,0x3d,0x22,0x30,0x20,0x30,0x20,0x32,0x34,0x20,0x32,0x34,
  0x22,0x20,0x66,0x69,0x6c,0x6c,0x3d,0x22,0x6e,0x6f,0x6e,0x65,0x22,0x20,0x73,0x74,
  0x72,0x6f,0x6b,0x65,0x3d,0x22,0x23,0x66,0x66,0x66,0x22,0x20,0x73,0x74,0x72,0x6f,
  0x6b,0x65,0x2d,0x77,0x69,0x64,0x74,0x68,0x3d,0x22,0x32,0x22,0x20,0x73,0x74,0x72,
  0x6f,0x6b,0x65,0x2d,0x6c,0x69,0x6e,0x65,0x63,0x61,0x70,0x3d,0x22,0x72,0x6f,0x75,
  0x6e,0x64,0x22,0x20,0x73,0x74,0x72,0x6f,0x6b,0x65,0x2d,0x6c,0x69,0x6e,0x65,0x6a,
  0x6f,0x69,0x6e,0x3d,0x22,0x72,0x6f,0x75,0x6e,0x64,0x22,0x20,0x63,0x6c,0x61,0x73,
  0x73,0x3d,0x22,0x66,0x65,0x61,0x74,0x68,0x65,0x72,0x20,0x66,0x65,0x61,0x74,0x68,
  0x65,0x72,0x2d,0x73,0x75,0x6e,0x73,0x65,0x74,0x22,0x3e,0x3c,0x70,0x61,0x74,0x68,
  0x20,0x64,0x3d,0x22,0x4d,0x31,0x37,0x20,0x31,0x38,0x61,0x35,0x20,0x35,0x20,0x30,
  0x20,0x30,0x20,0x30,0x2d,0x31,0x30,0x20,0x30,0x22,0x3e,0x3c,0x2f,0x70,0x61,0x74,
  0x68,0x3e,0x3c,0x6c,0x69,0x6e,0x65,0x20,0x78,0x31,0x3d,0x22,0x31,0x32,0x22,0x20,
  0x79,0x31,0x3d,0x22,0x39,0x22,0x20,0x78,0x32,0x3d,0x22,0x31,0x32,0x22,0x20,0x79,
  0x32,0x3d,0x22,0x32,0x22,0x3e,0x3c,0x2f,0x6c,0x69,0x6e,0x65,0x3e,0x3c,0x6c,0x69,
  0x6e,0x65,0x20,0x78,0x31,0x3d,0x22,0x34,0x2e,0x32,0x32,0x22,0x20,0x79,0x31,0x3d,
  0x22,0x31,0x30,0x2e,0x32,0x32,0x22,0x20,0x78,0x32,0x3d,0x22,0x35,0x2e,0x36,0x34,
  0x22,0x20,0x79,0x32,0x3d,0x22,0x31,0x31,0x2e,0x36,0x34,0x22,0x3e,0x3c,0x2f,0x6c,
  0x69,0x6e,0x65,0x3e,0x3c,0x6c,0x69,0x6e,0x65,0x20,0x78,0x31,0x3d,0x22,0x31,0x22,
  0x20,0x79,0x31,0x3d,0x22,0x31,0x38,0x22,0x20,0x78,0x32,0x3d,0x22,0x33,0x22,0x20,
  0x79,0x32,0x3d,0x22,0x31,0x38,0x22,0x3e,0x3c,0x2f,0x6c,0x69,0x6e,0x65,0x3e,0x3c,
  0x6c,0x69,0x6e,0x65,0x20,0x78,0x31,0x3d,0x22,0x32,0x31,0x22,0x20,0x79,0x31,0x3d,
  0x22,0x31,0x38,0x22,0x20,0x78,0x32,0x3d,0x22,0x32,0x33,0x22,0x20,0x79,0x32,0x3d,
  0x22,0x31,0x38,0x22,0x3e,0x3c,0x2f,0x6c,0x69,0x6e,0x65,0x3e,0x3c,0x6c,0x69,0x6e,
  0x65,0x20,0x78,0x31,0x3d,0x22,0x31,0x38,0x2e,0x33,0x36,0x22,0x20,0x79,0x31,0x3d,
  0x22,0x31,0x31,0x2e,0x36,0x34,0x22,0x20,0x78,0x32,0x3d,0x22,0x31,0x39,0x2e,0x37,
  0x38,0x22,0x20,0x79,0x32,0x3d,0x22,0x31,0x30,0x2e,0x32,0x32,0x22,0x3e,0x3c,0x2f,
  0x6c,0x69,0x6e,0x65,0x3e,0x3c,0x6c,0x69,0x6e,0x65,0x20,0x78,0x31,0x3d,0x22,0x32,
  0x33,0x22,0x20,0x79,0x31,0x3d,0x22,0x32,0x32,0x22,0x20,0x78,0x32,0x3d,0x22,0x31,
  0x22,0x20,0x79,0x32,0x3d,0x22,0x32,0x32,0x22,0x3e,0x3c,0x2f,0x6c,0x69,0x6e,0x65,
  0x3e,0x3c,0x70,0x6f,0x6c,0x79,0x6c,0x69,0x6e,0x65,0x20,0x70,0x6f,0x69,0x6e,0x74,
  0x73,0x3d,0x22,0x31,0x36,0x20,0x35,0x20,0x31,0x32,0x20,0x39,0x20,0x38,0x20,0x35,
  0x22,0x3e,0x3c,0x2f,0x70,0x6f,0x6c,0x79,0x6c,0x69,0x6e,0x65,0x3e,0x3c,0x2f,0x73,
  0x76,0x67,0x3e,
    // monitor.svg
  0x0,0x0,0x1,0x6a,
  0x3c,
  0x73,0x76,0x67,0x20,0x78,0x6d,0x6c,0x6e,0x73,0x3d,0x22,0x68,0x74,0x74,0x70,0x3a,
  0x2f,0x2f,0x77,0x77,0x77,0x2e,0x77,0x33,0x2e,0x6f,0x72,0x67,0x2f,0x32,0x30,0x30,
  0x30,0x2f,0x73,0x76,0x67,0x22,0x20,0x77,0x69,0x64,0x74,0x68,0x3d,0x22,0x32,0x34,
  0x22,0x20,0x68,0x65,0x69,0x67,0x68,0x74,0x3d,0x22,0x32,0x34,0x22,0x20,0x76,0x69,
  0x65,0x77,0x42,0x6f,0x78,0x3d,0x22,0x30,0x20,0x30,0x20,0x32,0x34,0x20,0x32,0x34,
  0x22,0x20,0x66,0x69,0x6c,0x6c,0x3d,0x22,0x6e,0x6f,0x6e,0x65,0x22,0x20,0x73,0x74,
  0x72,0x6f,0x6b,0x65,0x3d,0x22,0x23,0x66,0x66,0x66,0x22,0x20,0x73,0x74,0x72,0x6f,
  0x6b,0x65,0x2d,0x77,0x69,0x64,0x74,0x68,0x3d,0x22,0x32,0x22,0x20,0x73,0x74,0x72,
  0x6f,0x6b,0x65,0x2d,0x6c,0x69,0x6e,0x65,0x63,0x61,0x70,0x3d,0x22,0x72,0x6f,0x75,
  0x6e,0x64,0x22,0x20,0x73,0x74,0x72,0x6f,0x6b,0x65,0x2d,0x6c,0x69,0x6e,0x65,0x6a,
  0x6f,0x69,0x6e,0x3d,0x22,0x72,0x6f,0x75,0x6e,0x64,0x22,0x20,0x63,0x6c,0x61,0x73,
  0x73,0x3d,0x22,0x66,0x65,0x61,0x74,0x68,0x65,0x72,0x20,0x66,0x65,0x61,0x74,0x68,
  0x65,0x72,0x2d,0x6d,0x6f,0x6e,0x69,0x74,0x6f,0x72,0x22,0x3e,0x3c,0x72,0x65,0x63,
  0x74,0x20,0x78,0x3d,0x22,0x32,0x22,0x20,0x79,0x3d,0x22,0x33,0x22,0x20,0x77,0x69,
  0x64,0x74,0x68,0x3d,0x22,0x32,0x30,0x22,0x20,0x68,0x65,0x69,0x67,0x68,0x74,0x3d,
  0x22,0x31,0x34,0x22,0x20,0x72,0x78,0x3d,0x22,0x32,0x22,0x20,0x72,0x79,0x3d,0x22,
  0x32,0x22,0x3e,0x3c,0x2f,0x72,0x65,0x63,0x74,0x3e,0x3c,0x6c,0x69,0x6e,0x65,0x20,
  0x78,0x31,0x3d,0x22,0x38,0x22,0x20,0x79,0x31,0x3d,0x22,0x32,0x31,0x22,0x20,0x78,
  0x32,0x3d,0x22,0x31,0x36,0x22,0x20,0x79,0x32,0x3d,0x22,0x32,0x31,0x22,0x3e,0x3c,
  0x2f,0x6c,0x69,0x6e,0x65,0x3e,0x3c,0x6c,0x69,0x6e,0x65,0x20,0x78,0x31,0x3d,0x22,
  0x31,0x32,0x22,0x20,0x79,0x31,0x3d,0x22,0x31,0x37,0x22,0x20,0x78,0x32,0x3d,0x22,
  0x31,0x32,0x22,0x20,0x79,0x32,0x3d,0x22,0x32,0x31,0x22,0x3e,0x3c,0x2f,0x6c,0x69,
  0x6e,0x65,0x3e,0x3c,0x2f,0x73,0x76,0x67,0x3e,
    // zap-off.svg
  0x0,0x0,0x1,0xa9,
  0x3c,
  0x73,0x76,0x67,0x20,0x78,0x6d,0x6c,0x6e,0x73,0x3d,0x22,0x68,0x74,0x74,0x70,0x3a,
  0x2f,0x2f,0x77,0x77,0x77,0x2e,0x77,0x33,0x2e,0x6f,0x72,0x67,0x2f,0x32,0x30,0x30,
  0x30,0x2f,0x73,0x76,0x67,0x22,0x20,0x77,0x69,0x64,0x74,0x68,0x3d,0x22,0x32,0x34,
  0x22,0x20,0x68,0x65,0x69,0x67,0x68,0x74,0x3d,0x22,0x32,0x34,0x22,0x20,0x76,0x69,
  0x65,0x77,0x42,0x6f,0x78,0x3d,0x22,0x30,0x20,0x30,0x20,0x32,0x34,0x20,0x32,0x34,
  0x22,0x20,0x66,0x69,0x6c,0x6c,0x3d,0x22,0x6e,0x6f,0x6e,0x65,0x22,0x20,0x73,0x74,
  0x72,0x6f,0x6b,0x65,0x3d,0x22,0x23,0x66,0x66,0x66,0x22,0x20,0x73,0x74,0x72,0x6f,
  0x6b,0x65,0x2d,0x77,0x69,0x64,0x74,0x68,0x3d,0x22,0x32,0x22,0x20,0x73,0x74,0x72,
  0x6f,0x6b,0x65,0x2d,0x6c,0x69,0x6e,0x65,0x63,0x61,0x70,0x3d,0x22,0x72,0x6f,0x75,
  0x6e,0x64,0x22,0x20,0x73,0x74,0x72,0x6f,0x6b,0x65,0x2d,0x6c,0x69,0x6e,0x65,0x6a,
  0x6f,0x69,0x6e,0x3d,0x22,0x72,0x6f,0x75,0x6e,0x64,0x22,0x20,0x63,0x6c,0x61,0x73,
  0x73,0x3d,0x22,0x66,0x65,0x61,0x74,0x68,0x65,0x72,0x20,0x66,0x65,0x61,0x74,0x68,
  0x65,0x72,0x2d,0x7a,0x61,0x70,0x2d,0x6f,0x66,0x66,0x22,0x3e,0x3c,0x70,0x6f,0x6c,
  0x79,0x6c,0x69,0x6e,0x65,0x20,0x70,0x6f,0x69,0x6e,0x74,0x73,0x3d,0x22,0x31,0x32,
  0x2e,0x34,0x31,0x20,0x36,0x2e,0x37,0x35,0x20,0x31,0x33,0x20,0x32,0x20,0x31,0x30,
  0x2e,0x35,0x37,0x20,0x34,0x2e,0x39,0x32,0x22,0x3e,0x3c,0x2f,0x70,0x6f,0x6c,0x79,
  0x6c,0x69,0x6e,0x65,0x3e,0x3c,0x70,0x6f,0x6c,0x79,0x6c,0x69,0x6e,0x65,0x20,0x70,
  0x6f,0x69,0x6e,0x74,0x73,0x3d,0x22,0x31,0x38,0x2e,0x35,0x37,0x20,0x31,0x32,0x2e,
  0x39,0x31,0x20,0x32,0x31,0x20,0x31,0x30,0x20,0x31,0x35,0x2e,0x36,0x36,0x20,0x31,
  0x30,0x22,0x3e,0x3c,0x2f,0x70,0x6f,0x6c,0x79,0x6c,0x69,0x6e,0x65,0x3e,0x3c,0x70,
  0x6f,0x6c,0x79,0x6c,0x69,0x6e,0x65,0x20,0x70,0x6f,0x69,0x6e,0x74,0x73,0x3d,0x22,
  0x38,0x20,0x38,0x20,0x33,0x20,0x31,0x34,0x20,0x31,0x32,0x20,0x31,0x34,0x20,0x31,
  0x31,0x20,0x32,0x32,0x20,0x31,0x36,0x20,0x31,0x36,0x22,0x3e,0x3c,0x2f,0x70,0x6f,
  0x6c,0x79,0x6c,0x69,0x6e,0x65,0x3e,0x3c,0x6c,0x69,0x6e,0x65,0x20,0x78,0x31,0x3d,
  0x22,0x31,0x22,0x20,0x79,0x31,0x3d,0x22,0x31,0x22,0x20,0x78,0x32,0x3d,0x22,0x32,
  0x33,0x22,0x20,0x79,0x32,0x3d,0x22,0x32,0x33,0x22,0x3e,0x3c,0x2f,0x6c,0x69,0x6e,
  0x65,0x3e,0x3c,0x2f,0x73,0x76,0x67,0x3e,
    // edit-2.svg
  0x0,0x0,0x1,0x1b,
  0x3c,
  0x73,0x76,0x67,0x20,0x78,0x6d,0x6c,0x6e,0x73,0x3d,0x22,0x68,0x74,0x74,0x70,0x3a,
  0x2f,0x2f,0x77,0x77,0x77,0x2e,0x77,0x33,0x2e,0x6f,0x72,0x67,0x2f,0x32,0x30,0x30,
  0x30,0x2f,0x73,0x76,0x67,0x22,0x20,0x77,0x69,0x64,0x74,0x68,0x3d,0x22,0x32,0x34,
  0x22,0x20,0x68,0x65,0x69,0x67,0x68,0x74,0x3d,0x22,0x32,0x34,0x22,0x20,0x76,0x69,
  0x65,0x77,0x42,0x6f,0x78,0x3d,0x22,0x30,0x20,0x30,0x20,0x32,0x34,0x20,0x32,0x34,
  0x22,0x20,0x66,0x69,0x6c,0x6c,0x3d,0x22,0x6e,0x6f,0x6e,0x65,0x22,0x20,0x73,0x74,
  0x72,0x6f,0x6b,0x65,0x3d,0x22,0x23,0x66,0x66,0x66,0x22,0x20,0x73,0x74,0x72,0x6f,
  0x6b,0x65,0x2d,0x77,0x69,0x64,0x74,0x68,0x3d,0x22,0x32,0x22,0x20,0x73,0x74,0x72,
  0x6f,0x6b,0x65,0x2d,0x6c,0x69,0x6e,0x65,0x63,0x61,0x70,0x3d,0x22,0x72,0x6f,0x75,
  0x6e,0x64,0x22,0x20,0x73,0x74,0x72,0x6f,0x6b,0x65,0x2d,0x6c,0x69,0x6e,0x65,0x6a,
  0x6f,0x69,0x6e,0x3d,0x22,0x72,0x6f,0x75,0x6e,0x64,0x22,0x20,0x63,0x6c,0x61,0x73,
  0x73,0x3d,0x22,0x66,0x65,0x61,0x74,0x68,0x65,0x72,0x20,0x66,0x65,0x61,0x74,0x68,
  0x65,0x72,0x2d,0x65,0x64,0x69,0x74,0x2d,0x32,0x22,0x3e,0x3c,0x70,0x61,0x74,0x68,
  0x20,0x64,0x3d,0x22,0x4d,0x31,0x37,0x20,0x33,0x61,0x32,0x2e,0x38,0x32,0x38,0x20,
  0x32,0x2e,0x38,0x32,0x38,0x20,0x30,0x20,0x31,0x20,0x31,0x20,0x34,0x20,0x34,0x4c,
  0x37,0x2e,0x35,0x20,0x32,0x30,0x2e,0x35,0x20,0x32,0x20,0x32,0x32,0x6c,0x31,0x2e,
  0x35,0x2d,0x35,0x2e,0x35,0x4c,0x31,0x37,0x20,0x33,0x7a,0x22,0x3e,0x3c,0x2f,0x70,
  0x61,0x74,0x68,0x3e,0x3c,0x2f,0x73,0x76,0x67,0x3e,
    // tv.svg
  0x0,0x0,0x1,0x38,
  0x3c,
  0x73,0x76,0x67,0x20,0x78,0x6d,0x6c,0x6e,0x73,0x3d,0x22,0x68,0x74,0x74,0x70,0x3a,
  0x2f,0x2f,0x77,0x77,0x77,0x2e,0x77,0x33,0x2e,0x6f,0x72,0x67,0x2f,0x32,0x30,0x30,
  0x30,0x2f,0x73,0x76,0x67,0x22,0x20,0x77,0x69,0x64,0x74,0x68,0x3d,0x22,0x32,0x34,
  0x22,0x20,0x68,0x65,0x69,0x67,0x68,0x74,0x3d,0x22,0x32,0x34,0x22,0x20,0x76,0x69,
  0x65,0x77,0x42,0x6f,0x78,0x3d,0x22,0x30,0x20,0x30,0x20,0x32,0x34,0x20,0x32,0x34,
  0x22,0x20,0x66,0x69,0x6c,0x6c,0x3d,0x22,0x6e,0x6f,0x6e,0x65,0x22,0x20,0x73,0x74,
  0x72,0x6f,0x6b,0x65,0x3d,0x22,0x23,0x66,0x66,0x66,0x22,0x20,0x73,0x74,0x72,0x6f,
  0x6b,0x65,0x2d,0x77,0x69,0x64,0x74,0x68,0x3d,0x22,0x32,0x22,0x20,0x73,0x74,0x72,
  0x6f,0x6b,0x65,0x2d,0x6c,0x69,0x6e,0x65,0x63,0x61,0x70,0x3d,0x22,0x72,0x6f,0x75,
  0x6e,0x64,0x22,0x20,0x73,0x74,0x72,0x6f,0x6b,0x65,0x2d,0x6c,0x69,0x6e,0x65,0x6a,
  0x6f,0x69,0x6e,0x3d,0x22,0x72,0x6f,0x75,0x6e,0x64,0x22,0x20,0x63,0x6c,0x61,0x73,
  0x73,0x3d,0x22,0x66,0x65,0x61,0x74,0x68,0x65,0x72,0x20,0x66,0x65,0x61,0x74,0x68,
  0x65,0x72,0x2d,0x74,0x76,0x22,0x3e,0x3c,0x72,0x65,0x63,0x74,0x20,0x78,0x3d,0x22,
  0x32,0x22,0x20,0x79,0x3d,0x22,0x37,0x22,0x20,0x77,0x69,0x64,0x74,0x68,0x3d,0x22,
  0x32,0x30,0x22,0x20,0x68,0x65,0x69,0x67,0x68,0x74,0x3d,0x22,0x31,0x35,0x22,0x20,
  0x72,0x78,0x3d,0x22,0x32,0x22,0x20,0x72,0x79,0x3d,0x22,0x32,0x22,0x3e,0x3c,0x2f,
  0x72,0x65,0x63,0x74,0x3e,0x3c,0x70,0x6f,0x6c,0x79,0x6c,0x69,0x6e,0x65,0x20,0x70,
  0x6f,0x69,0x6e,0x74,0x73,0x3d,0x22,0x31,0x37,0x20,0x32,0x20,0x31,0x32,0x20,0x37,
  0x20,0x37,0x20,0x32,0x22,0x3e,0x3c,0x2f,0x70,0x6f,0x6c,0x79,0x6c,0x69,0x6e,0x65,
  0x3e,0x3c,0x2f,0x73,0x76,0x67,0x3e,
    // box.svg
  0x0,0x0,0x1,0xc6,
  0x3c,
  0x73,0x76,0x67,0x20,0x78,0x6d,0x6c,0x6e,0x73,0x3d,0x22,0x68,0x74,0x74,0x70,0x3a,
  0x2f,0x2f,0x77,0x77,0x77,0x2e,0x77,0x33,0x2e,0x6f,0x72,0x67,0x2f,0x32,0x30,0x30,
  0x30,0x2f,0x73,0x76,0x67,0x22,0x20,0x77,0x69,0x64,0x74,0x68,0x3d,0x22,0x32,0x34,
  0x22,0x20,0x68,0x65,0x69,0x67,0x68,0x74,0x3d,0x22,0x32,0x34,0x22,0x20,0x76,0x69,
  0x65,0x77,0x42,0x6f,0x78,0x3d,0x22,0x30,0x20,0x30,0x20,0x32,0x34,0x20,0x32,0x34,
  0x22,0x20,0x66,0x69,0x6c,0x6c,0x3d,0x22,0x6e,0x6f,0x6e,0x65,0x22,0x20,0x73,0x74,
  0x72,0x6f,0x6b,0x65,0x3d,0x22,0x23,0x66,0x66,0x66,0x22,0x20,0x73,0x74,0x72,0x6f,
  0x6b,0x65,0x2d,0x77,0x69,0x64,0x74,0x68,0x3d,0x22,0x32,0x22,0x20,0x73,0x74,0x72,
  0x6f,0x6b,0x65,0x2d,0x6c,0x69,0x6e,0x65,0x63,0x61,0x70,0x3d,0x22,0x72,0x6f,0x75,
  0x6e,0x64,0x22,0x20,0x73,0x74,0x72,0x6f,0x6b,0x65,0x2d,0x6c,0x69,0x6e,0x65,0x6a,
  0x6f,0x69,0x6e,0x3d,0x22,0x72,0x6f,0x75,0x6e,0x64,0x22,0x20,0x63,0x6c,0x61,0x73,
  0x73,0x3d,0x22,0x66,0x65,0x61,0x74,0x68,0x65,0x72,0x20,0x66,0x65,0x61,0x74,0x68,
  0x65,0x72,0x2d,0x62,0x6f,0x78,0x22,0x3e,0x3c,0x70,0x61,0x74,0x68,0x20,0x64,0x3d,
  0x22,0x4d,0x32,0x31,0x20,0x31,0x36,0x56,0x38,0x61,0x32,0x20,0x32,0x20,0x30,0x20,
  0x30,0x20,0x30,0x2d,0x31,0x2d,0x31,0x2e,0x37,0x33,0x6c,0x2d,0x37,0x2d,0x34,0x61,
  0x32,0x20,0x32,0x20,0x30,0x20,0x30,0x20,0x30,0x2d,0x32,0x20,0x30,0x6c,0x2d,0x37,
  0x20,0x34,0x41,0x32,0x20,0x32,0x20,0x30,0x20,0x30,0x20,0x30,0x20,0x33,0x20,0x38,
  0x76,0x38,0x61,0x32,0x20,0x32,0x20,0x30,0x20,0x30,0x20,0x30,0x20,0x31,0x20,0x31,
  0x2e,0x37,0x33,0x6c,0x37,0x20,0x34,0x61,0x32,0x20,0x32,0x20,0x30,0x20,0x30,0x20,
  0x30,0x20,0x32,0x20,0x30,0x6c,0x37,0x2d,0x34,0x41,0x32,0x20,0x32,0x20,0x30,0x20,
  0x30,0x20,0x30,0x20,0x32,0x31,0x20,0x31,0x36,0x7a,0x22,0x3e,0x3c,0x2f,0x70,0x61,
  0x74,0x68,0x3e,0x3c,0x70,0x6f,0x6c,0x79,0x6c,0x69,0x6e,0x65,0x20,0x70,0x6f,0x69,
  0x6e,0x74,0x73,0x3d,0x22,0x33,0x2e,0x32,0x37,0x20,0x36,0x2e,0x39,0x36,0x20,0x31,
  0x32,0x20,0x31,0x32,0x2e,0x30,0x31,0x20,0x32,0x30,0x2e,0x37,0x33,0x20,0x36,0x2e,
  0x39,0x36,0x22,0x3e,0x3c,0x2f,0x70,0x6f,0x6c,0x79,0x6c,0x69,0x6e,0x65,0x3e,0x3c,
  0x6c,0x69,0x6e,0x65,0x20,0x78,0x31,0x3d,0x22,0x31,0x32,0x22,0x20,0x79,0x31,0x3d,
  0x22,0x32,0x32,0x2e,0x30,0x38,0x22,0x20,0x78,0x32,0x3d,0x22,0x31,0x32,0x22,0x20,
  0x79,0x32,0x3d,0x22,0x31,0x32,0x22,0x3e,0x3c,0x2f,0x6c,0x69,0x6e,0x65,0x3e,0x3c,
  0x2f,0x73,0x76,0x67,0x3e,
    // file-plus.svg
  0x0,0x0,0x1,0xa7,
  0x3c,
  0x73,0x76,0x67,0x20,0x78,0x6d,0x6c,0x6e,0x73,0x3d,0x22,0x68,0x74,0x74,0x70,0x3a,
  0x2f,0x2f,0x77,0x77,0x77,0x2e,0x77,0x33,0x2e,0x6f,0x72,0x67,0x2f,0x32,0x30,0x30,
  0x30,0x2f,0x73,0x76,0x67,0x22,0x20,0x77,0x69,0x64,0x74,0x68,0x3d,0x22,0x32,0x34,
  0x22,0x20,0x68,0x65,0x69,0x67,0x68,0x74,0x3d,0x22,0x32,0x34,0x22,0x20,0x76,0x69,
  0x65,0x77,0x42,0x6f,0x78,0x3d,0x22,0x30,0x20,0x30,0x20,0x32,0x34,0x20,0x32,0x34,
  0x22,0x20,0x66,0x69,0x6c,0x6c,0x3d,0x22,0x6e,0x6f,0x6e,0x65,0x22,0x20,0x73,0x74,
  0x72,0x6f,0x6b,0x65,0x3d,0x22,0x23,0x66,0x66,0x66,0x22,0x20,0x73,0x74,0x72,0x6f,
  0x6b,0x65,0x2d,0x77,0x69,0x64,0x74,0x68,0x3d,0x22,0x32,0x22,0x20,0x73,0x74,0x72,
  0x6f,0x6b,0x65,0x2d,0x6c,0x69,0x6e,0x65,0x63,0x61,0x70,0x3d,0x22,0x72,0x6f,0x75,
  0x6e,0x64,0x22,0x20,0x73,0x74,0x72,0x6f,0x6b,0x65,0x2d,0x6c,0x69,0x6e,0x65,0x6a,
  0x6f,0x69,0x6e,0x3d,0x22,0x72,0x6f,0x75,0x6e,0x64,0x22,0x20,0x63,0x6c,0x61,0x73,
  0x73,0x3d,0x22,0x66,0x65,0x61,0x74,0x68,0x65,0x72,0x20,0x66,0x65,0x61,0x74,0x68,
  0x65,0x72,0x2d,0x66,0x69,0x6c,0x65,0x2d,0x70,0x6c,0x75,0x73,0x22,0x3e,0x3c,0x70,
  0x61,0x74,0x68,0x20,0x64,0x3d,0x22,0x4d,0x31,0x34,0x20,0x32,0x48,0x36,0x61,0x32,
  0x20,0x32,0x20,0x30,0x20,0x30,0x20,0x30,0x2d,0x32,0x20,0x32,0x76,0x31,0x36,0x61,
  0x32,0x20,0x32,0x20,0x30,0x20,0x30,0x20,0x30,0x20,0x32,0x20,0x32,0x68,0x31,0x32,
  0x61,0x32,0x20,0x32,0x20,0x30,0x20,0x30,0x20,0x30,0x20,0x32,0x2d,0x32,0x56,0x38,
  0x7a,0x22,0x3e,0x3c,0x2f,0x70,0x61,0x74,0x68,0x3e,0x3c,0x70,0x6f,0x6c,0x79,0x6c,
  0x69,0x6e,0x65,0x20,0x70,0x6f,0x69,0x6e,0x74,0x73,0x3d,0x22,0x31,0x34,0x20,0x32,
  0x20,0x31,0x34,0x20,0x38,0x20,0x32,0x30,0x20,0x38,0x22,0x3e,0x3c,0x2f,0x70,0x6f,
  0x6c,0x79,0x6c,0x69,0x6e,0x65,0x3e,0x3c,0x6c,0x69,0x6e,0x65,0x20,0x78,0x31,0x3d,
  0x22,0x31,0x32,0x22,0x20,0x79,0x31,0x3d,0x22,0x31,0x38,0x22,0x20,0x78,0x32,0x3d,
  0x22,0x31,0x32,0x22,0x20,0x79,0x32,0x3d,0x22,0x31,0x32,0x22,0x3e,0x3c,0x2f,0x6c,
  0x69,0x6e,0x65,0x3e,0x3c,0x6c,0x69,0x6e,0x65,0x20,0x78,0x31,0x3d,0x22,0x39,0x22,
  0x20,0x79,0x31,0x3d,0x22,0x31,0x35,0x22,0x20,0x78,0x32,0x3d,0x22,0x31,0x35,0x22,
  0x20,0x79,0x32,0x3d,0x22,0x31,0x35,0x22,0x3e,0x3c,0x2f,0x6c,0x69,0x6e,0x65,0x3e,
  0x3c,0x2f,0x73,0x76,0x67,0x3e,
    // phone-missed.svg
  0x0,0x0,0x2,0x5d,
  0x3c,
  0x73,0x76,0x67,0x20,0x78,0x6d,0x6c,0x6e,0x73,0x3d,0x22,0x68,0x74,0x74,0x70,0x3a,
  0x2f,0x2f,0x77,0x77,0x77,0x2e,0x77,0x33,0x2e,0x6f,0x72,0x67,0x2f,0x32,0x30,0x30,
  0x30,0x2f,0x73,0x76,0x67,0x22,0x20,0x77,0x69,0x64,0x74,0x68,0x3d,0x22,0x32,0x34,
  0x22,0x20,0x68,0x65,0x69,0x67,0x68,0x74,0x3d,0x22,0x32,0x34,0x22,0x20,0x76,0x69,
  0x65,0x77,0x42,0x6f,0x78,0x3d,0x22,0x30,0x20,0x30,0x20,0x32,0x34,0x20,0x32,0x34,
  0x22,0x20,0x66,0x69,0x6c,0x6c,0x3d,0x22,0x6e,0x6f,0x6e,0x65,0x22,0x20,0x73,0x74,
  0x72,0x6f,0x6b,0x65,0x3d,0x22,0x23,0x66,0x66,0x66,0x22,0x20,0x73,0x74,0x72,0x6f,
  0x6b,0x65,0x2d,0x77,0x69,0x64,0x74,0x68,0x3d,0x22,0x32,0x22,0x20,0x73,0x74,0x72,
  0x6f,0x6b,0x65,0x2d,0x6c,0x69,0x6e,0x65,0x63,0x61,0x70,0x3d,0x22,0x72,0x6f,0x75,
  0x6e,0x64,0x22,0x20,0x73,0x74,0x72,0x6f,0x6b,0x65,0x2d,0x6c,0x69,0x6e,0x65,0x6a,
  0x6f,0x69,0x6e,0x3d,0x22,0x72,0x6f,0x75,0x6e,0x64,0x22,0x20,0x63,0x6c,0x61,0x73,
  0x73,0x3d,0x22,0x66,0x65,0x61,0x74,0x68,0x65,0x72,0x20,0x66,0x65,0x61,0x74,0x68,
  0x65,0x72,0x2d,0x70,0x68,0x6f,0x6e,0x65,0x2d,0x6d,0x69,0x73,0x73,0x65,0x64,0x22,
  0x3e,0x3c,0x6c,0x69,0x6e,0x65,0x20,0x78,0x31,0x3d,0x22,0x32,0x33,0x22,0x20,0x79,
  0x31,0x3d,0x22,0x31,0x22,0x20,0x78,0x32,0x3d,0x22,0x31,0x37,0x22,0x20,0x79,0x32,
  0x3d,0x22,0x37,0x22,0x3e,0x3c,0x2f,0x6c,0x69,0x6e,0x65,0x3e,0x3c,0x6c,0x69,0x6e,
  0x65,0x20,0x78,0x31,0x3d,0x22,0x31,0x37,0x22,0x20,0x79,0x31,0x3d,0x22,0x31,0x22,
  0x20,0x78,0x32,0x3d,0x22,0x32,0x33,0x22,0x20,0x79,0x32,0x3d,0x22,0x37,0x22,0x3e,
  0x3c,0x2f,0x6c,0x69,0x6e,0x65,0x3e,0x3c,0x70,0x61,0x74,0x68,0x20,0x64,0x3d,0x22,
  0x4d,0x32,0x32,0x20,0x31,0x36,0x2e,0x39,0x32,0x76,0x33,0x61,0x32,0x20,0x32,0x20,
  0x30,0x20,0x30,0x20,0x31,0x2d,0x32,0x2e,0x31,0x38,0x20,0x32,0x20,0x31,0x39,0x2e,
  0x37,0x39,0x20,0x31,0x39,0x2e,0x37,0x39,0x20,0x30,0x20,0x30,0x20,0x31,0x2d,0x38,
  0x2e,0x36,0x33,0x2d,0x33,0x2e,0x30,0x37,0x20,0x31,0x39,0x2e,0x35,0x20,0x31,0x39,
  0x2e,0x35,0x20,0x30,0x20,0x30,0x20,0x31,0x2d,0x36,0x2d,0x36,0x20,0x31,0x39,0x2e,
  0x37,0x39,0x20,0x31,0x39,0x2e,0x37,0x39,0x20,0x30,0x20,0x30,0x20,0x31,0x2d,0x33,
  0x2e,0x30,0x37,0x2d,0x38,0x2e,0x36,0x37,0x41,0x32,0x20,0x32,0x20,0x30,0x20,0x30,
  0x20,0x31,0x20,0x34,0x2e,0x31,0x31,0x20,0x32,0x68,0x33,0x61,0x32,0x20,0x32,0x20,
  0x30,0x20,0x30,0x20,0x31,0x20,0x32,0x20,0x31,0x2e,0x37,0x32,0x20,0x31,0x32,0x2e,
  0x38,0x34,0x20,0x31,0x32,0x2e,0x38,0x34,0x20,0x30,0x20,0x30,0x20,0x30,0x20,0x2e,
  0x37,0x20,0x32,0x2e,0x38,0x31,0x20,0x32,0x20,0x32,0x20,0x30,0x20,0x30,0x20,0x31,
  0x2d,0x2e,0x34,0x35,0x20,0x32,0x2e,0x31,0x31,0x4c,0x38,0x2e,0x30,0x39,0x20,0x39,
  0x2e,0x39,0x31,0x61,0x31,0x36,0x20,0x31,0x36,0x20,0x30,0x20,0x30,0x20,0x30,0x20,
  0x36,0x20,0x36,0x6c,0x31,0x2e,0x32,0x37,0x2d,0x31,0x2e,0x32,0x37,0x61,0x32,0x20,
  0x32,0x20,0x30,0x20,0x30,0x20,0x31,0x20,0x32,0x2e,0x31,0x31,0x2d,0x2e,0x34,0x35,
  0x20,0x31,0x32,0x2e,0x38,0x34,0x20,0x31,0x32,0x2e,0x38,0x34,0x20,0x30,0x20,0x30,
  0x20,0x30,0x20,0x32,0x2e,0x38,0x31,0x2e,0x37,0x41,0x32,0x20,0x32,0x20,0x30,0x20,
  0x30,0x20,0x31,0x20,0x32,0x32,0x20,0x31,0x36,0x2e,0x39,0x32,0x7a,0x22,0x3e,0x3c,
  0x2f,0x70,0x61,0x74,0x68,0x3e,0x3c,0x2f,0x73,0x76,0x67,0x3e,
    // toggle-right.svg
  0x0,0x0,0x1,0x3d,
  0x3c,
  0x73,0x76,0x67,0x20,0x78,0x6d,0x6c,0x6e,0x73,0x3d,0x22,0x68,0x74,0x74,0x70,0x3a,
  0x2f,0x2f,0x77,0x77,0x77,0x2e,0x77,0x33,0x2e,0x6f,0x72,0x67,0x2f,0x32,0x30,0x30,
  0x30,0x2f,0x73,0x76,0x67,0x22,0x20,0x77,0x69,0x64,0x74,0x68,0x3d,0x22,0x32,0x34,
  0x22,0x20,0x68,0x65,0x69,0x67,0x68,0x74,0x3d,0x22,0x32,0x34,0x22,0x20,0x76,0x69,
  0x65,0x77,0x42,0x6f,0x78,0x3d,0x22,0x30,0x20,0x30,0x20,0x32,0x34,0x20,0x32,0x34,
  0x22,0x20,0x66,0x69,0x6c,0x6c,0x3d,0x22,0x6e,0x6f,0x6e,0x65,0x22,0x20,0x73,0x74,
  0x72,0x6f,0x6b,0x65,0x3d,0x22,0x23,0x66,0x66,0x66,0x22,0x20,0x73,0x74,0x72,0x6f,
  0x6b,0x65,0x2d,0x77,0x69,0x64,0x74,0x68,0x3d,0x22,0x32,0x22,0x20,0x73,0x74,0x72,
  0x6f,0x6b,0x65,0x2d,0x6c,0x69,0x6e,0x65,0x63,0x61,0x70,0x3d,0x22,0x72,0x6f,0x75,
  0x6e,0x64,0x22,0x20,0x73,0x74,0x72,0x6f,0x6b,0x65,0x2d,0x6c,0x69,0x6e,0x65,0x6a,
  0x6f,0x69,0x6e,0x3d,0x22,0x72,0x6f,0x75,0x6e,0x64,0x22,0x20,0x63,0x6c,0x61,0x73,
  0x73,0x3d,0x22,0x66,0x65,0x61,0x74,0x68,0x65,0x72,0x20,0x66,0x65,0x61,0x74,0x68,
  0x65,0x72,0x2d,0x74,0x6f,0x67,0x67,0x6c,0x65,0x2d,0x72,0x69,0x67,0x68,0x74,0x22,
  0x3e,0x3c,0x72,0x65,0x63,0x74,0x20,0x78,0x3d,0x22,0x31,0x22,0x20,0x79,0x3d,0x22,
  0x35,0x22,0x20,0x77,0x69,0x64,0x74,0x68,0x3d,0x22,0x32,0x32,0x22,0x20,0x68,0x65,
  0x69,0x67,0x68,0x74,0x3d,0x22,0x31,0x34,0x22,0x20,0x72,0x78,0x3d,0x22,0x37,0x22,
  0x20,0x72,0x79,0x3d,0x22,0x37,0x22,0x3e,0x3c,0x2f,0x72,0x65,0x63,0x74,0x3e,0x3c,
  0x63,0x69,0x72,0x63,0x6c,0x65,0x20,0x63,0x78,0x3d,0x22,0x31,0x36,0x22,0x20,0x63,
  0x79,0x3d,0x22,0x31,0x32,0x22,0x20,0x72,0x3d,0x22,0x33,0x22,0x3e,0x3c,0x2f,0x63,
  0x69,0x72,0x63,0x6c,0x65,0x3e,0x3c,0x2f,0x73,0x76,0x67,0x3e,
    // link.svg
  0x0,0x0,0x1,0x6b,
  0x3c,
  0x73,0x76,0x67,0x20,0x78,0x6d,0x6c,0x6e,0x73,0x3d,0x22,0x68,0x74,0x74,0x70,0x3a,
  0x2f,0x2f,0x77,0x77,0x77,0x2e,0x77,0x33,0x2e,0x6f,0x72,0x67,0x2f,0x32,0x30,0x30,
  0x30,0x2f,0x73,0x76,0x67,0x22,0x20,0x77,0x69,0x64,0x74,0x68,0x3d,0x22,0x32,0x34,
  0x22,0x20,0x68,0x65,0x69,0x67,0x68,0x74,0x3d,0x22,0x32,0x34,0x22,0x20,0x76,0x69,
  0x65,0x77,0x42,0x6f,0x78,0x3d,0x22,0x30,0x20,0x30,0x20,0x32,0x34,0x20,0x32,0x34,
  0x22,0x20,0x66,0x69,0x6c,0x6c,0x3d,0x22,0x6e,0x6f,0x6e,0x65,0x22,0x20,0x73,0x74,
  0x72,0x6f,0x6b,0x65,0x3d,0x22,0x23,0x66,0x66,0x66,0x22,0x20,0x73,0x74,0x72,0x6f,
  0x6b,0x65,0x2d,0x77,0x69,0x64,0x74,0x68,0x3d,0x22,0x32,0x22,0x20,0x73,0x74,0x72,
  0x6f,0x6b,0x65,0x2d,0x6c,0x69,0x6e,0x65,0x63,0x61,0x70,0x3d,0x22,0x72,0x6f,0x75,
  0x6e,0x64,0x22,0x20,0x73,0x74,0x72,0x6f,0x6b,0x65,0x2d,0x6c,0x69,0x6e,0x65,0x6a,
  0x6f,0x69,0x6e,0x3d,0x22,0x72,0x6f,0x75,0x6e,0x64,0x22,0x20,0x63,0x6c,0x61,0x73,
  0x73,0x3d,0x22,0x66,0x65,0x61,0x74,0x68,0x65,0x72,0x20,0x66,0x65,0x61,0x74,0x68,
  0x65,0x72,0x2d,0x6c,0x69,0x6e,0x6b,0x22,0x3e,0x3c,0x70,0x61,0x74,0x68,0x20,0x64,
  0x3d,0x22,0x4d,0x31,0x30,0x20,0x31,0x33,0x61,0x35,0x20,0x35,0x20,0x30,0x20,0x30,
  0x20,0x30,0x20,0x37,0x2e,0x35,0x34,0x2e,0x35,0x34,0x6c,0x33,0x2d,0x33,0x61,0x35,
  0x20,0x35,0x20,0x30,0x20,0x30,0x20,0x30,0x2d,0x37,0x2e,0x30,0x37,0x2d,0x37,0x2e,
  0x30,0x37,0x6c,0x2d,0x31,0x2e,0x37,0x32,0x20,0x31,0x2e,0x37,0x31,0x22,0x3e,0x3c,
  0x2f,0x70,0x61,0x74,0x68,0x3e,0x3c,0x70,0x61,0x74,0x68,0x20,0x64,0x3d,0x22,0x4d,
  0x31,0x34,0x20,0x31,0x31,0x61,0x35,0x20,0x35,0x20,0x30,0x20,0x30,0x20,0x30,0x2d,
  0x37,0x2e,0x35,0x34,0x2d,0x2e,0x35,0x34,0x6c,0x2d,0x33,0x20,0x33,0x61,0x35,0x20,
  0x35,0x20,0x30,0x20,0x30,0x20,0x30,0x20,0x37,0x2e,0x30,0x37,0x20,0x37,0x2e,0x30,
  0x37,0x6c,0x31,0x2e,0x37,0x31,0x2d,0x31,0x2e,0x37,0x31,0x22,0x3e,0x3c,0x2f,0x70,
  0x61,0x74,0x68,0x3e,0x3c,0x2f,0x73,0x76,0x67,0x3e,
    // check.svg
  0x0,0x0,0x0,0xfe,
  0x3c,
  0x73,0x76,0x67,0x20,0x78,0x6d,0x6c,0x6e,0x73,0x3d,0x22,0x68,0x74,0x74,0x70,0x3a,
  0x2f,0x2f,0x77,0x77,0x77,0x2e,0x77,0x33,0x2e,0x6f,0x72,0x67,0x2f,0x32,0x30,0x30,
  0x30,0x2f,0x73,0x76,0x67,0x22,0x20,0x77,0x69,0x64,0x74,0x68,0x3d,0x22,0x32,0x34,
  0x22,0x20,0x68,0x65,0x69,0x67,0x68,0x74,0x3d,0x22,0x32,0x34,0x22,0x20,0x76,0x69,
  0x65,0x77,0x42,0x6f,0x78,0x3d,0x22,0x30,0x20,0x30,0x20,0x32,0x34,0x20,0x32,0x34,
  0x22,0x20,0x66,0x69,0x6c,0x6c,0x3d,0x22,0x6e,0x6f,0x6e,0x65,0x22,0x20,0x73,0x74,
  0x72,0x6f,0x6b,0x65,0x3d,0x22,0x23,0x66,0x66,0x66,0x22,0x20,0x73,0x74,0x72,0x6f,
  0x6b,0x65,0x2d,0x77,0x69,0x64,0x74,0x68,0x3d,0x22,0x32,0x22,0x20,0x73,0x74,0x72,
  0x6f,0x6b,0x65,0x2d,0x6c,0x69,0x6e,0x65,0x63,0x61,0x70,0x3d,0x22,0x72,0x6f,0x75,
  0x6e,0x64,0x22,0x20,0x73,0x74,0x72,0x6f,0x6b,0x65,0x2d,0x6c,0x69,0x6e,0x65,0x6a,
  0x6f,0x69,0x6e,0x3d,0x22,0x72,0x6f,0x75,0x6e,0x64,0x22,0x20,0x63,0x6c,0x61,0x73,
  0x73,0x3d,0x22,0x66,0x65,0x61,0x74,0x68,0x65,0x72,0x20,0x66,0x65,0x61,0x74,0x68,
  0x65,0x72,0x2d,0x63,0x68,0x65,0x63,0x6b,0x22,0x3e,0x3c,0x70,0x6f,0x6c,0x79,0x6c,
  0x69,0x6e,0x65,0x20,0x70,0x6f,0x69,0x6e,0x74,0x73,0x3d,0x22,0x32,0x30,0x20,0x36,
  0x20,0x39,0x20,0x31,0x37,0x20,0x34,0x20,0x31,0x32,0x22,0x3e,0x3c,0x2f,0x70,0x6f,
  0x6c,0x79,0x6c,0x69,0x6e,0x65,0x3e,0x3c,0x2f,0x73,0x76,0x67,0x3e,
    // volume-1.svg
  0x0,0x0,0x1,0x40,
  0x3c,
  0x73,0x76,0x67,0x20,0x78,0x6d,0x6c,0x6e,0x73,0x3d,0x22,0x68,0x74,0x74,0x70,0x3a,
  0x2f,0x2f,0x77,0x77,0x77,0x2e,0x77,0x33,0x2e,0x6f,0x72,0x67,0x2f,0x32,0x30,0x30,
  0x30,0x2f,0x73,0x76,0x67,0x22,0x20,0x77,0x69,0x64,0x74,0x68,0x3d,0x22,0x32,0x34,
  0x22,0x20,0x68,0x65,0x69,0x67,0x68,0x74,0x3d,0x22,0x32,0x34,0x22,0x20,0x76,0x69,
  0x65,0x77,0x42,0x6f,0x78,0x3d,0x22,0x30,0x20,0x30,0x20,0x32,0x34,0x20,0x32,0x34,
  0x22,0x20,0x66,0x69,0x6c,0x6c,0x3d,0x22,0x6e,0x6f,0x6e,0x65,0x22,0x20,0x73,0x74,
  0x72,0x6f,0x6b,0x65,0x3d,0x22,0x23,0x66,0x66,0x66,0x22,0x20,0x73,0x74,0x72,0x6f,
  0x6b,0x65,0x2d,0x77,0x69,0x64,0x74,0x68,0x3d,0x22,0x32,0x22,0x20,0x73,0x74,0x72,
  0x6f,0x6b,0x65,0x2d,0x6c,0x69,0x6e,0x65,0x63,0x61,0x70,0x3d,0x22,0x72,0x6f,0x75,
  0x6e,0x64,0x22,0x20,0x73,0x74,0x72,0x6f,0x6b,0x65,0x2d,0x6c,0x69,0x6e,0x65,0x6a,
  0x6f,0x69,0x6e,0x3d,0x22,0x72,0x6f,0x75,0x6e,0x64,0x22,0x20,0x63,0x6c,0x61,0x73,
  0x73,0x3d,0x22,0x66,0x65,0x61,0x74,0x68,0x65,0x72,0x20,0x66,0x65,0x61,0x74,0x68,
  0x65,0x72,0x2d,0x76,0x6f,0x6c,0x75,0x6d,0x65,0x2d,0x31,0x22,0x3e,0x3c,0x70,0x6f,
  0x6c,0x79,0x67,0x6f,0x6e,0x20,0x70,0x6f,0x69,0x6e,0x74,0x73,0x3d,0x22,0x31,0x31,
  0x20,0x35,0x20,0x36,0x20,0x39,0x20,0x32,0x20,0x39,0x20,0x32,0x20,0x31,0x35,0x20,
  0x36,0x20,0x31,0x35,0x20,0x31,0x31,0x20,0x31,0x39,0x20,0x31,0x31,0x20,0x35,0x22,
  0x3e,0x3c,0x2f,0x70,0x6f,0x6c,0x79,0x67,0x6f,0x6e,0x3e,0x3c,0x70,0x61,0x74,0x68,
  0x20,0x64,0x3d,0x22,0x4d,0x31,0x35,0x2e,0x35,0x34,0x20,0x38,0x2e,0x34,0x36,0x61,
  0x35,0x20,0x35,0x20,0x30,0x20,0x30,0x20,0x31,0x20,0x30,0x20,0x37,0x2e,0x30,0x37,
  0x22,0x3e,0x3c,0x2f,0x70,0x61,0x74,0x68,0x3e,0x3c,0x2f,0x73,0x76,0x67,0x3e,
    // download.svg
  0x0,0x0,0x1,0x6a,
  0x3c,
  0x73,0x76,0x67,0x20,0x78,0x6d,0x6c,0x6e,0x73,0x3d,0x22,0x68,0x74,0x74,0x70,0x3a,
  0x2f,0x2f,0x77,0x77,0x77,0x2e,0x77,0x33,0x2e,0x6f,0x72,0x67,0x2f,0x32,0x30,0x30,
  0x30,0x2f,0x73,0x76,0x67,0x22,0x20,0x77,0x69,0x64,0x74,0x68,0x3d,0x22,0x32,0x34,
  0x22,0x20,0x68,0x65,0x69,0x67,0x68,0x74,0x3d,0x22,0x32,0x34,0x22,0x20,0x76,0x69,
  0x65,0x77,0x42,0x6f,0x78,0x3d,0x22,0x30,0x20,0x30,0x20,0x32,0x34,0x20,0x32,0x34,
  0x22,0x20,0x66,0x69,0x6c,0x6c,0x3d,0x22,0x6e,0x6f,0x6e,0x65,0x22,0x20,0x73,0x74,
  0x72,0x6f,0x6b,0x65,0x3d,0x22,0x23,0x66,0x66,0x66,0x22,0x20,0x73,0x74,0x72,0x6f,
  0x6b,0x65,0x2d,0x77,0x69,0x64,0x74,0x68,0x3d,0x22,0x32,0x22,0x20,0x73,0x74,0x72,
  0x6f,0x6b,0x65,0x2d,0x6c,0x69,0x6e,0x65,0x63,0x61,0x70,0x3d,0x22,0x72,0x6f,0x75,
  0x6e,0x64,0x22,0x20,0x73,0x74,0x72,0x6f,0x6b,0x65,0x2d,0x6c,0x69,0x6e,0x65,0x6a,
  0x6f,0x69,0x6e,0x3d,0x22,0x72,0x6f,0x75,0x6e,0x64,0x22,0x20,0x63,0x6c,0x61,0x73,
  0x73,0x3d,0x22,0x66,0x65,0x61,0x74,0x68,0x65,0x72,0x20,0x66,0x65,0x61,0x74,0x68,
  0x65,0x72,0x2d,0x64,0x6f,0x77,0x6e,0x6c,0x6f,0x61,0x64,0x22,0x3e,0x3c,0x70,0x61,
  0x74,0x68,0x20,0x64,0x3d,0x22,0x4d,0x32,0x31,0x20,0x31,0x35,0x76,0x34,0x61,0x32,
  0x20,0x32,0x20,0x30,0x20,0x30,0x20,0x31,0x2d,0x32,0x20,0x32,0x48,0x35,0x61,0x32,
  0x20,0x32,0x20,0x30,0x20,0x30,0x20,0x31,0x2d,0x32,0x2d,0x32,0x76,0x2d,0x34,0x22,
  0x3e,0x3c,0x2f,0x70,0x61,0x74,0x68,0x3e,0x3c,0x70,0x6f,0x6c,0x79,0x6c,0x69,0x6e,
  0x65,0x20,0x70,0x6f,0x69,0x6e,0x74,0x73,0x3d,0x22,0x37,0x20,0x31,0x30,0x20,0x31,
  0x32,0x20,0x31,0x35,0x20,0x31,0x37,0x20,0x31,0x30,0x22,0x3e,0x3c,0x2f,0x70,0x6f,
  0x6c,0x79,0x6c,0x69,0x6e,0x65,0x3e,0x3c,0x6c,0x69,0x6e,0x65,0x20,0x78,0x31,0x3d,
  0x22,0x31,0x32,0x22,0x20,0x79,0x31,0x3d,0x22,0x31,0x35,0x22,0x20,0x78,0x32,0x3d,
  0x22,0x31,0x32,0x22,0x20,0x79,0x32,0x3d,0x22,0x33,0x22,0x3e,0x3c,0x2f,0x6c,0x69,
  0x6e,0x65,0x3e,0x3c,0x2f,0x73,0x76,0x67,0x3e,
    // git-commit.svg
  0x0,0x0,0x1,0x5e,
  0x3c,
  0x73,0x76,0x67,0x20,0x78,0x6d,0x6c,0x6e,0x73,0x3d,0x22,0x68,0x74,0x74,0x70,0x3a,
  0x2f,0x2f,0x77,0x77,0x77,0x2e,0x77,0x33,0x2e,0x6f,0x72,0x67,0x2f,0x32,0x30,0x30,
  0x30,0x2f,0x73,0x76,0x67,0x22,0x20,0x77,0x69,0x64,0x74,0x68,0x3d,0x22,0x32,0x34,
  0x22,0x20,0x68,0x65,0x69,0x67,0x68,0x74,0x3d,0x22,0x32,0x34,0x22,0x20,0x76,0x69,
  0x65,0x77,0x42,0x6f,0x78,0x3d,0x22,0x30,0x20,0x30,0x20,0x32,0x34,0x20,0x32,0x34,
  0x22,0x20,0x66,0x69,0x6c,0x6c,0x3d,0x22,0x6e,0x6f,0x6e,0x65,0x22,0x20,0x73,0x74,
  0x72,0x6f,0x6b,0x65,0x3d,0x22,0x23,0x66,0x66,0x66,0x22,0x20,0x73,0x74,0x72,0x6f,
  0x6b,0x65,0x2d,0x77,0x69,0x64,0x74,0x68,0x3d,0x22,0x32,0x22,0x20,0x73,0x74,0x72,
  0x6f,0x6b,0x65,0x2d,0x6c,0x69,0x6e,0x65,0x63,0x61,0x70,0x3d,0x22,0x72,0x6f,0x75,
  0x6e,0x64,0x22,0x20,0x73,0x74,0x72,0x6f,0x6b,0x65,0x2d,0x6c,0x69,0x6e,0x65,0x6a,
  0x6f,0x69,0x6e,0x3d,0x22,0x72,0x6f,0x75,0x6e,0x64,0x22,0x20,0x63,0x6c,0x61,0x73,
  0x73,0x3d,0x22,0x66,0x65,0x61,0x74,0x68,0x65,0x72,0x20,0x66,0x65,0x61,0x74,0x68,
  0x65,0x72,0x2d,0x67,0x69,0x74,0x2d,0x63,0x6f,0x6d,0x6d,0x69,0x74,0x22,0x3e,0x3c,
  0x63,0x69,0x72,0x63,0x6c,0x65,0x20,0x63,0x78,0x3d,0x22,0x31,0x32,0x22,0x20,0x63,
  0x79,0x3d,0x22,0x31,0x32,0x22,0x20,0x72,0x3d,0x22,0x34,0x22,0x3e,0x3c,0x2f,0x63,
  0x69,0x72,0x63,0x6c,0x65,0x3e,0x3c,0x6c,0x69,0x6e,0x65,0x20,0x78,0x31,0x3d,0x22,
  0x31,0x2e,0x30,0x35,0x22,0x20,0x79,0x31,0x3d,0x22,0x31,0x32,0x22,0x20,0x78,0x32,
  0x3d,0x22,0x37,0x22,0x20,0x79,0x32,0x3d,0x22,0x31,0x32,0x22,0x3e,0x3c,0x2f,0x6c,
  0x69,0x6e,0x65,0x3e,0x3c,0x6c,0x69,0x6e,0x65,0x20,0x78,0x31,0x3d,0x22,0x31,0x37,
  0x2e,0x30,0x31,0x22,0x20,0x79,0x31,0x3d,0x22,0x31,0x32,0x22,0x20,0x78,0x32,0x3d,
  0x22,0x32,0x32,0x2e,0x39,0x36,0x22,0x20,0x79,0x32,0x3d,0x22,0x31,0x32,0x22,0x3e,
  0x3c,0x2f,0x6c,0x69,0x6e,0x65,0x3e,0x3c,0x2f,0x73,0x76,0x67,0x3e,
    // minus.svg
  0x0,0x0,0x0,0xfd,
  0x3c,
  0x73,0x76,0x67,0x20,0x78,0x6d,0x6c,0x6e,0x73,0x3d,0x22,0x68,0x74,0x74,0x70,0x3a,
  0x2f,0x2f,0x77,0x77,0x77,0x2e,0x77,0x33,0x2e,0x6f,0x72,0x67,0x2f,0x32,0x30,0x30,
  0x30,0x2f,0x73,0x76,0x67,0x22,0x20,0x77,0x69,0x64,0x74,0x68,0x3d,0x22,0x32,0x34,
  0x22,0x20,0x68,0x65,0x69,0x67,0x68,0x74,0x3d,0x22,0x32,0x34,0x22,0x20,0x76,0x69,
  0x65,0x77,0x42,0x6f,0x78,0x3d,0x22,0x30,0x20,0x30,0x20,0x32,0x34,0x20,0x32,0x34,
  0x22,0x20,0x66,0x69,0x6c,0x6c,0x3d,0x22,0x6e,0x6f,0x6e,0x65,0x22,0x20,0x73,0x74,
  0x72,0x6f,0x6b,0x65,0x3d,0x22,0x23,0x66,0x66,0x66,0x22,0x20,0x73,0x74,0x72,0x6f,
  0x6b,0x65,0x2d,0x77,0x69,0x64,0x74,0x68,0x3d,0x22,0x32,0x22,0x20,0x73,0x74,0x72,
  0x6f,0x6b,0x65,0x2d,0x6c,0x69,0x6e,0x65,0x63,0x61,0x70,0x3d,0x22,0x72,0x6f,0x75,
  0x6e,0x64,0x22,0x20,0x73,0x74,0x72,0x6f,0x6b,0x65,0x2d,0x6c,0x69,0x6e,0x65,0x6a,
  0x6f,0x69,0x6e,0x3d,0x22,0x72,0x6f,0x75,0x6e,0x64,0x22,0x20,0x63,0x6c,0x61,0x73,
  0x73,0x3d,0x22,0x66,0x65,0x61,0x74,0x68,0x65,0x72,0x20,0x66,0x65,0x61,0x74,0x68,
  0x65,0x72,0x2d,0x6d,0x69,0x6e,0x75,0x73,0x22,0x3e,0x3c,0x6c,0x69,0x6e,0x65,0x20,
  0x78,0x31,0x3d,0x22,0x35,0x22,0x20,0x79,0x31,0x3d,0x22,0x31,0x32,0x22,0x20,0x78,
  0x32,0x3d,0x22,0x31,0x39,0x22,0x20,0x79,0x32,0x3d,0x22,0x31,0x32,0x22,0x3e,0x3c,
  0x2f,0x6c,0x69,0x6e,0x65,0x3e,0x3c,0x2f,0x73,0x76,0x67,0x3e,
    // watch.svg
  0x0,0x0,0x1,0xc6,
  0x3c,
  0x73,0x76,0x67,0x20,0x78,0x6d,0x6c,0x6e,0x73,0x3d,0x22,0x68,0x74,0x74,0x70,0x3a,
  0x2f,0x2f,0x77,0x77,0x77,0x2e,0x77,0x33,0x2e,0x6f,0x72,0x67,0x2f,0x32,0x30,0x30,
  0x30,0x2f,0x73,0x76,0x67,0x22,0x20,0x77,0x69,0x64,0x74,0x68,0x3d,0x22,0x32,0x34,
  0x22,0x20,0x68,0x65,0x69,0x67,0x68,0x74,0x3d,0x22,0x32,0x34,0x22,0x20,0x76,0x69,
  0x65,0x77,0x42,0x6f,0x78,0x3d,0x22,0x30,0x20,0x30,0x20,0x32,0x34,0x20,0x32,0x34,
  0x22,0x20,0x66,0x69,0x6c,0x6c,0x3d,0x22,0x6e,0x6f,0x6e,0x65,0x22,0x20,0x73,0x74,
  0x72,0x6f,0x6b,0x65,0x3d,0x22,0x23,0x66,0x66,0x66,0x22,0x20,0x73,0x74,0x72,0x6f,
  0x6b,0x65,0x2d,0x77,0x69,0x64,0x74,0x68,0x3d,0x22,0x32,0x22,0x20,0x73,0x74,0x72,
  0x6f,0x6b,0x65,0x2d,0x6c,0x69,0x6e,0x65,0x63,0x61,0x70,0x3d,0x22,0x72,0x6f,0x75,
  0x6e,0x64,0x22,0x20,0x73,0x74,0x72,0x6f,0x6b,0x65,0x2d,0x6c,0x69,0x6e,0x65,0x6a,
  0x6f,0x69,0x6e,0x3d,0x22,0x72,0x6f,0x75,0x6e,0x64,0x22,0x20,0x63,0x6c,0x61,0x73,
  0x73,0x3d,0x22,0x66,0x65,0x61,0x74,0x68,0x65,0x72,0x20,0x66,0x65,0x61,0x74,0x68,
  0x65,0x72,0x2d,0x77,0x61,0x74,0x63,0x68,0x22,0x3e,0x3c,0x63,0x69,0x72,0x63,0x6c,
  0x65,0x20,0x63,0x78,0x3d,0x22,0x31,0x32,0x22,0x20,0x63,0x79,0x3d,0x22,0x31,0x32,
  0x22,0x20,0x72,0x3d,0x22,0x37,0x22,0x3e,0x3c,0x2f,0x63,0x69,0x72,0x63,0x6c,0x65,
  0x3e,0x3c,0x70,0x6f,0x6c,0x79,0x6c,0x69,0x6e,0x65,0x20,0x70,0x6f,0x69,0x6e,0x74,
  0x73,0x3d,0x22,0x31,0x32,0x20,0x39,0x20,0x31,0x32,0x20,0x31,0x32,0x20,0x31,0x33,
  0x2e,0x35,0x20,0x31,0x33,0x2e,0x35,0x22,0x3e,0x3c,0x2f,0x70,0x6f,0x6c,0x79,0x6c,
  0x69,0x6e,0x65,0x3e,0x3c,0x70,0x61,0x74,0x68,0x20,0x64,0x3d,0x22,0x4d,0x31,0x36,
  0x2e,0x35,0x31,0x20,0x31,0x37,0x2e,0x33,0x35,0x6c,0x2d,0x2e,0x33,0x35,0x20,0x33,
  0x2e,0x38,0x33,0x61,0x32,0x20,0x32,0x20,0x30,0x20,0x30,0x20,0x31,0x2d,0x32,0x20,
  0x31,0x2e,0x38,0x32,0x48,0x39,0x2e,0x38,0x33,0x61,0x32,0x20,0x32,0x20,0x30,0x20,
  0x30,0x20,0x31,0x2d,0x32,0x2d,0x31,0x2e,0x38,0x32,0x6c,0x2d,0x2e,0x33,0x35,0x2d,
  0x33,0x2e,0x38,0x33,0x6d,0x2e,0x30,0x31,0x2d,0x31,0x30,0x2e,0x37,0x6c,0x2e,0x33,
  0x35,0x2d,0x33,0x2e,0x38,0x33,0x41,0x32,0x20,0x32,0x20,0x30,0x20,0x30,0x20,0x31,
  0x20,0x39,0x2e,0x38,0x33,0x20,0x31,0x68,0x34,0x2e,0x33,0x35,0x61,0x32,0x20,0x32,
  0x20,0x30,0x20,0x30,0x20,0x31,0x20,0x32,0x20,0x31,0x2e,0x38,0x32,0x6c,0x2e,0x33,
  0x35,0x20,0x33,0x2e,0x38,0x33,0x22,0x3e,0x3c,0x2f,0x70,0x61,0x74,0x68,0x3e,0x3c,
  0x2f,0x73,0x76,0x67,0x3e,
    // chevrons-left.svg
  0x0,0x0,0x1,0x36,
  0x3c,
  0x73,0x76,0x67,0x20,0x78,0x6d,0x6c,0x6e,0x73,0x3d,0x22,0x68,0x74,0x74,0x70,0x3a,
  0x2f,0x2f,0x77,0x77,0x77,0x2e,0x77,0x33,0x2e,0x6f,0x72,0x67,0x2f,0x32,0x30,0x30,
  0x30,0x2f,0x73,0x76,0x67,0x22,0x20,0x77,0x69,0x64,0x74,0x68,0x3d,0x22,0x32,0x34,
  0x22,0x20,0x68,0x65,0x69,0x67,0x68,0x74,0x3d,0x22,0x32,0x34,0x22,0x20,0x76,0x69,
  0x65,0x77,0x42,0x6f,0x78,0x3d,0x22,0x30,0x20,0x30,0x20,0x32,0x34,0x20,0x32,0x34,
  0x22,0x20,0x66,0x69,0x6c,0x6c,0x3d,0x22,0x6e,0x6f,0x6e,0x65,0x22,0x20,0x73,0x74,
  0x72,0x6f,0x6b,0x65,0x3d,0x22,0x23,0x66,0x66,0x66,0x22,0x20,0x73,0x74,0x72,0x6f,
  0x6b,0x65,0x2d,0x77,0x69,0x64,0x74,0x68,0x3d,0x22,0x32,0x22,0x20,0x73,0x74,0x72,
  0x6f,0x6b,0x65,0x2d,0x6c,0x69,0x6e,0x65,0x63,0x61,0x70,0x3d,0x22,0x72,0x6f,0x75,
  0x6e,0x64,0x22,0x20,0x73,0x74,0x72,0x6f,0x6b,0x65,0x2d,0x6c,0x69,0x6e,0x65,0x6a,
  0x6f,0x69,0x6e,0x3d,0x22,0x72,0x6f,0x75,0x6e,0x64,0x22,0x20,0x63,0x6c,0x61,0x73,
  0x73,0x3d,0x22,0x66,0x65,0x61,0x74,0x68,0x65,0x72,0x20,0x66,0x65,0x61,0x74,0x68,
  0x65,0x72,0x2d,0x63,0x68,0x65,0x76,0x72,0x6f,0x6e,0x73,0x2d,0x6c,0x65,0x66,0x74,
  0x22,0x3e,0x3c,0x70,0x6f,0x6c,0x79,0x6c,0x69,0x6e,0x65,0x20,0x70,0x6f,0x69,0x6e,
  0x74,0x73,0x3d,0x22,0x31,0x31,0x20,0x31,0x37,0x20,0x36,0x20,0x31,0x32,0x20,0x31,
  0x31,0x20,0x37,0x22,0x3e,0x3c,0x2f,0x70,0x6f,0x6c,0x79,0x6c,0x69,0x6e,0x65,0x3e,
  0x3c,0x70,0x6f,0x6c,0x79,0x6c,0x69,0x6e,0x65,0x20,0x70,0x6f,0x69,0x6e,0x74,0x73,
  0x3d,0x22,0x31,0x38,0x20,0x31,0x37,0x20,0x31,0x33,0x20,0x31,0x32,0x20,0x31,0x38,
  0x20,0x37,0x22,0x3e,0x3c,0x2f,0x70,0x6f,0x6c,0x79,0x6c,0x69,0x6e,0x65,0x3e,0x3c,
  0x2f,0x73,0x76,0x67,0x3e,
    // divide.svg
  0x0,0x0,0x1,0x4b,
  0x3c,
  0x73,0x76,0x67,0x20,0x78,0x6d,0x6c,0x6e,0x73,0x3d,0x22,0x68,0x74,0x74,0x70,0x3a,
  0x2f,0x2f,0x77,0x77,0x77,0x2e,0x77,0x33,0x2e,0x6f,0x72,0x67,0x2f,0x32,0x30,0x30,
  0x30,0x2f,0x73,0x76,0x67,0x22,0x20,0x77,0x69,0x64,0x74,0x68,0x3d,0x22,0x32,0x34,
  0x22,0x20,0x68,0x65,0x69,0x67,0x68,0x74,0x3d,0x22,0x32,0x34,0x22,0x20,0x76,0x69,
  0x65,0x77,0x42,0x6f,0x78,0x3d,0x22,0x30,0x20,0x30,0x20,0x32,0x34,0x20,0x32,0x34,
  0x22,0x20,0x66,0x69,0x6c,0x6c,0x3d,0x22,0x6e,0x6f,0x6e,0x65,0x22,0x20,0x73,0x74,
  0x72,0x6f,0x6b,0x65,0x3d,0x22,0x23,0x66,0x66,0x66,0x22,0x20,0x73,0x74,0x72,0x6f,
  0x6b,0x65,0x2d,0x77,0x69,0x64,0x74,0x68,0x3d,0x22,0x32,0x22,0x20,0x73,0x74,0x72,
  0x6f,0x6b,0x65,0x2d,0x6c,0x69,0x6e,0x65,0x63,0x61,0x70,0x3d,0x22,0x72,0x6f,0x75,
  0x6e,0x64,0x22,0x20,0x73,0x74,0x72,0x6f,0x6b,0x65,0x2d,0x6c,0x69,0x6e,0x65,0x6a,
  0x6f,0x69,0x6e,0x3d,0x22,0x72,0x6f,0x75,0x6e,0x64,0x22,0x20,0x63,0x6c,0x61,0x73,
  0x73,0x3d,0x22,0x66,0x65,0x61,0x74,0x68,0x65,0x72,0x20,0x66,0x65,0x61,0x74,0x68,
  0x65,0x72,0x2d,0x64,0x69,0x76,0x69,0x64,0x65,0x22,0x3e,0x3c,0x63,0x69,0x72,0x63,
  0x6c,0x65,0x20,0x63,0x78,0x3d,0x22,0x31,0x32,0x22,0x20,0x63,0x79,0x3d,0x22,0x36,
  0x22,0x20,0x72,0x3d,0x22,0x32,0x22,0x3e,0x3c,0x2f,0x63,0x69,0x72,0x63,0x6c,0x65,
  0x3e,0x3c,0x6c,0x69,0x6e,0x65,0x20,0x78,0x31,0x3d,0x22,0x35,0x22,0x20,0x79,0x31,
  0x3d,0x22,0x31,0x32,0x22,0x20,0x78,0x32,0x3d,0x22,0x31,0x39,0x22,0x20,0x79,0x32,
  0x3d,0x22,0x31,0x32,0x22,0x3e,0x3c,0x2f,0x6c,0x69,0x6e,0x65,0x3e,0x3c,0x63,0x69,
  0x72,0x63,0x6c,0x65,0x20,0x63,0x78,0x3d,0x22,0x31,0x32,0x22,0x20,0x63,0x79,0x3d,
  0x22,0x31,0x38,0x22,0x20,0x72,0x3d,0x22,0x32,0x22,0x3e,0x3c,0x2f,0x63,0x69,0x72,
  0x63,0x6c,0x65,0x3e,0x3c,0x2f,0x73,0x76,0x67,0x3e,
    // map.svg
  0x0,0x0,0x1,0x6d,
  0x3c,
  0x73,0x76,0x67,0x20,0x78,0x6d,0x6c,0x6e,0x73,0x3d,0x22,0x68,0x74,0x74,0x70,0x3a,
  0x2f,0x2f,0x77,0x77,0x77,0x2e,0x77,0x33,0x2e,0x6f,0x72,0x67,0x2f,0x32,0x30,0x30,
  0x30,0x2f,0x73,0x76,0x67,0x22,0x20,0x77,0x69,0x64,0x74,0x68,0x3d,0x22,0x32,0x34,
  0x22,0x20,0x68,0x65,0x69,0x67,0x68,0x74,0x3d,0x22,0x32,0x34,0x22,0x20,0x76,0x69,
  0x65,0x77,0x42,0x6f,0x78,0x3d,0x22,0x30,0x20,0x30,0x20,0x32,0x34,0x20,0x32,0x34,
  0x22,0x20,0x66,0x69,0x6c,0x6c,0x3d,0x22,0x6e,0x6f,0x6e,0x65,0x22,0x20,0x73,0x74,
  0x72,0x6f,0x6b,0x65,0x3d,0x22,0x23,0x66,0x66,0x66,0x22,0x20,0x73,0x74,0x72,0x6f,
  0x6b,0x65,0x2d,0x77,0x69,0x64,0x74,0x68,0x3d,0x22,0x32,0x22,0x20,0x73,0x74,0x72,
  0x6f,0x6b,0x65,0x2d,0x6c,0x69,0x6e,0x65,0x63,0x61,0x70,0x3d,0x22,0x72,0x6f,0x75,
  0x6e,0x64,0x22,0x20,0x73,0x74,0x72,0x6f,0x6b,0x65,0x2d,0x6c,0x69,0x6e,0x65,0x6a,
  0x6f,0x69,0x6e,0x3d,0x22,0x72,0x6f,0x75,0x6e,0x64,0x22,0x20,0x63,0x6c,0x61,0x73,
  0x73,0x3d,0x22,0x66,0x65,0x61,0x74,0x68,0x65,0x72,0x20,0x66,0x65,0x61,0x74,0x68,
  0x65,0x72,0x2d,0x6d,0x61,0x70,0x22,0x3e,0x3c,0x70,0x6f,0x6c,0x79,0x67,0x6f,0x6e,
  0x20,0x70,0x6f,0x69,0x6e,0x74,0x73,0x3d,0x22,0x31,0x20,0x36,0x20,0x31,0x20,0x32,
  0x32,0x20,0x38,0x20,0x31,0x38,0x20,0x31,0x36,0x20,0x32,0x32,0x20,0x32,0x33,0x20,
  0x31,0x38,0x20,0x32,0x33,0x20,0x32,0x20,0x31,0x36,0x20,0x36,0x20,0x38,0x20,0x32,
  0x20,0x31,0x20,0x36,0x22,0x3e,0x3c,0x2f,0x70,0x6f,0x6c,0x79,0x67,0x6f,0x6e,0x3e,
  0x3c,0x6c,0x69,0x6e,0x65,0x20,0x78,0x31,0x3d,0x22,0x38,0x22,0x20,0x79,0x31,0x3d,
  0x22,0x32,0x22,0x20,0x78,0x32,0x3d,0x22,0x38,0x22,0x20,0x79,0x32,0x3d,0x22,0x31,
  0x38,0x22,0x3e,0x3c,0x2f,0x6c,0x69,0x6e,0x65,0x3e,0x3c,0x6c,0x69,0x6e,0x65,0x20,
  0x78,0x31,0x3d,0x22,0x31,0x36,0x22,0x20,0x79,0x31,0x3d,0x22,0x36,0x22,0x20,0x78,
  0x32,0x3d,0x22,0x31,0x36,0x22,0x20,0x79,0x32,0x3d,0x22,0x32,0x32,0x22,0x3e,0x3c,
  0x2f,0x6c,0x69,0x6e,0x65,0x3e,0x3c,0x2f,0x73,0x76,0x67,0x3e,
    // phone-incoming.svg
  0x0,0x0,0x2,0x61,
  0x3c,
  0x73,0x76,0x67,0x20,0x78,0x6d,0x6c,0x6e,0x73,0x3d,0x22,0x68,0x74,0x74,0x70,0x3a,
  0x2f,0x2f,0x77,0x77,0x77,0x2e,0x77,0x33,0x2e,0x6f,0x72,0x67,0x2f,0x32,0x30,0x30,
  0x30,0x2f,0x73,0x76,0x67,0x22,0x20,0x77,0x69,0x64,0x74,0x68,0x3d,0x22,0x32,0x34,
  0x22,0x20,0x68,0x65,0x69,0x67,0x68,0x74,0x3d,0x22,0x32,0x34,0x22,0x20,0x76,0x69,
  0x65,0x77,0x42,0x6f,0x78,0x3d,0x22,0x30,0x20,0x30,0x20,0x32,0x34,0x20,0x32,0x34,
  0x22,0x20,0x66,0x69,0x6c,0x6c,0x3d,0x22,0x6e,0x6f,0x6e,0x65,0x22,0x20,0x73,0x74,
  0x72,0x6f,0x6b,0x65,0x3d,0x22,0x23,0x66,0x66,0x66,0x22,0x20,0x73,0x74,0x72,0x6f,
  0x6b,0x65,0x2d,0x77,0x69,0x64,0x74,0x68,0x3d,0x22,0x32,0x22,0x20,0x73,0x74,0x72,
  0x6f,0x6b,0x65,0x2d,0x6c,0x69,0x6e,0x65,0x63,0x61,0x70,0x3d,0x22,0x72,0x6f,0x75,
  0x6e,0x64,0x22,0x20,0x73,0x74,0x72,0x6f,0x6b,0x65,0x2d,0x6c,0x69,0x6e,0x65,0x6a,
  0x6f,0x69,0x6e,0x3d,0x22,0x72,0x6f,0x75,0x6e,0x64,0x22,0x20,0x63,0x6c,0x61,0x73,
  0x73,0x3d,0x22,0x66,0x65,0x61,0x74,0x68,0x65,0x72,0x20,0x66,0x65,0x61,0x74,0x68,
  0x65,0x72,0x2d,0x70,0x68,0x6f,0x6e,0x65,0x2d,0x69,0x6e,0x63,0x6f,0x6d,0x69,0x6e,
  0x67,0x22,0x3e,0x3c,0x70,0x6f,0x6c,0x79,0x6c,0x69,0x6e,0x65,0x20,0x70,0x6f,0x69,
  0x6e,0x74,0x73,0x3d,0x22,0x31,0x36,0x20,0x32,0x20,0x31,0x36,0x20,0x38,0x20,0x32,
  0x32,0x20,0x38,0x22,0x3e,0x3c,0x2f,0x70,0x6f,0x6c,0x79,0x6c,0x69,0x6e,0x65,0x3e,
  0x3c,0x6c,0x69,0x6e,0x65,0x20,0x78,0x31,0x3d,0x22,0x32,0x33,0x22,0x20,0x79,0x31,
  0x3d,0x22,0x31,0x22,0x20,0x78,0x32,0x3d,0x22,0x31,0x36,0x22,0x20,0x79,0x32,0x3d,
  0x22,0x38,0x22,0x3e,0x3c,0x2f,0x6c,0x69,0x6e,0x65,0x3e,0x3c,0x70,0x61,0x74,0x68,
  0x20,0x64,0x3d,0x22,0x4d,0x32,0x32,0x20,0x31,0x36,0x2e,0x39,0x32,0x76,0x33,0x61,
  0x32,0x20,0x32,0x20,0x30,0x20,0x30,0x20,0x31,0x2d,0x32,0x2e,0x31,0x38,0x20,0x32,
  0x20,0x31,0x39,0x2e,0x37,0x39,0x20,0x31,0x39,0x2e,0x37,0x39,0x20,0x30,0x20,0x30,
  0x20,0x31,0x2d,0x38,0x2e,0x36,0x33,0x2d,0x33,0x2e,0x30,0x37,0x20,0x31,0x39,0x2e,
  0x35,0x20,0x31,0x39,0x2e,0x35,0x20,0x30,0x20,0x30,0x20,0x31,0x2d,0x36,0x2d,0x36,
  0x20,0x31,0x39,0x2e,0x37,0x39,0x20,0x31,0x39,0x2e,0x37,0x39,0x20,0x30,0x20,0x30,
  0x20,0x31,0x2d,0x33,0x2e,0x30,0x37,0x2d,0x38,0x2e,0x36,0x37,0x41,0x32,0x20,0x32,
  0x20,0x30,0x20,0x30,0x20,0x31,0x20,0x34,0x2e,0x31,0x31,0x20,0x32,0x68,0x33,0x61,
  0x32,0x20,0x32,0x20,0x30,0x20,0x30,0x20,0x31,0x20,0x32,0x20,0x31,0x2e,0x37,0x32,
  0x20,0x31,0x32,0x2e,0x38,0x34,0x20,0x31,0x32,0x2e,0x38,0x34,0x20,0x30,0x20,0x30,
  0x20,0x30,0x20,0x2e,0x37,0x20,0x32,0x2e,0x38,0x31,0x20,0x32,0x20,0x32,0x20,0x30,
  0x20,0x30,0x20,0x31,0x2d,0x2e,0x34,0x35,0x20,0x32,0x2e,0x31,0x31,0x4c,0x38,0x2e,
  0x30,0x39,0x20,0x39,0x2e,0x39,0x31,0x61,0x31,0x36,0x20,0x31,0x36,0x20,0x30,0x20,
  0x30,0x20,0x30,0x20,0x36,0x20,0x36,0x6c,0x31,0x2e,0x32,0x37,0x2d,0x31,0x2e,0x32,
  0x37,0x61,0x32,0x20,0x32,0x20,0x30,0x20,0x30,0x20,0x31,0x20,0x32,0x2e,0x31,0x31,
  0x2d,0x2e,0x34,0x35,0x20,0x31,0x32,0x2e,0x38,0x34,0x20,0x31,0x32,0x2e,0x38,0x34,
  0x20,0x30,0x20,0x30,0x20,0x30,0x20,0x32,0x2e,0x38,0x31,0x2e,0x37,0x41,0x32,0x20,
  0x32,0x20,0x30,0x20,0x30,0x20,0x31,0x20,0x32,0x32,0x20,0x31,0x36,0x2e,0x39,0x32,
  0x7a,0x22,0x3e,0x3c,0x2f,0x70,0x61,0x74,0x68,0x3e,0x3c,0x2f,0x73,0x76,0x67,0x3e,
  
    // camera-off.svg
  0x0,0x0,0x1,0x79,
  0x3c,
  0x73,0x76,0x67,0x20,0x78,0x6d,0x6c,0x6e,0x73,0x3d,0x22,0x68,0x74,0x74,0x70,0x3a,
  0x2f,0x2f,0x77,0x77,0x77,0x2e,0x77,0x33,0x2e,0x6f,0x72,0x67,0x2f,0x32,0x30,0x30,
  0x30,0x2f,0x73,0x76,0x67,0x22,0x20,0x77,0x69,0x64,0x74,0x68,0x3d,0x22,0x32,0x34,
  0x22,0x20,0x68,0x65,0x69,0x67,0x68,0x74,0x3d,0x22,0x32,0x34,0x22,0x20,0x76,0x69,
  0x65,0x77,0x42,0x6f,0x78,0x3d,0x22,0x30,0x20,0x30,0x20,0x32,0x34,0x20,0x32,0x34,
  0x22,0x20,0x66,0x69,0x6c,0x6c,0x3d,0x22,0x6e,0x6f,0x6e,0x65,0x22,0x20,0x73,0x74,
  0x72,0x6f,0x6b,0x65,0x3d,0x22,0x23,0x66,0x66,0x66,0x22,0x20,0x73,0x74,0x72,0x6f,
  0x6b,0x65,0x2d,0x77,0x69,0x64,0x74,0x68,0x3d,0x22,0x32,0x22,0x20,0x73,0x74,0x72,
  0x6f,0x6b,0x65,0x2d,0x6c,0x69,0x6e,0x65,0x63,0x61,0x70,0x3d,0x22,0x72,0x6f,0x75,
  0x6e,0x64,0x22,0x20,0x73,0x74,0x72,0x6f,0x6b,0x65,0x2d,0x6c,0x69,0x6e,0x65,0x6a,
  0x6f,0x69,0x6e,0x3d,0x22,0x72,0x6f,0x75,0x6e,0x64,0x22,0x20,0x63,0x6c,0x61,0x73,
  0x73,0x3d,0x22,0x66,0x65,0x61,0x74,0x68,0x65,0x72,0x20,0x66,0x65,0x61,0x74,0x68,
  0x65,0x72,0x2d,0x63,0x61,0x6d,0x65,0x72,0x61,0x2d,0x6f,0x66,0x66,0x22,0x3e,0x3c,
  0x6c,0x69,0x6e,0x65,0x20,0x78,0x31,0x3d,0x22,0x31,0x22,0x20,0x79,0x31,0x3d,0x22,
  0x31,0x22,0x20,0x78,0x32,0x3d,0x22,0x32,0x33,0x22,0x20,0x79,0x32,0x3d,0x22,0x32,
  0x33,0x22,0x3e,0x3c,0x2f,0x6c,0x69,0x6e,0x65,0x3e,0x3c,0x70,0x61,0x74,0x68,0x20,
  0x64,0x3d,0x22,0x4d,0x32,0x31,0x20,0x32,0x31,0x48,0x33,0x61,0x32,0x20,0x32,0x20,
  0x30,0x20,0x30,0x20,0x31,0x2d,0x32,0x2d,0x32,0x56,0x38,0x61,0x32,0x20,0x32,0x20,
  0x30,0x20,0x30,0x20,0x31,0x20,0x32,0x2d,0x32,0x68,0x33,0x6d,0x33,0x2d,0x33,0x68,
  0x36,0x6c,0x32,0x20,0x33,0x68,0x34,0x61,0x32,0x20,0x32,0x20,0x30,0x20,0x30,0x20,
  0x31,0x20,0x32,0x20,0x32,0x76,0x39,0x2e,0x33,0x34,0x6d,0x2d,0x37,0x2e,0x37,0x32,
  0x2d,0x32,0x2e,0x30,0x36,0x61,0x34,0x20,0x34,0x20,0x30,0x20,0x31,0x20,0x31,0x2d,
  0x35,0x2e,0x35,0x36,0x2d,0x35,0x2e,0x35,0x36,0x22,0x3e,0x3c,0x2f,0x70,0x61,0x74,
  0x68,0x3e,0x3c,0x2f,0x73,0x76,0x67,0x3e,
    // save.svg
  0x0,0x0,0x1,0x80,
  0x3c,
  0x73,0x76,0x67,0x20,0x78,0x6d,0x6c,0x6e,0x73,0x3d,0x22,0x68,0x74,0x74,0x70,0x3a,
  0x2f,0x2f,0x77,0x77,0x77,0x2e,0x77,0x33,0x2e,0x6f,0x72,0x67,0x2f,0x32,0x30,0x30,
  0x30,0x2f,0x73,0x76,0x67,0x22,0x20,0x77,0x69,0x64,0x74,0x68,0x3d,0x22,0x32,0x34,
  0x22,0x20,0x68,0x65,0x69,0x67,0x68,0x74,0x3d,0x22,0x32,0x34,0x22,0x20,0x76,0x69,
  0x65,0x77,0x42,0x6f,0x78,0x3d,0x22,0x30,0x20,0x30,0x20,0x32,0x34,0x20,0x32,0x34,
  0x22,0x20,0x66,0x69,0x6c,0x6c,0x3d,0x22,0x6e,0x6f,0x6e,0x65,0x22,0x20,0x73,0x74,
  0x72,0x6f,0x6b,0x65,0x3d,0x22,0x23,0x66,0x66,0x66,0x22,0x20,0x73,0x74,0x72,0x6f,
  0x6b,0x65,0x2d,0x77,0x69,0x64,0x74,0x68,0x3d,0x22,0x32,0x22,0x20,0x73,0x74,0x72,
  0x6f,0x6b,0x65,0x2d,0x6c,0x69,0x6e,0x65,0x63,0x61,0x70,0x3d,0x22,0x72,0x6f,0x75,
  0x6e,0x64,0x22,0x20,0x73,0x74,0x72,0x6f,0x6b,0x65,0x2d,0x6c,0x69,0x6e,0x65,0x6a,
  0x6f,0x69,0x6e,0x3d,0x22,0x72,0x6f,0x75,0x6e,0x64,0x22,0x20,0x63,0x6c,0x61,0x73,
  0x73,0x3d,0x22,0x66,0x65,0x61,0x74,0x68,0x65,0x72,0x20,0x66,0x65,0x61,0x74,0x68,
  0x65,0x72,0x2d,0x73,0x61,0x76,0x65,0x22,0x3e,0x3c,0x70,0x61,0x74,0x68,0x20,0x64,
  0x3d,0x22,0x4d,0x31,0x39,0x20,0x32,0x31,0x48,0x35,0x61,0x32,0x20,0x32,0x20,0x30,
  0x20,0x30,0x20,0x31,0x2d,0x32,0x2d,0x32,0x56,0x35,0x61,0x32,0x20,0x32,0x20,0x30,
  0x20,0x30,0x20,0x31,0x20,0x32,0x2d,0x32,0x68,0x31,0x31,0x6c,0x35,0x20,0x35,0x76,
  0x31,0x31,0x61,0x32,0x20,0x32,0x20,0x30,0x20,0x30,0x20,0x31,0x2d,0x32,0x20,0x32,
  0x7a,0x22,0x3e,0x3c,0x2f,0x70,0x61,0x74,0x68,0x3e,0x3c,0x70,0x6f,0x6c,0x79,0x6c,
  0x69,0x6e,0x65,0x20,0x70,0x6f,0x69,0x6e,0x74,0x73,0x3d,0x22,0x31,0x37,0x20,0x32,
  0x31,0x20,0x31,0x37,0x20,0x31,0x33,0x20,0x37,0x20,0x31,0x33,0x20,0x37,0x20,0x32,
  0x31,0x22,0x3e,0x3c,0x2f,0x70,0x6f,0x6c,0x79,0x6c,0x69,0x6e,0x65,0x3e,0x3c,0x70,
  0x6f,0x6c,0x79,0x6c,0x69,0x6e,0x65,0x20,0x70,0x6f,0x69,0x6e,0x74,0x73,0x3d,0x22,
  0x37,0x20,0x33,0x20,0x37,0x20,0x38,0x20,0x31,0x35,0x20,0x38,0x22,0x3e,0x3c,0x2f,
  0x70,0x6f,0x6c,0x79,0x6c,0x69,0x6e,0x65,0x3e,0x3c,0x2f,0x73,0x76,0x67,0x3e,
    // droplet.svg
  0x0,0x0,0x1,0xa,
  0x3c,
  0x73,0x76,0x67,0x20,0x78,0x6d,0x6c,0x6e,0x73,0x3d,0x22,0x68,0x74,0x74,0x70,0x3a,
  0x2f,0x2f,0x77,0x77,0x77,0x2e,0x77,0x33,0x2e,0x6f,0x72,0x67,0x2f,0x32,0x30,0x30,
  0x30,0x2f,0x73,0x76,0x67,0x22,0x20,0x77,0x69,0x64,0x74,0x68,0x3d,0x22,0x32,0x34,
  0x22,0x20,0x68,0x65,0x69,0x67,0x68,0x74,0x3d,0x22,0x32,0x34,0x22,0x20,0x76,0x69,
  0x65,0x77,0x42,0x6f,0x78,0x3d,0x22,0x30,0x20,0x30,0x20,0x32,0x34,0x20,0x32,0x34,
  0x22,0x20,0x66,0x69,0x6c,0x6c,0x3d,0x22,0x6e,0x6f,0x6e,0x65,0x22,0x20,0x73,0x74,
  0x72,0x6f,0x6b,0x65,0x3d,0x22,0x23,0x66,0x66,0x66,0x22,0x20,0x73,0x74,0x72,0x6f,
  0x6b,0x65,0x2d,0x77,0x69,0x64,0x74,0x68,0x3d,0x22,0x32,0x22,0x20,0x73,0x74,0x72,
  0x6f,0x6b,0x65,0x2d,0x6c,0x69,0x6e,0x65,0x63,0x61,0x70,0x3d,0x22,0x72,0x6f,0x75,
  0x6e,0x64,0x22,0x20,0x73,0x74,0x72,0x6f,0x6b,0x65,0x2d,0x6c,0x69,0x6e,0x65,0x6a,
  0x6f,0x69,0x6e,0x3d,0x22,0x72,0x6f,0x75,0x6e,0x64,0x22,0x20,0x63,0x6c,0x61,0x73,
  0x73,0x3d,0x22,0x66,0x65,0x61,0x74,0x68,0x65,0x72,0x20,0x66,0x65,0x61,0x74,0x68,
  0x65,0x72,0x2d,0x64,0x72,0x6f,0x70,0x6c,0x65,0x74,0x22,0x3e,0x3c,0x70,0x61,0x74,
  0x68,0x20,0x64,0x3d,0x22,0x4d,0x31,0x32,0x20,0x32,0x2e,0x36,0x39,0x6c,0x35,0x2e,
  0x36,0x36,0x20,0x35,0x2e,0x36,0x36,0x61,0x38,0x20,0x38,0x20,0x30,0x20,0x31,0x20,
  0x31,0x2d,0x31,0x31,0x2e,0x33,0x31,0x20,0x30,0x7a,0x22,0x3e,0x3c,0x2f,0x70,0x61,
  0x74,0x68,0x3e,0x3c,0x2f,0x73,0x76,0x67,0x3e,
    // upload-cloud.svg
  0x0,0x0,0x1,0xa7,
  0x3c,
  0x73,0x76,0x67,0x20,0x78,0x6d,0x6c,0x6e,0x73,0x3d,0x22,0x68,0x74,0x74,0x70,0x3a,
  0x2f,0x2f,0x77,0x77,0x77,0x2e,0x77,0x33,0x2e,0x6f,0x72,0x67,0x2f,0x32,0x30,0x30,
  0x30,0x2f,0x73,0x76,0x67,0x22,0x20,0x77,0x69,0x64,0x74,0x68,0x3d,0x22,0x32,0x34,
  0x22,0x20,0x68,0x65,0x69,0x67,0x68,0x74,0x3d,0x22,0x32,0x34,0x22,0x20,0x76,0x69,
  0x65,0x77,0x42,0x6f,0x78,0x3d,0x22,0x30,0x20,0x30,0x20,0x32,0x34,0x20,0x32,0x34,
  0x22,0x20,0x66,0x69,0x6c,0x6c,0x3d,0x22,0x6e,0x6f,0x6e,0x65,0x22,0x20,0x73,0x74,
  0x72,0x6f,0x6b,0x65,0x3d,0x22,0x23,0x66,0x66,0x66,0x22,0x20,0x73,0x74,0x72,0x6f,
  0x6b,0x65,0x2d,0x77,0x69,0x64,0x74,0x68,0x3d,0x22,0x32,0x22,0x20,0x73,0x74,0x72,
  0x6f,0x6b,0x65,0x2d,0x6c,0x69,0x6e,0x65,0x63,0x61,0x70,0x3d,0x22,0x72,0x6f,0x75,
  0x6e,0x64,0x22,0x20,0x73,0x74,0x72,0x6f,0x6b,0x65,0x2d,0x6c,0x69,0x6e,0x65,0x6a,
  0x6f,0x69,0x6e,0x3d,0x22,0x72,0x6f,0x75,0x6e,0x64,0x22,0x20,0x63,0x6c,0x61,0x73,
  0x73,0x3d,0x22,0x66,0x65,0x61,0x74,0x68,0x65,0x72,0x20,0x66,0x65,0x61,0x74,0x68,
  0x65,0x72,0x2d,0x75,0x70,0x6c,0x6f,0x61,0x64,0x2d,0x63,0x6c,0x6f,0x75,0x64,0x22,
  0x3e,0x3c,0x70,0x6f,0x6c,0x79,0x6c,0x69,0x6e,0x65,0x20,0x70,0x6f,0x69,0x6e,0x74,
  0x73,0x3d,0x22,0x31,0x36,0x20,0x31,0x36,0x20,0x31,0x32,0x20,0x31,0x32,0x20,0x38,
  0x20,0x31,0x36,0x22,0x3e,0x3c,0x2f,0x70,0x6f,0x6c,0x79,0x6c,0x69,0x6e,0x65,0x3e,
  0x3c,0x6c,0x69,0x6e,0x65,0x20,0x78,0x31,0x3d,0x22,0x31,0x32,0x22,0x20,0x79,0x31,
  0x3d,0x22,0x31,0x32,0x22,0x20,0x78,0x32,0x3d,0x22,0x31,0x32,0x22,0x20,0x79,0x32,
  0x3d,0x22,0x32,0x31,0x22,0x3e,0x3c,0x2f,0x6c,0x69,0x6e,0x65,0x3e,0x3c,0x70,0x61,
  0x74,0x68,0x20,0x64,0x3d,0x22,0x4d,0x32,0x30,0x2e,0x33,0x39,0x20,0x31,0x38,0x2e,
  0x33,0x39,0x41,0x35,0x20,0x35,0x20,0x30,0x20,0x30,0x20,0x30,0x20,0x31,0x38,0x20,
  0x39,0x68,0x2d,0x31,0x2e,0x32,0x36,0x41,0x38,0x20,0x38,0x20,0x30,0x20,0x31,0x20,
  0x30,0x20,0x33,0x20,0x31,0x36,0x2e,0x33,0x22,0x3e,0x3c,0x2f,0x70,0x61,0x74,0x68,
  0x3e,0x3c,0x70,0x6f,0x6c,0x79,0x6c,0x69,0x6e,0x65,0x20,0x70,0x6f,0x69,0x6e,0x74,
  0x73,0x3d,0x22,0x31,0x36,0x20,0x31,0x36,0x20,0x31,0x32,0x20,0x31,0x32,0x20,0x38,
  0x20,0x31,0x36,0x22,0x3e,0x3c,0x2f,0x70,0x6f,0x6c,0x79,0x6c,0x69,0x6e,0x65,0x3e,
  0x3c,0x2f,0x73,0x76,0x67,0x3e,
    // zoom-out.svg
  0x0,0x0,0x1,0x5a,
  0x3c,
  0x73,0x76,0x67,0x20,0x78,0x6d,0x6c,0x6e,0x73,0x3d,0x22,0x68,0x74,0x74,0x70,0x3a,
  0x2f,0x2f,0x77,0x77,0x77,0x2e,0x77,0x33,0x2e,0x6f,0x72,0x67,0x2f,0x32,0x30,0x30,
  0x30,0x2f,0x73,0x76,0x67,0x22,0x20,0x77,0x69,0x64,0x74,0x68,0x3d,0x22,0x32,0x34,
  0x22,0x20,0x68,0x65,0x69,0x67,0x68,0x74,0x3d,0x22,0x32,0x34,0x22,0x20,0x76,0x69,
  0x65,0x77,0x42,0x6f,0x78,0x3d,0x22,0x30,0x20,0x30,0x20,0x32,0x34,0x20,0x32,0x34,
  0x22,0x20,0x66,0x69,0x6c,0x6c,0x3d,0x22,0x6e,0x6f,0x6e,0x65,0x22,0x20,0x73,0x74,
  0x72,0x6f,0x6b,0x65,0x3d,0x22,0x23,0x66,0x66,0x66,0x22,0x20,0x73,0x74,0x72,0x6f,
  0x6b,0x65,0x2d,0x77,0x69,0x64,0x74,0x68,0x3d,0x22,0x32,0x22,0x20,0x73,0x74,0x72,
  0x6f,0x6b,0x65,0x2d,0x6c,0x69,0x6e,0x65,0x63,0x61,0x70,0x3d,0x22,0x72,0x6f,0x75,
  0x6e,0x64,0x22,0x20,0x73,0x74,0x72,0x6f,0x6b,0x65,0x2d,0x6c,0x69,0x6e,0x65,0x6a,
  0x6f,0x69,0x6e,0x3d,0x22,0x72,0x6f,0x75,0x6e,0x64,0x22,0x20,0x63,0x6c,0x61,0x73,
  0x73,0x3d,0x22,0x66,0x65,0x61,0x74,0x68,0x65,0x72,0x20,0x66,0x65,0x61,0x74,0x68,
  0x65,0x72,0x2d,0x7a,0x6f,0x6f,0x6d,0x2d,0x6f,0x75,0x74,0x22,0x3e,0x3c,0x63,0x69,
  0x72,0x63,0x6c,0x65,0x20,0x63,0x78,0x3d,0x22,0x31,0x31,0x22,0x20,0x63,0x79,0x3d,
  0x22,0x31,0x31,0x22,0x20,0x72,0x3d,0x22,0x38,0x22,0x3e,0x3c,0x2f,0x63,0x69,0x72,
  0x63,0x6c,0x65,0x3e,0x3c,0x6c,0x69,0x6e,0x65,0x20,0x78,0x31,0x3d,0x22,0x32,0x31,
  0x22,0x20,0x79,0x31,0x3d,0x22,0x32,0x31,0x22,0x20,0x78,0x32,0x3d,0x22,0x31,0x36,
  0x2e,0x36,0x35,0x22,0x20,0x79,0x32,0x3d,0x22,0x31,0x36,0x2e,0x36,0x35,0x22,0x3e,
  0x3c,0x2f,0x6c,0x69,0x6e,0x65,0x3e,0x3c,0x6c,0x69,0x6e,0x65,0x20,0x78,0x31,0x3d,
  0x22,0x38,0x22,0x20,0x79,0x31,0x3d,0x22,0x31,0x31,0x22,0x20,0x78,0x32,0x3d,0x22,
  0x31,0x34,0x22,0x20,0x79,0x32,0x3d,0x22,0x31,0x31,0x22,0x3e,0x3c,0x2f,0x6c,0x69,
  0x6e,0x65,0x3e,0x3c,0x2f,0x73,0x76,0x67,0x3e,
    // x-circle.svg
  0x0,0x0,0x1,0x52,
  0x3c,
  0x73,0x76,0x67,0x20,0x78,0x6d,0x6c,0x6e,0x73,0x3d,0x22,0x68,0x74,0x74,0x70,0x3a,
  0x2f,0x2f,0x77,0x77,0x77,0x2e,0x77,0x33,0x2e,0x6f,0x72,0x67,0x2f,0x32,0x30,0x30,
  0x30,0x2f,0x73,0x76,0x67,0x22,0x20,0x77,0x69,0x64,0x74,0x68,0x3d,0x22,0x32,0x34,
  0x22,0x20,0x68,0x65,0x69,0x67,0x68,0x74,0x3d,0x22,0x32,0x34,0x22,0x20,0x76,0x69,
  0x65,0x77,0x42,0x6f,0x78,0x3d,0x22,0x30,0x20,0x30,0x20,0x32,0x34,0x20,0x32,0x34,
  0x22,0x20,0x66,0x69,0x6c,0x6c,0x3d,0x22,0x6e,0x6f,0x6e,0x65,0x22,0x20,0x73,0x74,
  0x72,0x6f,0x6b,0x65,0x3d,0x22,0x23,0x66,0x66,0x66,0x22,0x20,0x73,0x74,0x72,0x6f,
  0x6b,0x65,0x2d,0x77,0x69,0x64,0x74,0x68,0x3d,0x22,0x32,0x22,0x20,0x73,0x74,0x72,
  0x6f,0x6b,0x65,0x2d,0x6c,0x69,0x6e,0x65,0x63,0x61,0x70,0x3d,0x22,0x72,0x6f,0x75,
  0x6e,0x64,0x22,0x20,0x73,0x74,0x72,0x6f,0x6b,0x65,0x2d,0x6c,0x69,0x6e,0x65,0x6a,
  0x6f,0x69,0x6e,0x3d,0x22,0x72,0x6f,0x75,0x6e,0x64,0x22,0x20,0x63,0x6c,0x61,0x73,
  0x73,0x3d,0x22,0x66,0x65,0x61,0x74,0x68,0x65,0x72,0x20,0x66,0x65,0x61,0x74,0x68,
  0x65,0x72,0x2d,0x78,0x2d,0x63,0x69,0x72,0x63,0x6c,0x65,0x22,0x3e,0x3c,0x63,0x69,
  0x72,0x63,0x6c,0x65,0x20,0x63,0x78,0x3d,0x22,0x31,0x32,0x22,0x20,0x63,0x79,0x3d,
  0x22,0x31,0x32,0x22,0x20,0x72,0x3d,0x22,0x31,0x30,0x22,0x3e,0x3c,0x2f,0x63,0x69,
  0x72,0x63,0x6c,0x65,0x3e,0x3c,0x6c,0x69,0x6e,0x65,0x20,0x78,0x31,0x3d,0x22,0x31,
  0x35,0x22,0x20,0x79,0x31,0x3d,0x22,0x39,0x22,0x20,0x78,0x32,0x3d,0x22,0x39,0x22,
  0x20,0x79,0x32,0x3d,0x22,0x31,0x35,0x22,0x3e,0x3c,0x2f,0x6c,0x69,0x6e,0x65,0x3e,
  0x3c,0x6c,0x69,0x6e,0x65,0x20,0x78,0x31,0x3d,0x22,0x39,0x22,0x20,0x79,0x31,0x3d,
  0x22,0x39,0x22,0x20,0x78,0x32,0x3d,0x22,0x31,0x35,0x22,0x20,0x79,0x32,0x3d,0x22,
  0x31,0x35,0x22,0x3e,0x3c,0x2f,0x6c,0x69,0x6e,0x65,0x3e,0x3c,0x2f,0x73,0x76,0x67,
  0x3e,
    // archive.svg
  0x0,0x0,0x1,0x61,
  0x3c,
  0x73,0x76,0x67,0x20,0x78,0x6d,0x6c,0x6e,0x73,0x3d,0x22,0x68,0x74,0x74,0x70,0x3a,
  0x2f,0x2f,0x77,0x77,0x77,0x2e,0x77,0x33,0x2e,0x6f,0x72,0x67,0x2f,0x32,0x30,0x30,
  0x30,0x2f,0x73,0x76,0x67,0x22,0x20,0x77,0x69,0x64,0x74,0x68,0x3d,0x22,0x32,0x34,
  0x22,0x20,0x68,0x65,0x69,0x67,0x68,0x74,0x3d,0x22,0x32,0x34,0x22,0x20,0x76,0x69,
  0x65,0x77,0x42,0x6f,0x78,0x3d,0x22,0x30,0x20,0x30,0x20,0x32,0x34,0x20,0x32,0x34,
  0x22,0x20,0x66,0x69,0x6c,0x6c,0x3d,0x22,0x6e,0x6f,0x6e,0x65,0x22,0x20,0x73,0x74,
  0x72,0x6f,0x6b,0x65,0x3d,0x22,0x23,0x66,0x66,0x66,0x22,0x20,0x73,0x74,0x72,0x6f,
  0x6b,0x65,0x2d,0x77,0x69,0x64,0x74,0x68,0x3d,0x22,0x32,0x22,0x20,0x73,0x74,0x72,
  0x6f,0x6b,0x65,0x2d,0x6c,0x69,0x6e,0x65,0x63,0x61,0x70,0x3d,0x22,0x72,0x6f,0x75,
  0x6e,0x64,0x22,0x20,0x73,0x74,0x72,0x6f,0x6b,0x65,0x2d,0x6c,0x69,0x6e,0x65,0x6a,
  0x6f,0x69,0x6e,0x3d,0x22,0x72,0x6f,0x75,0x6e,0x64,0x22,0x20,0x63,0x6c,0x61,0x73,
  0x73,0x3d,0x22,0x66,0x65,0x61,0x74,0x68,0x65,0x72,0x20,0x66,0x65,0x61,0x74,0x68,
  0x65,0x72,0x2d,0x61,0x72,0x63,0x68,0x69,0x76,0x65,0x22,0x3e,0x3c,0x70,0x6f,0x6c,
  0x79,0x6c,0x69,0x6e,0x65,0x20,0x70,0x6f,0x69,0x6e,0x74,0x73,0x3d,0x22,0x32,0x31,
  0x20,0x38,0x20,0x32,0x31,0x20,0x32,0x31,0x20,0x33,0x20,0x32,0x31,0x20,0x33,0x20,
  0x38,0x22,0x3e,0x3c,0x2f,0x70,0x6f,0x6c,0x79,0x6c,0x69,0x6e,0x65,0x3e,0x3c,0x72,
  0x65,0x63,0x74,0x20,0x78,0x3d,0x22,0x31,0x22,0x20,0x79,0x3d,0x22,0x33,0x22,0x20,
  0x77,0x69,0x64,0x74,0x68,0x3d,0x22,0x32,0x32,0x22,0x20,0x68,0x65,0x69,0x67,0x68,
  0x74,0x3d,0x22,0x35,0x22,0x3e,0x3c,0x2f,0x72,0x65,0x63,0x74,0x3e,0x3c,0x6c,0x69,
  0x6e,0x65,0x20,0x78,0x31,0x3d,0x22,0x31,0x30,0x22,0x20,0x79,0x31,0x3d,0x22,0x31,
  0x32,0x22,0x20,0x78,0x32,0x3d,0x22,0x31,0x34,0x22,0x20,0x79,0x32,0x3d,0x22,0x31,
  0x32,0x22,0x3e,0x3c,0x2f,0x6c,0x69,0x6e,0x65,0x3e,0x3c,0x2f,0x73,0x76,0x67,0x3e,
  
    // target.svg
  0x0,0x0,0x1,0x48,
  0x3c,
  0x73,0x76,0x67,0x20,0x78,0x6d,0x6c,0x6e,0x73,0x3d,0x22,0x68,0x74,0x74,0x70,0x3a,
  0x2f,0x2f,0x77,0x77,0x77,0x2e,0x77,0x33,0x2e,0x6f,0x72,0x67,0x2f,0x32,0x30,0x30,
  0x30,0x2f,0x73,0x76,0x67,0x22,0x20,0x77,0x69,0x64,0x74,0x68,0x3d,0x22,0x32,0x34,
  0x22,0x20,0x68,0x65,0x69,0x67,0x68,0x74,0x3d,0x22,0x32,0x34,0x22,0x20,0x76,0x69,
  0x65,0x77,0x42,0x6f,0x78,0x3d,0x22,0x30,0x20,0x30,0x20,0x32,0x34,0x20,0x32,0x34,
  0x22,0x20,0x66,0x69,0x6c,0x6c,0x3d,0x22,0x6e,0x6f,0x6e,0x65,0x22,0x20,0x73,0x74,
  0x72,0x6f,0x6b,0x65,0x3d,0x22,0x23,0x66,0x66,0x66,0x22,0x20,0x73,0x74,0x72,0x6f,
  0x6b,0x65,0x2d,0x77,0x69,0x64,0x74,0x68,0x3d,0x22,0x32,0x22,0x20,0x73,0x74,0x72,
  0x6f,0x6b,0x65,0x2d,0x6c,0x69,0x6e,0x65,0x63,0x61,0x70,0x3d,0x22,0x72,0x6f,0x75,
  0x6e,0x64,0x22,0x20,0x73,0x74,0x72,0x6f,0x6b,0x65,0x2d,0x6c,0x69,0x6e,0x65,0x6a,
  0x6f,0x69,0x6e,0x3d,0x22,0x72,0x6f,0x75,0x6e,0x64,0x22,0x20,0x63,0x6c,0x61,0x73,
  0x73,0x3d,0x22,0x66,0x65,0x61,0x74,0x68,0x65,0x72,0x20,0x66,0x65,0x61,0x74,0x68,
  0x65,0x72,0x2d,0x74,0x61,0x72,0x67,0x65,0x74,0x22,0x3e,0x3c,0x63,0x69,0x72,0x63,
  0x6c,0x65,0x20,0x63,0x78,0x3d,0x22,0x31,0x32,0x22,0x20,0x63,0x79,0x3d,0x22,0x31,
  0x32,0x22,0x20,0x72,0x3d,0x22,0x31,0x30,0x22,0x3e,0x3c,0x2f,0x63,0x69,0x72,0x63,
  0x6c,0x65,0x3e,0x3c,0x63,0x69,0x72,0x63,0x6c,0x65,0x20,0x63,0x78,0x3d,0x22,0x31,
  0x32,0x22,0x20,0x63,0x79,0x3d,0x22,0x31,0x32,0x22,0x20,0x72,0x3d,0x22,0x36,0x22,
  0x3e,0x3c,0x2f,0x63,0x69,0x72,0x63,0x6c,0x65,0x3e,0x3c,0x63,0x69,0x72,0x63,0x6c,
  0x65,0x20,0x63,0x78,0x3d,0x22,0x31,0x32,0x22,0x20,0x63,0x79,0x3d,0x22,0x31,0x32,
  0x22,0x20,0x72,0x3d,0x22,0x32,0x22,0x3e,0x3c,0x2f,0x63,0x69,0x72,0x63,0x6c,0x65,
  0x3e,0x3c,0x2f,0x73,0x76,0x67,0x3e,
    // voicemail.svg
  0x0,0x0,0x1,0x5e,
  0x3c,
  0x73,0x76,0x67,0x20,0x78,0x6d,0x6c,0x6e,0x73,0x3d,0x22,0x68,0x74,0x74,0x70,0x3a,
  0x2f,0x2f,0x77,0x77,0x77,0x2e,0x77,0x33,0x2e,0x6f,0x72,0x67,0x2f,0x32,0x30,0x30,
  0x30,0x2f,0x73,0x76,0x67,0x22,0x20,0x77,0x69,0x64,0x74,0x68,0x3d,0x22,0x32,0x34,
  0x22,0x20,0x68,0x65,0x69,0x67,0x68,0x74,0x3d,0x22,0x32,0x34,0x22,0x20,0x76,0x69,
  0x65,0x77,0x42,0x6f,0x78,0x3d,0x22,0x30,0x20,0x30,0x20,0x32,0x34,0x20,0x32,0x34,
  0x22,0x20,0x66,0x69,0x6c,0x6c,0x3d,0x22,0x6e,0x6f,0x6e,0x65,0x22,0x20,0x73,0x74,
  0x72,0x6f,0x6b,0x65,0x3d,0x22,0x23,0x66,0x66,0x66,0x22,0x20,0x73,0x74,0x72,0x6f,
  0x6b,0x65,0x2d,0x77,0x69,0x64,0x74,0x68,0x3d,0x22,0x32,0x22,0x20,0x73,0x74,0x72,
  0x6f,0x6b,0x65,0x2d,0x6c,0x69,0x6e,0x65,0x63,0x61,0x70,0x3d,0x22,0x72,0x6f,0x75,
  0x6e,0x64,0x22,0x20,0x73,0x74,0x72,0x6f,0x6b,0x65,0x2d,0x6c,0x69,0x6e,0x65,0x6a,
  0x6f,0x69,0x6e,0x3d,0x22,0x72,0x6f,0x75,0x6e,0x64,0x22,0x20,0x63,0x6c,0x61,0x73,
  0x73,0x3d,0x22,0x66,0x65,0x61,0x74,0x68,0x65,0x72,0x20,0x66,0x65,0x61,0x74,0x68,
  0x65,0x72,0x2d,0x76,0x6f,0x69,0x63,0x65,0x6d,0x61,0x69,0x6c,0x22,0x3e,0x3c,0x63,
  0x69,0x72,0x63,0x6c,0x65,0x20,0x63,0x78,0x3d,0x22,0x35,0x2e,0x35,0x22,0x20,0x63,
  0x79,0x3d,0x22,0x31,0x31,0x2e,0x35,0x22,0x20,0x72,0x3d,0x22,0x34,0x2e,0x35,0x22,
  0x3e,0x3c,0x2f,0x63,0x69,0x72,0x63,0x6c,0x65,0x3e,0x3c,0x63,0x69,0x72,0x63,0x6c,
  0x65,0x20,0x63,0x78,0x3d,0x22,0x31,0x38,0x2e,0x35,0x22,0x20,0x63,0x79,0x3d,0x22,
  0x31,0x31,0x2e,0x35,0x22,0x20,0x72,0x3d,0x22,0x34,0x2e,0x35,0x22,0x3e,0x3c,0x2f,
  0x63,0x69,0x72,0x63,0x6c,0x65,0x3e,0x3c,0x6c,0x69,0x6e,0x65,0x20,0x78,0x31,0x3d,
  0x22,0x35,0x2e,0x35,0x22,0x20,0x79,0x31,0x3d,0x22,0x31,0x36,0x22,0x20,0x78,0x32,
  0x3d,0x22,0x31,0x38,0x2e,0x35,0x22,0x20,0x79,0x32,0x3d,0x22,0x31,0x36,0x22,0x3e,
  0x3c,0x2f,0x6c,0x69,0x6e,0x65,0x3e,0x3c,0x2f,0x73,0x76,0x67,0x3e,
    // shopping-bag.svg
  0x0,0x0,0x1,0x6c,
  0x3c,
  0x73,0x76,0x67,0x20,0x78,0x6d,0x6c,0x6e,0x73,0x3d,0x22,0x68,0x74,0x74,0x70,0x3a,
  0x2f,0x2f,0x77,0x77,0x77,0x2e,0x77,0x33,0x2e,0x6f,0x72,0x67,0x2f,0x32,0x30,0x30,
  0x30,0x2f,0x73,0x76,0x67,0x22,0x20,0x77,0x69,0x64,0x74,0x68,0x3d,0x22,0x32,0x34,
  0x22,0x20,0x68,0x65,0x69,0x67,0x68,0x74,0x3d,0x22,0x32,0x34,0x22,0x20,0x76,0x69,
  0x65,0x77,0x42,0x6f,0x78,0x3d,0x22,0x30,0x20,0x30,0x20,0x32,0x34,0x20,0x32,0x34,
  0x22,0x20,0x66,0x69,0x6c,0x6c,0x3d,0x22,0x6e,0x6f,0x6e,0x65,0x22,0x20,0x73,0x74,
  0x72,0x6f,0x6b,0x65,0x3d,0x22,0x23,0x66,0x66,0x66,0x22,0x20,0x73,0x74,0x72,0x6f,
  0x6b,0x65,0x2d,0x77,0x69,0x64,0x74,0x68,0x3d,0x22,0x32,0x22,0x20,0x73,0x74,0x72,
  0x6f,0x6b,0x65,0x2d,0x6c,0x69,0x6e,0x65,0x63,0x61,0x70,0x3d,0x22,0x72,0x6f,0x75,
  0x6e,0x64,0x22,0x20,0x73,0x74,0x72,0x6f,0x6b,0x65,0x2d,0x6c,0x69,0x6e,0x65,0x6a,
  0x6f,0x69,0x6e,0x3d,0x22,0x72,0x6f,0x75,0x6e,0x64,0x22,0x20,0x63,0x6c,0x61,0x73,
  0x73,0x3d,0x22,0x66,0x65,0x61,0x74,0x68,0x65,0x72,0x20,0x66,0x65,0x61,0x74,0x68,
  0x65,0x72,0x2d,0x73,0x68,0x6f,0x70,0x70,0x69,0x6e,0x67,0x2d,0x62,0x61,0x67,0x22,
  0x3e,0x3c,0x70,0x61,0x74,0x68,0x20,0x64,0x3d,0x22,0x4d,0x36,0x20,0x32,0x4c,0x33,
  0x20,0x36,0x76,0x31,0x34,0x61,0x32,0x20,0x32,0x20,0x30,0x20,0x30,0x20,0x30,0x20,
  0x32,0x20,0x32,0x68,0x31,0x34,0x61,0x32,0x20,0x32,0x20,0x30,0x20,0x30,0x20,0x30,
  0x20,0x32,0x2d,0x32,0x56,0x36,0x6c,0x2d,0x33,0x2d,0x34,0x7a,0x22,0x3e,0x3c,0x2f,
  0x70,0x61,0x74,0x68,0x3e,0x3c,0x6c,0x69,0x6e,0x65,0x20,0x78,0x31,0x3d,0x22,0x33,
  0x22,0x20,0x79,0x31,0x3d,0x22,0x36,0x22,0x20,0x78,0x32,0x3d,0x22,0x32,0x31,0x22,
  0x20,0x79,0x32,0x3d,0x22,0x36,0x22,0x3e,0x3c,0x2f,0x6c,0x69,0x6e,0x65,0x3e,0x3c,
  0x70,0x61,0x74,0x68,0x20,0x64,0x3d,0x22,0x4d,0x31,0x36,0x20,0x31,0x30,0x61,0x34,
  0x20,0x34,0x20,0x30,0x20,0x30,0x20,0x31,0x2d,0x38,0x20,0x30,0x22,0x3e,0x3c,0x2f,
  0x70,0x61,0x74,0x68,0x3e,0x3c,0x2f,0x73,0x76,0x67,0x3e,
    // database.svg
  0x0,0x0,0x1,0x6c,
  0x3c,
  0x73,0x76,0x67,0x20,0x78,0x6d,0x6c,0x6e,0x73,0x3d,0x22,0x68,0x74,0x74,0x70,0x3a,
  0x2f,0x2f,0x77,0x77,0x77,0x2e,0x77,0x33,0x2e,0x6f,0x72,0x67,0x2f,0x32,0x30,0x30,
  0x30,0x2f,0x73,0x76,0x67,0x22,0x20,0x77,0x69,0x64,0x74,0x68,0x3d,0x22,0x32,0x34,
  0x22,0x20,0x68,0x65,0x69,0x67,0x68,0x74,0x3d,0x22,0x32,0x34,0x22,0x20,0x76,0x69,
  0x65,0x77,0x42,0x6f,0x78,0x3d,0x22,0x30,0x20,0x30,0x20,0x32,0x34,0x20,0x32,0x34,
  0x22,0x20,0x66,0x69,0x6c,0x6c,0x3d,0x22,0x6e,0x6f,0x6e,0x65,0x22,0x20,0x73,0x74,
  0x72,0x6f,0x6b,0x65,0x3d,0x22,0x23,0x66,0x66,0x66,0x22,0x20,0x73,0x74,0x72,0x6f,
  0x6b,0x65,0x2d,0x77,0x69,0x64,0x74,0x68,0x3d,0x22,0x32,0x22,0x20,0x73,0x74,0x72,
  0x6f,0x6b,0x65,0x2d,0x6c,0x69,0x6e,0x65,0x63,0x61,0x70,0x3d,0x22,0x72,0x6f,0x75,
  0x6e,0x64,0x22,0x20,0x73,0x74,0x72,0x6f,0x6b,0x65,0x2d,0x6c,0x69,0x6e,0x65,0x6a,
  0x6f,0x69,0x6e,0x3d,0x22,0x72,0x6f,0x75,0x6e,0x64,0x22,0x20,0x63,0x6c,0x61,0x73,
  0x73,0x3d,0x22,0x66,0x65,0x61,0x74,0x68,0x65,0x72,0x20,0x66,0x65,0x61,0x74,0x68,
  0x65,0x72,0x2d,0x64,0x61,0x74,0x61,0x62,0x61,0x73,0x65,0x22,0x3e,0x3c,0x65,0x6c,
  0x6c,0x69,0x70,0x73,0x65,0x20,0x63,0x78,0x3d,0x22,0x31,0x32,0x22,0x20,0x63,0x79,
  0x3d,0x22,0x35,0x22,0x20,0x72,0x78,0x3d,0x22,0x39,0x22,0x20,0x72,0x79,0x3d,0x22,
  0x33,0x22,0x3e,0x3c,0x2f,0x65,0x6c,0x6c,0x69,0x70,0x73,0x65,0x3e,0x3c,0x70,0x61,
  0x74,0x68,0x20,0x64,0x3d,0x22,0x4d,0x32,0x31,0x20,0x31,0x32,0x63,0x30,0x20,0x31,
  0x2e,0x36,0x36,0x2d,0x34,0x20,0x33,0x2d,0x39,0x20,0x33,0x73,0x2d,0x39,0x2d,0x31,
  0x2e,0x33,0x34,0x2d,0x39,0x2d,0x33,0x22,0x3e,0x3c,0x2f,0x70,0x61,0x74,0x68,0x3e,
  0x3c,0x70,0x61,0x74,0x68,0x20,0x64,0x3d,0x22,0x4d,0x33,0x20,0x35,0x76,0x31,0x34,
  0x63,0x30,0x20,0x31,0x2e,0x36,0x36,0x20,0x34,0x20,0x33,0x20,0x39,0x20,0x33,0x73,
  0x39,0x2d,0x31,0x2e,0x33,0x34,0x20,0x39,0x2d,0x33,0x56,0x35,0x22,0x3e,0x3c,0x2f,
  0x70,0x61,0x74,0x68,0x3e,0x3c,0x2f,0x73,0x76,0x67,0x3e,
    // github.svg
  0x0,0x0,0x2,0x7,
  0x3c,
  0x73,0x76,0x67,0x20,0x78,0x6d,0x6c,0x6e,0x73,0x3d,0x22,0x68,0x74,0x74,0x70,0x3a,
  0x2f,0x2f,0x77,0x77,0x77,0x2e,0x77,0x33,0x2e,0x6f,0x72,0x67,0x2f,0x32,0x30,0x30,
  0x30,0x2f,0x73,0x76,0x67,0x22,0x20,0x77,0x69,0x64,0x74,0x68,0x3d,0x22,0x32,0x34,
  0x22,0x20,0x68,0x65,0x69,0x67,0x68,0x74,0x3d,0x22,0x32,0x34,0x22,0x20,0x76,0x69,
  0x65,0x77,0x42,0x6f,0x78,0x3d,0x22,0x30,0x20,0x30,0x20,0x32,0x34,0x20,0x32,0x34,
  0x22,0x20,0x66,0x69,0x6c,0x6c,0x3d,0x22,0x6e,0x6f,0x6e,0x65,0x22,0x20,0x73,0x74,
  0x72,0x6f,0x6b,0x65,0x3d,0x22,0x23,0x66,0x66,0x66,0x22,0x20,0x73,0x74,0x72,0x6f,
  0x6b,0x65,0x2d,0x77,0x69,0x64,0x74,0x68,0x3d,0x22,0x32,0x22,0x20,0x73,0x74,0x72,
  0x6f,0x6b,0x65,0x2d,0x6c,0x69,0x6e,0x65,0x63,0x61,0x70,0x3d,0x22,0x72,0x6f,0x75,
  0x6e,0x64,0x22,0x20,0x73,0x74,0x72,0x6f,0x6b,0x65,0x2d,0x6c,0x69,0x6e,0x65,0x6a,
  0x6f,0x69,0x6e,0x3d,0x22,0x72,0x6f,0x75,0x6e,0x64,0x22,0x20,0x63,0x6c,0x61,0x73,
  0x73,0x3d,0x22,0x66,0x65,0x61,0x74,0x68,0x65,0x72,0x20,0x66,0x65,0x61,0x74,0x68,
  0x65,0x72,0x2d,0x67,0x69,0x74,0x68,0x75,0x62,0x22,0x3e,0x3c,0x70,0x61,0x74,0x68,
  0x20,0x64,0x3d,0x22,0x4d,0x39,0x20,0x31,0x39,0x63,0x2d,0x35,0x20,0x31,0x2e,0x35,
  0x2d,0x35,0x2d,0x32,0x2e,0x35,0x2d,0x37,0x2d,0x33,0x6d,0x31,0x34,0x20,0x36,0x76,
  0x2d,0x33,0x2e,0x38,0x37,0x61,0x33,0x2e,0x33,0x37,0x20,0x33,0x2e,0x33,0x37,0x20,
  0x30,0x20,0x30,0x20,0x30,0x2d,0x2e,0x39,0x34,0x2d,0x32,0x2e,0x36,0x31,0x63,0x33,
  0x2e,0x31,0x34,0x2d,0x2e,0x33,0x35,0x20,0x36,0x2e,0x34,0x34,0x2d,0x31,0x2e,0x35,
  0x34,0x20,0x36,0x2e,0x34,0x34,0x2d,0x37,0x41,0x35,0x2e,0x34,0x34,0x20,0x35,0x2e,
  0x34,0x34,0x20,0x30,0x20,0x30,0x20,0x30,0x20,0x32,0x30,0x20,0x34,0x2e,0x37,0x37,
  0x20,0x35,0x2e,0x30,0x37,0x20,0x35,0x2e,0x30,0x37,0x20,0x30,0x20,0x30,0x20,0x30,
  0x20,0x31,0x39,0x2e,0x39,0x31,0x20,0x31,0x53,0x31,0x38,0x2e,0x37,0x33,0x2e,0x36,
  0x35,0x20,0x31,0x36,0x20,0x32,0x2e,0x34,0x38,0x61,0x31,0x33,0x2e,0x33,0x38,0x20,
  0x31,0x33,0x2e,0x33,0x38,0x20,0x30,0x20,0x30,0x20,0x30,0x2d,0x37,0x20,0x30,0x43,
  0x36,0x2e,0x32,0x37,0x2e,0x36,0x35,0x20,0x35,0x2e,0x30,0x39,0x20,0x31,0x20,0x35,
  0x2e,0x30,0x39,0x20,0x31,0x41,0x35,0x2e,0x30,0x37,0x20,0x35,0x2e,0x30,0x37,0x20,
  0x30,0x20,0x30,0x20,0x30,0x20,0x35,0x20,0x34,0x2e,0x37,0x37,0x61,0x35,0x2e,0x34,
  0x34,0x20,0x35,0x2e,0x34,0x34,0x20,0x30,0x20,0x30,0x20,0x30,0x2d,0x31,0x2e,0x35,
  0x20,0x33,0x2e,0x37,0x38,0x63,0x30,0x20,0x35,0x2e,0x34,0x32,0x20,0x33,0x2e,0x33,
  0x20,0x36,0x2e,0x36,0x31,0x20,0x36,0x2e,0x34,0x34,0x20,0x37,0x41,0x33,0x2e,0x33,
  0x37,0x20,0x33,0x2e,0x33,0x37,0x20,0x30,0x20,0x30,0x20,0x30,0x20,0x39,0x20,0x31,
  0x38,0x2e,0x31,0x33,0x56,0x32,0x32,0x22,0x3e,0x3c,0x2f,0x70,0x61,0x74,0x68,0x3e,
  0x3c,0x2f,0x73,0x76,0x67,0x3e,
    // gitlab.svg
  0x0,0x0,0x1,0xe2,
  0x3c,
  0x73,0x76,0x67,0x20,0x78,0x6d,0x6c,0x6e,0x73,0x3d,0x22,0x68,0x74,0x74,0x70,0x3a,
  0x2f,0x2f,0x77,0x77,0x77,0x2e,0x77,0x33,0x2e,0x6f,0x72,0x67,0x2f,0x32,0x30,0x30,
  0x30,0x2f,0x73,0x76,0x67,0x22,0x20,0x77,0x69,0x64,0x74,0x68,0x3d,0x22,0x32,0x34,
  0x22,0x20,0x68,0x65,0x69,0x67,0x68,0x74,0x3d,0x22,0x32,0x34,0x22,0x20,0x76,0x69,
  0x65,0x77,0x42,0x6f,0x78,0x3d,0x22,0x30,0x20,0x30,0x20,0x32,0x34,0x20,0x32,0x34,
  0x22,0x20,0x66,0x69,0x6c,0x6c,0x3d,0x22,0x6e,0x6f,0x6e,0x65,0x22,0x20,0x73,0x74,
  0x72,0x6f,0x6b,0x65,0x3d,0x22,0x23,0x66,0x66,0x66,0x22,0x20,0x73,0x74,0x72,0x6f,
  0x6b,0x65,0x2d,0x77,0x69,0x64,0x74,0x68,0x3d,0x22,0x32,0x22,0x20,0x73,0x74,0x72,
  0x6f,0x6b,0x65,0x2d,0x6c,0x69,0x6e,0x65,0x63,0x61,0x70,0x3d,0x22,0x72,0x6f,0x75,
  0x6e,0x64,0x22,0x20,0x73,0x74,0x72,0x6f,0x6b,0x65,0x2d,0x6c,0x69,0x6e,0x65,0x6a,
  0x6f,0x69,0x6e,0x3d,0x22,0x72,0x6f,0x75,0x6e,0x64,0x22,0x20,0x63,0x6c,0x61,0x73,
  0x73,0x3d,0x22,0x66,0x65,0x61,0x74,0x68,0x65,0x72,0x20,0x66,0x65,0x61,0x74,0x68,
  0x65,0x72,0x2d,0x67,0x69,0x74,0x6c,0x61,0x62,0x22,0x3e,0x3c,0x70,0x61,0x74,0x68,
  0x20,0x64,0x3d,0x22,0x4d,0x32,0x32,0x2e,0x36,0x35,0x20,0x31,0x34,0x2e,0x33,0x39,
  0x4c,0x31,0x32,0x20,0x32,0x32,0x2e,0x31,0x33,0x20,0x31,0x2e,0x33,0x35,0x20,0x31,
  0x34,0x2e,0x33,0x39,0x61,0x2e,0x38,0x34,0x2e,0x38,0x34,0x20,0x30,0x20,0x30,0x20,
  0x31,0x2d,0x2e,0x33,0x2d,0x2e,0x39,0x34,0x6c,0x31,0x2e,0x32,0x32,0x2d,0x33,0x2e,
  0x37,0x38,0x20,0x32,0x2e,0x34,0x34,0x2d,0x37,0x2e,0x35,0x31,0x41,0x2e,0x34,0x32,
  0x2e,0x34,0x32,0x20,0x30,0x20,0x30,0x20,0x31,0x20,0x34,0x2e,0x38,0x32,0x20,0x32,
  0x61,0x2e,0x34,0x33,0x2e,0x34,0x33,0x20,0x30,0x20,0x30,0x20,0x31,0x20,0x2e,0x35,
  0x38,0x20,0x30,0x20,0x2e,0x34,0x32,0x2e,0x34,0x32,0x20,0x30,0x20,0x30,0x20,0x31,
  0x20,0x2e,0x31,0x31,0x2e,0x31,0x38,0x6c,0x32,0x2e,0x34,0x34,0x20,0x37,0x2e,0x34,
  0x39,0x68,0x38,0x2e,0x31,0x6c,0x32,0x2e,0x34,0x34,0x2d,0x37,0x2e,0x35,0x31,0x41,
  0x2e,0x34,0x32,0x2e,0x34,0x32,0x20,0x30,0x20,0x30,0x20,0x31,0x20,0x31,0x38,0x2e,
  0x36,0x20,0x32,0x61,0x2e,0x34,0x33,0x2e,0x34,0x33,0x20,0x30,0x20,0x30,0x20,0x31,
  0x20,0x2e,0x35,0x38,0x20,0x30,0x20,0x2e,0x34,0x32,0x2e,0x34,0x32,0x20,0x30,0x20,
  0x30,0x20,0x31,0x20,0x2e,0x31,0x31,0x2e,0x31,0x38,0x6c,0x32,0x2e,0x34,0x34,0x20,
  0x37,0x2e,0x35,0x31,0x4c,0x32,0x33,0x20,0x31,0x33,0x2e,0x34,0x35,0x61,0x2e,0x38,
  0x34,0x2e,0x38,0x34,0x20,0x30,0x20,0x30,0x20,0x31,0x2d,0x2e,0x33,0x35,0x2e,0x39,
  0x34,0x7a,0x22,0x3e,0x3c,0x2f,0x70,0x61,0x74,0x68,0x3e,0x3c,0x2f,0x73,0x76,0x67,
  0x3e,
    // arrow-right-circle.svg
  0x0,0x0,0x1,0x61,
  0x3c,
  0x73,0x76,0x67,0x20,0x78,0x6d,0x6c,0x6e,0x73,0x3d,0x22,0x68,0x74,0x74,0x70,0x3a,
  0x2f,0x2f,0x77,0x77,0x77,0x2e,0x77,0x33,0x2e,0x6f,0x72,0x67,0x2f,0x32,0x30,0x30,
  0x30,0x2f,0x73,0x76,0x67,0x22,0x20,0x77,0x69,0x64,0x74,0x68,0x3d,0x22,0x32,0x34,
  0x22,0x20,0x68,0x65,0x69,0x67,0x68,0x74,0x3d,0x22,0x32,0x34,0x22,0x20,0x76,0x69,
  0x65,0x77,0x42,0x6f,0x78,0x3d,0x22,0x30,0x20,0x30,0x20,0x32,0x34,0x20,0x32,0x34,
  0x22,0x20,0x66,0x69,0x6c,0x6c,0x3d,0x22,0x6e,0x6f,0x6e,0x65,0x22,0x20,0x73,0x74,
  0x72,0x6f,0x6b,0x65,0x3d,0x22,0x23,0x66,0x66,0x66,0x22,0x20,0x73,0x74,0x72,0x6f,
  0x6b,0x65,0x2d,0x77,0x69,0x64,0x74,0x68,0x3d,0x22,0x32,0x22,0x20,0x73,0x74,0x72,
  0x6f,0x6b,0x65,0x2d,0x6c,0x69,0x6e,0x65,0x63,0x61,0x70,0x3d,0x22,0x72,0x6f,0x75,
  0x6e,0x64,0x22,0x20,0x73,0x74,0x72,0x6f,0x6b,0x65,0x2d,0x6c,0x69,0x6e,0x65,0x6a,
  0x6f,0x69,0x6e,0x3d,0x22,0x72,0x6f,0x75,0x6e,0x64,0x22,0x20,0x63,0x6c,0x61,0x73,
  0x73,0x3d,0x22,0x66,0x65,0x61,0x74,0x68,0x65,0x72,0x20,0x66,0x65,0x61,0x74,0x68,
  0x65,0x72,0x2d,0x61,0x72,0x72,0x6f,0x77,0x2d,0x72,0x69,0x67,0x68,0x74,0x2d,0x63,
  0x69,0x72,0x63,0x6c,0x65,0x22,0x3e,0x3c,0x63,0x69,0x72,0x63,0x6c,0x65,0x20,0x63,
  0x78,0x3d,0x22,0x31,0x32,0x22,0x20,0x63,0x79,0x3d,0x22,0x31,0x32,0x22,0x20,0x72,
  0x3d,0x22,0x31,0x30,0x22,0x3e,0x3c,0x2f,0x63,0x69,0x72,0x63,0x6c,0x65,0x3e,0x3c,
  0x70,0x6f,0x6c,0x79,0x6c,0x69,0x6e,0x65,0x20,0x70,0x6f,0x69,0x6e,0x74,0x73,0x3d,
  0x22,0x31,0x32,0x20,0x31,0x36,0x20,0x31,0x36,0x20,0x31,0x32,0x20,0x31,0x32,0x20,
  0x38,0x22,0x3e,0x3c,0x2f,0x70,0x6f,0x6c,0x79,0x6c,0x69,0x6e,0x65,0x3e,0x3c,0x6c,
  0x69,0x6e,0x65,0x20,0x78,0x31,0x3d,0x22,0x38,0x22,0x20,0x79,0x31,0x3d,0x22,0x31,
  0x32,0x22,0x20,0x78,0x32,0x3d,0x22,0x31,0x36,0x22,0x20,0x79,0x32,0x3d,0x22,0x31,
  0x32,0x22,0x3e,0x3c,0x2f,0x6c,0x69,0x6e,0x65,0x3e,0x3c,0x2f,0x73,0x76,0x67,0x3e,
  
    // key.svg
  0x0,0x0,0x1,0x58,
  0x3c,
  0x73,0x76,0x67,0x20,0x78,0x6d,0x6c,0x6e,0x73,0x3d,0x22,0x68,0x74,0x74,0x70,0x3a,
  0x2f,0x2f,0x77,0x77,0x77,0x2e,0x77,0x33,0x2e,0x6f,0x72,0x67,0x2f,0x32,0x30,0x30,
  0x30,0x2f,0x73,0x76,0x67,0x22,0x20,0x77,0x69,0x64,0x74,0x68,0x3d,0x22,0x32,0x34,
  0x22,0x20,0x68,0x65,0x69,0x67,0x68,0x74,0x3d,0x22,0x32,0x34,0x22,0x20,0x76,0x69,
  0x65,0x77,0x42,0x6f,0x78,0x3d,0x22,0x30,0x20,0x30,0x20,0x32,0x34,0x20,0x32,0x34,
  0x22,0x20,0x66,0x69,0x6c,0x6c,0x3d,0x22,0x6e,0x6f,0x6e,0x65,0x22,0x20,0x73,0x74,
  0x72,0x6f,0x6b,0x65,0x3d,0x22,0x23,0x66,0x66,0x66,0x22,0x20,0x73,0x74,0x72,0x6f,
  0x6b,0x65,0x2d,0x77,0x69,0x64,0x74,0x68,0x3d,0x22,0x32,0x22,0x20,0x73,0x74,0x72,
  0x6f,0x6b,0x65,0x2d,0x6c,0x69,0x6e,0x65,0x63,0x61,0x70,0x3d,0x22,0x72,0x6f,0x75,
  0x6e,0x64,0x22,0x20,0x73,0x74,0x72,0x6f,0x6b,0x65,0x2d,0x6c,0x69,0x6e,0x65,0x6a,
  0x6f,0x69,0x6e,0x3d,0x22,0x72,0x6f,0x75,0x6e,0x64,0x22,0x20,0x63,0x6c,0x61,0x73,
  0x73,0x3d,0x22,0x66,0x65,0x61,0x74,0x68,0x65,0x72,0x20,0x66,0x65,0x61,0x74,0x68,
  0x65,0x72,0x2d,0x6b,0x65,0x79,0x22,0x3e,0x3c,0x70,0x61,0x74,0x68,0x20,0x64,0x3d,
  0x22,0x4d,0x32,0x31,0x20,0x32,0x6c,0x2d,0x32,0x20,0x32,0x6d,0x2d,0x37,0x2e,0x36,
  0x31,0x20,0x37,0x2e,0x36,0x31,0x61,0x35,0x2e,0x35,0x20,0x35,0x2e,0x35,0x20,0x30,
  0x20,0x31,0x20,0x31,0x2d,0x37,0x2e,0x37,0x37,0x38,0x20,0x37,0x2e,0x37,0x37,0x38,
  0x20,0x35,0x2e,0x35,0x20,0x35,0x2e,0x35,0x20,0x30,0x20,0x30,0x20,0x31,0x20,0x37,
  0x2e,0x37,0x37,0x37,0x2d,0x37,0x2e,0x37,0x37,0x37,0x7a,0x6d,0x30,0x20,0x30,0x4c,
  0x31,0x35,0x2e,0x35,0x20,0x37,0x2e,0x35,0x6d,0x30,0x20,0x30,0x6c,0x33,0x20,0x33,
  0x4c,0x32,0x32,0x20,0x37,0x6c,0x2d,0x33,0x2d,0x33,0x6d,0x2d,0x33,0x2e,0x35,0x20,
  0x33,0x2e,0x35,0x4c,0x31,0x39,0x20,0x34,0x22,0x3e,0x3c,0x2f,0x70,0x61,0x74,0x68,
  0x3e,0x3c,0x2f,0x73,0x76,0x67,0x3e,
    // delete.svg
  0x0,0x0,0x1,0x6e,
  0x3c,
  0x73,0x76,0x67,0x20,0x78,0x6d,0x6c,0x6e,0x73,0x3d,0x22,0x68,0x74,0x74,0x70,0x3a,
  0x2f,0x2f,0x77,0x77,0x77,0x2e,0x77,0x33,0x2e,0x6f,0x72,0x67,0x2f,0x32,0x30,0x30,
  0x30,0x2f,0x73,0x76,0x67,0x22,0x20,0x77,0x69,0x64,0x74,0x68,0x3d,0x22,0x32,0x34,
  0x22,0x20,0x68,0x65,0x69,0x67,0x68,0x74,0x3d,0x22,0x32,0x34,0x22,0x20,0x76,0x69,
  0x65,0x77,0x42,0x6f,0x78,0x3d,0x22,0x30,0x20,0x30,0x20,0x32,0x34,0x20,0x32,0x34,
  0x22,0x20,0x66,0x69,0x6c,0x6c,0x3d,0x22,0x6e,0x6f,0x6e,0x65,0x22,0x20,0x73,0x74,
  0x72,0x6f,0x6b,0x65,0x3d,0x22,0x23,0x66,0x66,0x66,0x22,0x20,0x73,0x74,0x72,0x6f,
  0x6b,0x65,0x2d,0x77,0x69,0x64,0x74,0x68,0x3d,0x22,0x32,0x22,0x20,0x73,0x74,0x72,
  0x6f,0x6b,0x65,0x2d,0x6c,0x69,0x6e,0x65,0x63,0x61,0x70,0x3d,0x22,0x72,0x6f,0x75,
  0x6e,0x64,0x22,0x20,0x73,0x74,0x72,0x6f,0x6b,0x65,0x2d,0x6c,0x69,0x6e,0x65,0x6a,
  0x6f,0x69,0x6e,0x3d,0x22,0x72,0x6f,0x75,0x6e,0x64,0x22,0x20,0x63,0x6c,0x61,0x73,
  0x73,0x3d,0x22,0x66,0x65,0x61,0x74,0x68,0x65,0x72,0x20,0x66,0x65,0x61,0x74,0x68,
  0x65,0x72,0x2d,0x64,0x65,0x6c,0x65,0x74,0x65,0x22,0x3e,0x3c,0x70,0x61,0x74,0x68,
  0x20,0x64,0x3d,0x22,0x4d,0x32,0x31,0x20,0x34,0x48,0x38,0x6c,0x2d,0x37,0x20,0x38,
  0x20,0x37,0x20,0x38,0x68,0x31,0x33,0x61,0x32,0x20,0x32,0x20,0x30,0x20,0x30,0x20,
  0x30,0x20,0x32,0x2d,0x32,0x56,0x36,0x61,0x32,0x20,0x32,0x20,0x30,0x20,0x30,0x20,
  0x30,0x2d,0x32,0x2d,0x32,0x7a,0x22,0x3e,0x3c,0x2f,0x70,0x61,0x74,0x68,0x3e,0x3c,
  0x6c,0x69,0x6e,0x65,0x20,0x78,0x31,0x3d,0x22,0x31,0x38,0x22,0x20,0x79,0x31,0x3d,
  0x22,0x39,0x22,0x20,0x78,0x32,0x3d,0x22,0x31,0x32,0x22,0x20,0x79,0x32,0x3d,0x22,
  0x31,0x35,0x22,0x3e,0x3c,0x2f,0x6c,0x69,0x6e,0x65,0x3e,0x3c,0x6c,0x69,0x6e,0x65,
  0x20,0x78,0x31,0x3d,0x22,0x31,0x32,0x22,0x20,0x79,0x31,0x3d,0x22,0x39,0x22,0x20,
  0x78,0x32,0x3d,0x22,0x31,0x38,0x22,0x20,0x79,0x32,0x3d,0x22,0x31,0x35,0x22,0x3e,
  0x3c,0x2f,0x6c,0x69,0x6e,0x65,0x3e,0x3c,0x2f,0x73,0x76,0x67,0x3e,
    // link-2.svg
  0x0,0x0,0x1,0x5b,
  0x3c,
  0x73,0x76,0x67,0x20,0x78,0x6d,0x6c,0x6e,0x73,0x3d,0x22,0x68,0x74,0x74,0x70,0x3a,
  0x2f,0x2f,0x77,0x77,0x77,0x2e,0x77,0x33,0x2e,0x6f,0x72,0x67,0x2f,0x32,0x30,0x30,
  0x30,0x2f,0x73,0x76,0x67,0x22,0x20,0x77,0x69,0x64,0x74,0x68,0x3d,0x22,0x32,0x34,
  0x22,0x20,0x68,0x65,0x69,0x67,0x68,0x74,0x3d,0x22,0x32,0x34,0x22,0x20,0x76,0x69,
  0x65,0x77,0x42,0x6f,0x78,0x3d,0x22,0x30,0x20,0x30,0x20,0x32,0x34,0x20,0x32,0x34,
  0x22,0x20,0x66,0x69,0x6c,0x6c,0x3d,0x22,0x6e,0x6f,0x6e,0x65,0x22,0x20,0x73,0x74,
  0x72,0x6f,0x6b,0x65,0x3d,0x22,0x23,0x66,0x66,0x66,0x22,0x20,0x73,0x74,0x72,0x6f,
  0x6b,0x65,0x2d,0x77,0x69,0x64,0x74,0x68,0x3d,0x22,0x32,0x22,0x20,0x73,0x74,0x72,
  0x6f,0x6b,0x65,0x2d,0x6c,0x69,0x6e,0x65,0x63,0x61,0x70,0x3d,0x22,0x72,0x6f,0x75,
  0x6e,0x64,0x22,0x20,0x73,0x74,0x72,0x6f,0x6b,0x65,0x2d,0x6c,0x69,0x6e,0x65,0x6a,
  0x6f,0x69,0x6e,0x3d,0x22,0x72,0x6f,0x75,0x6e,0x64,0x22,0x20,0x63,0x6c,0x61,0x73,
  0x73,0x3d,0x22,0x66,0x65,0x61,0x74,0x68,0x65,0x72,0x20,0x66,0x65,0x61,0x74,0x68,
  0x65,0x72,0x2d,0x6c,0x69,0x6e,0x6b,0x2d,0x32,0x22,0x3e,0x3c,0x70,0x61,0x74,0x68,
  0x20,0x64,0x3d,0x22,0x4d,0x31,0x35,0x20,0x37,0x68,0x33,0x61,0x35,0x20,0x35,0x20,
  0x30,0x20,0x30,0x20,0x31,0x20,0x35,0x20,0x35,0x20,0x35,0x20,0x35,0x20,0x30,0x20,
  0x30,0x20,0x31,0x2d,0x35,0x20,0x35,0x68,0x2d,0x33,0x6d,0x2d,0x36,0x20,0x30,0x48,
  0x36,0x61,0x35,0x20,0x35,0x20,0x30,0x20,0x30,0x20,0x31,0x2d,0x35,0x2d,0x35,0x20,
  0x35,0x20,0x35,0x20,0x30,0x20,0x30,0x20,0x31,0x20,0x35,0x2d,0x35,0x68,0x33,0x22,
  0x3e,0x3c,0x2f,0x70,0x61,0x74,0x68,0x3e,0x3c,0x6c,0x69,0x6e,0x65,0x20,0x78,0x31,
  0x3d,0x22,0x38,0x22,0x20,0x79,0x31,0x3d,0x22,0x31,0x32,0x22,0x20,0x78,0x32,0x3d,
  0x22,0x31,0x36,0x22,0x20,0x79,0x32,0x3d,0x22,0x31,0x32,0x22,0x3e,0x3c,0x2f,0x6c,
  0x69,0x6e,0x65,0x3e,0x3c,0x2f,0x73,0x76,0x67,0x3e,
    // codesandbox.svg
  0x0,0x0,0x2,0x76,
  0x3c,
  0x73,0x76,0x67,0x20,0x78,0x6d,0x6c,0x6e,0x73,0x3d,0x22,0x68,0x74,0x74,0x70,0x3a,
  0x2f,0x2f,0x77,0x77,0x77,0x2e,0x77,0x33,0x2e,0x6f,0x72,0x67,0x2f,0x32,0x30,0x30,
  0x30,0x2f,0x73,0x76,0x67,0x22,0x20,0x77,0x69,0x64,0x74,0x68,0x3d,0x22,0x32,0x34,
  0x22,0x20,0x68,0x65,0x69,0x67,0x68,0x74,0x3d,0x22,0x32,0x34,0x22,0x20,0x76,0x69,
  0x65,0x77,0x42,0x6f,0x78,0x3d,0x22,0x30,0x20,0x30,0x20,0x32,0x34,0x20,0x32,0x34,
  0x22,0x20,0x66,0x69,0x6c,0x6c,0x3d,0x22,0x6e,0x6f,0x6e,0x65,0x22,0x20,0x73,0x74,
  0x72,0x6f,0x6b,0x65,0x3d,0x22,0x23,0x66,0x66,0x66,0x22,0x20,0x73,0x74,0x72,0x6f,
  0x6b,0x65,0x2d,0x77,0x69,0x64,0x74,0x68,0x3d,0x22,0x32,0x22,0x20,0x73,0x74,0x72,
  0x6f,0x6b,0x65,0x2d,0x6c,0x69,0x6e,0x65,0x63,0x61,0x70,0x3d,0x22,0x72,0x6f,0x75,
  0x6e,0x64,0x22,0x20,0x73,0x74,0x72,0x6f,0x6b,0x65,0x2d,0x6c,0x69,0x6e,0x65,0x6a,
  0x6f,0x69,0x6e,0x3d,0x22,0x72,0x6f,0x75,0x6e,0x64,0x22,0x20,0x63,0x6c,0x61,0x73,
  0x73,0x3d,0x22,0x66,0x65,0x61,0x74,0x68,0x65,0x72,0x20,0x66,0x65,0x61,0x74,0x68,
  0x65,0x72,0x2d,0x63,0x6f,0x64,0x65,0x73,0x61,0x6e,0x64,0x62,0x6f,0x78,0x22,0x3e,
  0x3c,0x70,0x61,0x74,0x68,0x20,0x64,0x3d,0x22,0x4d,0x32,0x31,0x20,0x31,0x36,0x56,
  0x38,0x61,0x32,0x20,0x32,0x20,0x30,0x20,0x30,0x20,0x30,0x2d,0x31,0x2d,0x31,0x2e,
  0x37,0x33,0x6c,0x2d,0x37,0x2d,0x34,0x61,0x32,0x20,0x32,0x20,0x30,0x20,0x30,0x20,
  0x30,0x2d,0x32,0x20,0x30,0x6c,0x2d,0x37,0x20,0x34,0x41,0x32,0x20,0x32,0x20,0x30,
  0x20,0x30,0x20,0x30,0x20,0x33,0x20,0x38,0x76,0x38,0x61,0x32,0x20,0x32,0x20,0x30,
  0x20,0x30,0x20,0x30,0x20,0x31,0x20,0x31,0x2e,0x37,0x33,0x6c,0x37,0x20,0x34,0x61,
  0x32,0x20,0x32,0x20,0x30,0x20,0x30,0x20,0x30,0x20,0x32,0x20,0x30,0x6c,0x37,0x2d,
  0x34,0x41,0x32,0x20,0x32,0x20,0x30,0x20,0x30,0x20,0x30,0x20,0x32,0x31,0x20,0x31,
  0x36,0x7a,0x22,0x3e,0x3c,0x2f,0x70,0x61,0x74,0x68,0x3e,0x3c,0x70,0x6f,0x6c,0x79,
  0x6c,0x69,0x6e,0x65,0x20,0x70,0x6f,0x69,0x6e,0x74,0x73,0x3d,0x22,0x37,0x2e,0x35,
  0x20,0x34,0x2e,0x32,0x31,0x20,0x31,0x32,0x20,0x36,0x2e,0x38,0x31,0x20,0x31,0x36,
  0x2e,0x35,0x20,0x34,0x2e,0x32,0x31,0x22,0x3e,0x3c,0x2f,0x70,0x6f,0x6c,0x79,0x6c,
  0x69,0x6e,0x65,0x3e,0x3c,0x70,0x6f,0x6c,0x79,0x6c,0x69,0x6e,0x65,0x20,0x70,0x6f,
  0x69,0x6e,0x74,0x73,0x3d,0x22,0x37,0x2e,0x35,0x20,0x31,0x39,0x2e,0x37,0x39,0x20,
  0x37,0x2e,0x35,0x20,0x31,0x34,0x2e,0x36,0x20,0x33,0x20,0x31,0x32,0x22,0x3e,0x3c,
  0x2f,0x70,0x6f,0x6c,0x79,0x6c,0x69,0x6e,0x65,0x3e,0x3c,0x70,0x6f,0x6c,0x79,0x6c,
  0x69,0x6e,0x65,0x20,0x70,0x6f,0x69,0x6e,0x74,0x73,0x3d,0x22,0x32,0x31,0x20,0x31,
  0x32,0x20,0x31,0x36,0x2e,0x35,0x20,0x31,0x34,0x2e,0x36,0x20,0x31,0x36,0x2e,0x35,
  0x20,0x31,0x39,0x2e,0x37,0x39,0x22,0x3e,0x3c,0x2f,0x70,0x6f,0x6c,0x79,0x6c,0x69,
  0x6e,0x65,0x3e,0x3c,0x70,0x6f,0x6c,0x79,0x6c,0x69,0x6e,0x65,0x20,0x70,0x6f,0x69,
  0x6e,0x74,0x73,0x3d,0x22,0x33,0x2e,0x32,0x37,0x20,0x36,0x2e,0x39,0x36,0x20,0x31,
  0x32,0x20,0x31,0x32,0x2e,0x30,0x31,0x20,0x32,0x30,0x2e,0x37,0x33,0x20,0x36,0x2e,
  0x39,0x36,0x22,0x3e,0x3c,0x2f,0x70,0x6f,0x6c,0x79,0x6c,0x69,0x6e,0x65,0x3e,0x3c,
  0x6c,0x69,0x6e,0x65,0x20,0x78,0x31,0x3d,0x22,0x31,0x32,0x22,0x20,0x79,0x31,0x3d,
  0x22,0x32,0x32,0x2e,0x30,0x38,0x22,0x20,0x78,0x32,0x3d,0x22,0x31,0x32,0x22,0x20,
  0x79,0x32,0x3d,0x22,0x31,0x32,0x22,0x3e,0x3c,0x2f,0x6c,0x69,0x6e,0x65,0x3e,0x3c,
  0x2f,0x73,0x76,0x67,0x3e,
    // plus-circle.svg
  0x0,0x0,0x1,0x57,
  0x3c,
  0x73,0x76,0x67,0x20,0x78,0x6d,0x6c,0x6e,0x73,0x3d,0x22,0x68,0x74,0x74,0x70,0x3a,
  0x2f,0x2f,0x77,0x77,0x77,0x2e,0x77,0x33,0x2e,0x6f,0x72,0x67,0x2f,0x32,0x30,0x30,
  0x30,0x2f,0x73,0x76,0x67,0x22,0x20,0x77,0x69,0x64,0x74,0x68,0x3d,0x22,0x32,0x34,
  0x22,0x20,0x68,0x65,0x69,0x67,0x68,0x74,0x3d,0x22,0x32,0x34,0x22,0x20,0x76,0x69,
  0x65,0x77,0x42,0x6f,0x78,0x3d,0x22,0x30,0x20,0x30,0x20,0x32,0x34,0x20,0x32,0x34,
  0x22,0x20,0x66,0x69,0x6c,0x6c,0x3d,0x22,0x6e,0x6f,0x6e,0x65,0x22,0x20,0x73,0x74,
  0x72,0x6f,0x6b,0x65,0x3d,0x22,0x23,0x66,0x66,0x66,0x22,0x20,0x73,0x74,0x72,0x6f,
  0x6b,0x65,0x2d,0x77,0x69,0x64,0x74,0x68,0x3d,0x22,0x32,0x22,0x20,0x73,0x74,0x72,
  0x6f,0x6b,0x65,0x2d,0x6c,0x69,0x6e,0x65,0x63,0x61,0x70,0x3d,0x22,0x72,0x6f,0x75,
  0x6e,0x64,0x22,0x20,0x73,0x74,0x72,0x6f,0x6b,0x65,0x2d,0x6c,0x69,0x6e,0x65,0x6a,
  0x6f,0x69,0x6e,0x3d,0x22,0x72,0x6f,0x75,0x6e,0x64,0x22,0x20,0x63,0x6c,0x61,0x73,
  0x73,0x3d,0x22,0x66,0x65,0x61,0x74,0x68,0x65,0x72,0x20,0x66,0x65,0x61,0x74,0x68,
  0x65,0x72,0x2d,0x70,0x6c,0x75,0x73,0x2d,0x63,0x69,0x72,0x63,0x6c,0x65,0x22,0x3e,
  0x3c,0x63,0x69,0x72,0x63,0x6c,0x65,0x20,0x63,0x78,0x3d,0x22,0x31,0x32,0x22,0x20,
  0x63,0x79,0x3d,0x22,0x31,0x32,0x22,0x20,0x72,0x3d,0x22,0x31,0x30,0x22,0x3e,0x3c,
  0x2f,0x63,0x69,0x72,0x63,0x6c,0x65,0x3e,0x3c,0x6c,0x69,0x6e,0x65,0x20,0x78,0x31,
  0x3d,0x22,0x31,0x32,0x22,0x20,0x79,0x31,0x3d,0x22,0x38,0x22,0x20,0x78,0x32,0x3d,
  0x22,0x31,0x32,0x22,0x20,0x79,0x32,0x3d,0x22,0x31,0x36,0x22,0x3e,0x3c,0x2f,0x6c,
  0x69,0x6e,0x65,0x3e,0x3c,0x6c,0x69,0x6e,0x65,0x20,0x78,0x31,0x3d,0x22,0x38,0x22,
  0x20,0x79,0x31,0x3d,0x22,0x31,0x32,0x22,0x20,0x78,0x32,0x3d,0x22,0x31,0x36,0x22,
  0x20,0x79,0x32,0x3d,0x22,0x31,0x32,0x22,0x3e,0x3c,0x2f,0x6c,0x69,0x6e,0x65,0x3e,
  0x3c,0x2f,0x73,0x76,0x67,0x3e,
    // log-out.svg
  0x0,0x0,0x1,0x67,
  0x3c,
  0x73,0x76,0x67,0x20,0x78,0x6d,0x6c,0x6e,0x73,0x3d,0x22,0x68,0x74,0x74,0x70,0x3a,
  0x2f,0x2f,0x77,0x77,0x77,0x2e,0x77,0x33,0x2e,0x6f,0x72,0x67,0x2f,0x32,0x30,0x30,
  0x30,0x2f,0x73,0x76,0x67,0x22,0x20,0x77,0x69,0x64,0x74,0x68,0x3d,0x22,0x32,0x34,
  0x22,0x20,0x68,0x65,0x69,0x67,0x68,0x74,0x3d,0x22,0x32,0x34,0x22,0x20,0x76,0x69,
  0x65,0x77,0x42,0x6f,0x78,0x3d,0x22,0x30,0x20,0x30,0x20,0x32,0x34,0x20,0x32,0x34,
  0x22,0x20,0x66,0x69,0x6c,0x6c,0x3d,0x22,0x6e,0x6f,0x6e,0x65,0x22,0x20,0x73,0x74,
  0x72,0x6f,0x6b,0x65,0x3d,0x22,0x23,0x66,0x66,0x66,0x22,0x20,0x73,0x74,0x72,0x6f,
  0x6b,0x65,0x2d,0x77,0x69,0x64,0x74,0x68,0x3d,0x22,0x32,0x22,0x20,0x73,0x74,0x72,
  0x6f,0x6b,0x65,0x2d,0x6c,0x69,0x6e,0x65,0x63,0x61,0x70,0x3d,0x22,0x72,0x6f,0x75,
  0x6e,0x64,0x22,0x20,0x73,0x74,0x72,0x6f,0x6b,0x65,0x2d,0x6c,0x69,0x6e,0x65,0x6a,
  0x6f,0x69,0x6e,0x3d,0x22,0x72,0x6f,0x75,0x6e,0x64,0x22,0x20,0x63,0x6c,0x61,0x73,
  0x73,0x3d,0x22,0x66,0x65,0x61,0x74,0x68,0x65,0x72,0x20,0x66,0x65,0x61,0x74,0x68,
  0x65,0x72,0x2d,0x6c,0x6f,0x67,0x2d,0x6f,0x75,0x74,0x22,0x3e,0x3c,0x70,0x61,0x74,
  0x68,0x20,0x64,0x3d,0x22,0x4d,0x39,0x20,0x32,0x31,0x48,0x35,0x61,0x32,0x20,0x32,
  0x20,0x30,0x20,0x30,0x20,0x31,0x2d,0x32,0x2d,0x32,0x56,0x35,0x61,0x32,0x20,0x32,
  0x20,0x30,0x20,0x30,0x20,0x31,0x20,0x32,0x2d,0x32,0x68,0x34,0x22,0x3e,0x3c,0x2f,
  0x70,0x61,0x74,0x68,0x3e,0x3c,0x70,0x6f,0x6c,0x79,0x6c,0x69,0x6e,0x65,0x20,0x70,
  0x6f,0x69,0x6e,0x74,0x73,0x3d,0x22,0x31,0x36,0x20,0x31,0x37,0x20,0x32,0x31,0x20,
  0x31,0x32,0x20,0x31,0x36,0x20,0x37,0x22,0x3e,0x3c,0x2f,0x70,0x6f,0x6c,0x79,0x6c,
  0x69,0x6e,0x65,0x3e,0x3c,0x6c,0x69,0x6e,0x65,0x20,0x78,0x31,0x3d,0x22,0x32,0x31,
  0x22,0x20,0x79,0x31,0x3d,0x22,0x31,0x32,0x22,0x20,0x78,0x32,0x3d,0x22,0x39,0x22,
  0x20,0x79,0x32,0x3d,0x22,0x31,0x32,0x22,0x3e,0x3c,0x2f,0x6c,0x69,0x6e,0x65,0x3e,
  0x3c,0x2f,0x73,0x76,0x67,0x3e,
    // divide-square.svg
  0x0,0x0,0x1,0x9b,
  0x3c,
  0x73,0x76,0x67,0x20,0x78,0x6d,0x6c,0x6e,0x73,0x3d,0x22,0x68,0x74,0x74,0x70,0x3a,
  0x2f,0x2f,0x77,0x77,0x77,0x2e,0x77,0x33,0x2e,0x6f,0x72,0x67,0x2f,0x32,0x30,0x30,
  0x30,0x2f,0x73,0x76,0x67,0x22,0x20,0x77,0x69,0x64,0x74,0x68,0x3d,0x22,0x32,0x34,
  0x22,0x20,0x68,0x65,0x69,0x67,0x68,0x74,0x3d,0x22,0x32,0x34,0x22,0x20,0x76,0x69,
  0x65,0x77,0x42,0x6f,0x78,0x3d,0x22,0x30,0x20,0x30,0x20,0x32,0x34,0x20,0x32,0x34,
  0x22,0x20,0x66,0x69,0x6c,0x6c,0x3d,0x22,0x6e,0x6f,0x6e,0x65,0x22,0x20,0x73,0x74,
  0x72,0x6f,0x6b,0x65,0x3d,0x22,0x23,0x66,0x66,0x66,0x22,0x20,0x73,0x74,0x72,0x6f,
  0x6b,0x65,0x2d,0x77,0x69,0x64,0x74,0x68,0x3d,0x22,0x32,0x22,0x20,0x73,0x74,0x72,
  0x6f,0x6b,0x65,0x2d,0x6c,0x69,0x6e,0x65,0x63,0x61,0x70,0x3d,0x22,0x72,0x6f,0x75,
  0x6e,0x64,0x22,0x20,0x73,0x74,0x72,0x6f,0x6b,0x65,0x2d,0x6c,0x69,0x6e,0x65,0x6a,
  0x6f,0x69,0x6e,0x3d,0x22,0x72,0x6f,0x75,0x6e,0x64,0x22,0x20,0x63,0x6c,0x61,0x73,
  0x73,0x3d,0x22,0x66,0x65,0x61,0x74,0x68,0x65,0x72,0x20,0x66,0x65,0x61,0x74,0x68,
  0x65,0x72,0x2d,0x64,0x69,0x76,0x69,0x64,0x65,0x2d,0x73,0x71,0x75,0x61,0x72,0x65,
  0x22,0x3e,0x3c,0x72,0x65,0x63,0x74,0x20,0x78,0x3d,0x22,0x33,0x22,0x20,0x79,0x3d,
  0x22,0x33,0x22,0x20,0x77,0x69,0x64,0x74,0x68,0x3d,0x22,0x31,0x38,0x22,0x20,0x68,
  0x65,0x69,0x67,0x68,0x74,0x3d,0x22,0x31,0x38,0x22,0x20,0x72,0x78,0x3d,0x22,0x32,
  0x22,0x20,0x72,0x79,0x3d,0x22,0x32,0x22,0x3e,0x3c,0x2f,0x72,0x65,0x63,0x74,0x3e,
  0x3c,0x6c,0x69,0x6e,0x65,0x20,0x78,0x31,0x3d,0x22,0x38,0x22,0x20,0x79,0x31,0x3d,
  0x22,0x31,0x32,0x22,0x20,0x78,0x32,0x3d,0x22,0x31,0x36,0x22,0x20,0x79,0x32,0x3d,
  0x22,0x31,0x32,0x22,0x3e,0x3c,0x2f,0x6c,0x69,0x6e,0x65,0x3e,0x3c,0x6c,0x69,0x6e,
  0x65,0x20,0x78,0x31,0x3d,0x22,0x31,0x32,0x22,0x20,0x79,0x31,0x3d,0x22,0x31,0x36,
  0x22,0x20,0x78,0x32,0x3d,0x22,0x31,0x32,0x22,0x20,0x79,0x32,0x3d,0x22,0x31,0x36,
  0x22,0x3e,0x3c,0x2f,0x6c,0x69,0x6e,0x65,0x3e,0x3c,0x6c,0x69,0x6e,0x65,0x20,0x78,
  0x31,0x3d,0x22,0x31,0x32,0x22,0x20,0x79,0x31,0x3d,0x22,0x38,0x22,0x20,0x78,0x32,
  0x3d,0x22,0x31,0x32,0x22,0x20,0x79,0x32,0x3d,0x22,0x38,0x22,0x3e,0x3c,0x2f,0x6c,
  0x69,0x6e,0x65,0x3e,0x3c,0x2f,0x73,0x76,0x67,0x3e,
    // video-off.svg
  0x0,0x0,0x1,0x73,
  0x3c,
  0x73,0x76,0x67,0x20,0x78,0x6d,0x6c,0x6e,0x73,0x3d,0x22,0x68,0x74,0x74,0x70,0x3a,
  0x2f,0x2f,0x77,0x77,0x77,0x2e,0x77,0x33,0x2e,0x6f,0x72,0x67,0x2f,0x32,0x30,0x30,
  0x30,0x2f,0x73,0x76,0x67,0x22,0x20,0x77,0x69,0x64,0x74,0x68,0x3d,0x22,0x32,0x34,
  0x22,0x20,0x68,0x65,0x69,0x67,0x68,0x74,0x3d,0x22,0x32,0x34,0x22,0x20,0x76,0x69,
  0x65,0x77,0x42,0x6f,0x78,0x3d,0x22,0x30,0x20,0x30,0x20,0x32,0x34,0x20,0x32,0x34,
  0x22,0x20,0x66,0x69,0x6c,0x6c,0x3d,0x22,0x6e,0x6f,0x6e,0x65,0x22,0x20,0x73,0x74,
  0x72,0x6f,0x6b,0x65,0x3d,0x22,0x23,0x66,0x66,0x66,0x22,0x20,0x73,0x74,0x72,0x6f,
  0x6b,0x65,0x2d,0x77,0x69,0x64,0x74,0x68,0x3d,0x22,0x32,0x22,0x20,0x73,0x74,0x72,
  0x6f,0x6b,0x65,0x2d,0x6c,0x69,0x6e,0x65,0x63,0x61,0x70,0x3d,0x22,0x72,0x6f,0x75,
  0x6e,0x64,0x22,0x20,0x73,0x74,0x72,0x6f,0x6b,0x65,0x2d,0x6c,0x69,0x6e,0x65,0x6a,
  0x6f,0x69,0x6e,0x3d,0x22,0x72,0x6f,0x75,0x6e,0x64,0x22,0x20,0x63,0x6c,0x61,0x73,
  0x73,0x3d,0x22,0x66,0x65,0x61,0x74,0x68,0x65,0x72,0x20,0x66,0x65,0x61,0x74,0x68,
  0x65,0x72,0x2d,0x76,0x69,0x64,0x65,0x6f,0x2d,0x6f,0x66,0x66,0x22,0x3e,0x3c,0x70,
  0x61,0x74,0x68,0x20,0x64,0x3d,0x22,0x4d,0x31,0x36,0x20,0x31,0x36,0x76,0x31,0x61,
  0x32,0x20,0x32,0x20,0x30,0x20,0x30,0x20,0x31,0x2d,0x32,0x20,0x32,0x48,0x33,0x61,
  0x32,0x20,0x32,0x20,0x30,0x20,0x30,0x20,0x31,0x2d,0x32,0x2d,0x32,0x56,0x37,0x61,
  0x32,0x20,0x32,0x20,0x30,0x20,0x30,0x20,0x31,0x20,0x32,0x2d,0x32,0x68,0x32,0x6d,
  0x35,0x2e,0x36,0x36,0x20,0x30,0x48,0x31,0x34,0x61,0x32,0x20,0x32,0x20,0x30,0x20,
  0x30,0x20,0x31,0x20,0x32,0x20,0x32,0x76,0x33,0x2e,0x33,0x34,0x6c,0x31,0x20,0x31,
  0x4c,0x32,0x33,0x20,0x37,0x76,0x31,0x30,0x22,0x3e,0x3c,0x2f,0x70,0x61,0x74,0x68,
  0x3e,0x3c,0x6c,0x69,0x6e,0x65,0x20,0x78,0x31,0x3d,0x22,0x31,0x22,0x20,0x79,0x31,
  0x3d,0x22,0x31,0x22,0x20,0x78,0x32,0x3d,0x22,0x32,0x33,0x22,0x20,0x79,0x32,0x3d,
  0x22,0x32,0x33,0x22,0x3e,0x3c,0x2f,0x6c,0x69,0x6e,0x65,0x3e,0x3c,0x2f,0x73,0x76,
  0x67,0x3e,
    // volume.svg
  0x0,0x0,0x1,0x10,
  0x3c,
  0x73,0x76,0x67,0x20,0x78,0x6d,0x6c,0x6e,0x73,0x3d,0x22,0x68,0x74,0x74,0x70,0x3a,
  0x2f,0x2f,0x77,0x77,0x77,0x2e,0x77,0x33,0x2e,0x6f,0x72,0x67,0x2f,0x32,0x30,0x30,
  0x30,0x2f,0x73,0x76,0x67,0x22,0x20,0x77,0x69,0x64,0x74,0x68,0x3d,0x22,0x32,0x34,
  0x22,0x20,0x68,0x65,0x69,0x67,0x68,0x74,0x3d,0x22,0x32,0x34,0x22,0x20,0x76,0x69,
  0x65,0x77,0x42,0x6f,0x78,0x3d,0x22,0x30,0x20,0x30,0x20,0x32,0x34,0x20,0x32,0x34,
  0x22,0x20,0x66,0x69,0x6c,0x6c,0x3d,0x22,0x6e,0x6f,0x6e,0x65,0x22,0x20,0x73,0x74,
  0x72,0x6f,0x6b,0x65,0x3d,0x22,0x23,0x66,0x66,0x66,0x22,0x20,0x73,0x74,0x72,0x6f,
  0x6b,0x65,0x2d,0x77,0x69,0x64,0x74,0x68,0x3d,0x22,0x32,0x22,0x20,0x73,0x74,0x72,
  0x6f,0x6b,0x65,0x2d,0x6c,0x69,0x6e,0x65,0x63,0x61,0x70,0x3d,0x22,0x72,0x6f,0x75,
  0x6e,0x64,0x22,0x20,0x73,0x74,0x72,0x6f,0x6b,0x65,0x2d,0x6c,0x69,0x6e,0x65,0x6a,
  0x6f,0x69,0x6e,0x3d,0x22,0x72,0x6f,0x75,0x6e,0x64,0x22,0x20,0x63,0x6c,0x61,0x73,
  0x73,0x3d,0x22,0x66,0x65,0x61,0x74,0x68,0x65,0x72,0x20,0x66,0x65,0x61,0x74,0x68,
  0x65,0x72,0x2d,0x76,0x6f,0x6c,0x75,0x6d,0x65,0x22,0x3e,0x3c,0x70,0x6f,0x6c,0x79,
  0x67,0x6f,0x6e,0x20,0x70,0x6f,0x69,0x6e,0x74,0x73,0x3d,0x22,0x31,0x31,0x20,0x35,
  0x20,0x36,0x20,0x39,0x20,0x32,0x20,0x39,0x20,0x32,0x20,0x31,0x35,0x20,0x36,0x20,
  0x31,0x35,0x20,0x31,0x31,0x20,0x31,0x39,0x20,0x31,0x31,0x20,0x35,0x22,0x3e,0x3c,
  0x2f,0x70,0x6f,0x6c,0x79,0x67,0x6f,0x6e,0x3e,0x3c,0x2f,0x73,0x76,0x67,0x3e,
    // minimize-2.svg
  0x0,0x0,0x1,0x8c,
  0x3c,
  0x73,0x76,0x67,0x20,0x78,0x6d,0x6c,0x6e,0x73,0x3d,0x22,0x68,0x74,0x74,0x70,0x3a,
  0x2f,0x2f,0x77,0x77,0x77,0x2e,0x77,0x33,0x2e,0x6f,0x72,0x67,0x2f,0x32,0x30,0x30,
  0x30,0x2f,0x73,0x76,0x67,0x22,0x20,0x77,0x69,0x64,0x74,0x68,0x3d,0x22,0x32,0x34,
  0x22,0x20,0x68,0x65,0x69,0x67,0x68,0x74,0x3d,0x22,0x32,0x34,0x22,0x20,0x76,0x69,
  0x65,0x77,0x42,0x6f,0x78,0x3d,0x22,0x30,0x20,0x30,0x20,0x32,0x34,0x20,0x32,0x34,
  0x22,0x20,0x66,0x69,0x6c,0x6c,0x3d,0x22,0x6e,0x6f,0x6e,0x65,0x22,0x20,0x73,0x74,
  0x72,0x6f,0x6b,0x65,0x3d,0x22,0x23,0x66,0x66,0x66,0x22,0x20,0x73,0x74,0x72,0x6f,
  0x6b,0x65,0x2d,0x77,0x69,0x64,0x74,0x68,0x3d,0x22,0x32,0x22,0x20,0x73,0x74,0x72,
  0x6f,0x6b,0x65,0x2d,0x6c,0x69,0x6e,0x65,0x63,0x61,0x70,0x3d,0x22,0x72,0x6f,0x75,
  0x6e,0x64,0x22,0x20,0x73,0x74,0x72,0x6f,0x6b,0x65,0x2d,0x6c,0x69,0x6e,0x65,0x6a,
  0x6f,0x69,0x6e,0x3d,0x22,0x72,0x6f,0x75,0x6e,0x64,0x22,0x20,0x63,0x6c,0x61,0x73,
  0x73,0x3d,0x22,0x66,0x65,0x61,0x74,0x68,0x65,0x72,0x20,0x66,0x65,0x61,0x74,0x68,
  0x65,0x72,0x2d,0x6d,0x69,0x6e,0x69,0x6d,0x69,0x7a,0x65,0x2d,0x32,0x22,0x3e,0x3c,
  0x70,0x6f,0x6c,0x79,0x6c,0x69,0x6e,0x65,0x20,0x70,0x6f,0x69,0x6e,0x74,0x73,0x3d,
  0x22,0x34,0x20,0x31,0x34,0x20,0x31,0x30,0x20,0x31,0x34,0x20,0x31,0x30,0x20,0x32,
  0x30,0x22,0x3e,0x3c,0x2f,0x70,0x6f,0x6c,0x79,0x6c,0x69,0x6e,0x65,0x3e,0x3c,0x70,
  0x6f,0x6c,0x79,0x6c,0x69,0x6e,0x65,0x20,0x70,0x6f,0x69,0x6e,0x74,0x73,0x3d,0x22,
  0x32,0x30,0x20,0x31,0x30,0x20,0x31,0x34,0x20,0x31,0x30,0x20,0x31,0x34,0x20,0x34,
  0x22,0x3e,0x3c,0x2f,0x70,0x6f,0x6c,0x79,0x6c,0x69,0x6e,0x65,0x3e,0x3c,0x6c,0x69,
  0x6e,0x65,0x20,0x78,0x31,0x3d,0x22,0x31,0x34,0x22,0x20,0x79,0x31,0x3d,0x22,0x31,
  0x30,0x22,0x20,0x78,0x32,0x3d,0x22,0x32,0x31,0x22,0x20,0x79,0x32,0x3d,0x22,0x33,
  0x22,0x3e,0x3c,0x2f,0x6c,0x69,0x6e,0x65,0x3e,0x3c,0x6c,0x69,0x6e,0x65,0x20,0x78,
  0x31,0x3d,0x22,0x33,0x22,0x20,0x79,0x31,0x3d,0x22,0x32,0x31,0x22,0x20,0x78,0x32,
  0x3d,0x22,0x31,0x30,0x22,0x20,0x79,0x32,0x3d,0x22,0x31,0x34,0x22,0x3e,0x3c,0x2f,
  0x6c,0x69,0x6e,0x65,0x3e,0x3c,0x2f,0x73,0x76,0x67,0x3e,
    // share.svg
  0x0,0x0,0x1,0x64,
  0x3c,
  0x73,0x76,0x67,0x20,0x78,0x6d,0x6c,0x6e,0x73,0x3d,0x22,0x68,0x74,0x74,0x70,0x3a,
  0x2f,0x2f,0x77,0x77,0x77,0x2e,0x77,0x33,0x2e,0x6f,0x72,0x67,0x2f,0x32,0x30,0x30,
  0x30,0x2f,0x73,0x76,0x67,0x22,0x20,0x77,0x69,0x64,0x74,0x68,0x3d,0x22,0x32,0x34,
  0x22,0x20,0x68,0x65,0x69,0x67,0x68,0x74,0x3d,0x22,0x32,0x34,0x22,0x20,0x76,0x69,
  0x65,0x77,0x42,0x6f,0x78,0x3d,0x22,0x30,0x20,0x30,0x20,0x32,0x34,0x20,0x32,0x34,
  0x22,0x20,0x66,0x69,0x6c,0x6c,0x3d,0x22,0x6e,0x6f,0x6e,0x65,0x22,0x20,0x73,0x74,
  0x72,0x6f,0x6b,0x65,0x3d,0x22,0x23,0x66,0x66,0x66,0x22,0x20,0x73,0x74,0x72,0x6f,
  0x6b,0x65,0x2d,0x77,0x69,0x64,0x74,0x68,0x3d,0x22,0x32,0x22,0x20,0x73,0x74,0x72,
  0x6f,0x6b,0x65,0x2d,0x6c,0x69,0x6e,0x65,0x63,0x61,0x70,0x3d,0x22,0x72,0x6f,0x75,
  0x6e,0x64,0x22,0x20,0x73,0x74,0x72,0x6f,0x6b,0x65,0x2d,0x6c,0x69,0x6e,0x65,0x6a,
  0x6f,0x69,0x6e,0x3d,0x22,0x72,0x6f,0x75,0x6e,0x64,0x22,0x20,0x63,0x6c,0x61,0x73,
  0x73,0x3d,0x22,0x66,0x65,0x61,0x74,0x68,0x65,0x72,0x20,0x66,0x65,0x61,0x74,0x68,
  0x65,0x72,0x2d,0x73,0x68,0x61,0x72,0x65,0x22,0x3e,0x3c,0x70,0x61,0x74,0x68,0x20,
  0x64,0x3d,0x22,0x4d,0x34,0x20,0x31,0x32,0x76,0x38,0x61,0x32,0x20,0x32,0x20,0x30,
  0x20,0x30,0x20,0x30,0x20,0x32,0x20,0x32,0x68,0x31,0x32,0x61,0x32,0x20,0x32,0x20,
  0x30,0x20,0x30,0x20,0x30,0x20,0x32,0x2d,0x32,0x76,0x2d,0x38,0x22,0x3e,0x3c,0x2f,
  0x70,0x61,0x74,0x68,0x3e,0x3c,0x70,0x6f,0x6c,0x79,0x6c,0x69,0x6e,0x65,0x20,0x70,
  0x6f,0x69,0x6e,0x74,0x73,0x3d,0x22,0x31,0x36,0x20,0x36,0x20,0x31,0x32,0x20,0x32,
  0x20,0x38,0x20,0x36,0x22,0x3e,0x3c,0x2f,0x70,0x6f,0x6c,0x79,0x6c,0x69,0x6e,0x65,
  0x3e,0x3c,0x6c,0x69,0x6e,0x65,0x20,0x78,0x31,0x3d,0x22,0x31,0x32,0x22,0x20,0x79,
  0x31,0x3d,0x22,0x32,0x22,0x20,0x78,0x32,0x3d,0x22,0x31,0x32,0x22,0x20,0x79,0x32,
  0x3d,0x22,0x31,0x35,0x22,0x3e,0x3c,0x2f,0x6c,0x69,0x6e,0x65,0x3e,0x3c,0x2f,0x73,
  0x76,0x67,0x3e,
    // chevrons-up.svg
  0x0,0x0,0x1,0x34,
  0x3c,
  0x73,0x76,0x67,0x20,0x78,0x6d,0x6c,0x6e,0x73,0x3d,0x22,0x68,0x74,0x74,0x70,0x3a,
  0x2f,0x2f,0x77,0x77,0x77,0x2e,0x77,0x33,0x2e,0x6f,0x72,0x67,0x2f,0x32,0x30,0x30,
  0x30,0x2f,0x73,0x76,0x67,0x22,0x20,0x77,0x69,0x64,0x74,0x68,0x3d,0x22,0x32,0x34,
  0x22,0x20,0x68,0x65,0x69,0x67,0x68,0x74,0x3d,0x22,0x32,0x34,0x22,0x20,0x76,0x69,
  0x65,0x77,0x42,0x6f,0x78,0x3d,0x22,0x30,0x20,0x30,0x20,0x32,0x34,0x20,0x32,0x34,
  0x22,0x20,0x66,0x69,0x6c,0x6c,0x3d,0x22,0x6e,0x6f,0x6e,0x65,0x22,0x20,0x73,0x74,
  0x72,0x6f,0x6b,0x65,0x3d,0x22,0x23,0x66,0x66,0x66,0x22,0x20,0x73,0x74,0x72,0x6f,
  0x6b,0x65,0x2d,0x77,0x69,0x64,0x74,0x68,0x3d,0x22,0x32,0x22,0x20,0x73,0x74,0x72,
  0x6f,0x6b,0x65,0x2d,0x6c,0x69,0x6e,0x65,0x63,0x61,0x70,0x3d,0x22,0x72,0x6f,0x75,
  0x6e,0x64,0x22,0x20,0x73,0x74,0x72,0x6f,0x6b,0x65,0x2d,0x6c,0x69,0x6e,0x65,0x6a,
  0x6f,0x69,0x6e,0x3d,0x22,0x72,0x6f,0x75,0x6e,0x64,0x22,0x20,0x63,0x6c,0x61,0x73,
  0x73,0x3d,0x22,0x66,0x65,0x61,0x74,0x68,0x65,0x72,0x20,0x66,0x65,0x61,0x74,0x68,
  0x65,0x72,0x2d,0x63,0x68,0x65,0x76,0x72,0x6f,0x6e,0x73,0x2d,0x75,0x70,0x22,0x3e,
  0x3c,0x70,0x6f,0x6c,0x79,0x6c,0x69,0x6e,0x65,0x20,0x70,0x6f,0x69,0x6e,0x74,0x73,
  0x3d,0x22,0x31,0x37,0x20,0x31,0x31,0x20,0x31,0x32,0x20,0x36,0x20,0x37,0x20,0x31,
  0x31,0x22,0x3e,0x3c,0x2f,0x70,0x6f,0x6c,0x79,0x6c,0x69,0x6e,0x65,0x3e,0x3c,0x70,
  0x6f,0x6c,0x79,0x6c,0x69,0x6e,0x65,0x20,0x70,0x6f,0x69,0x6e,0x74,0x73,0x3d,0x22,
  0x31,0x37,0x20,0x31,0x38,0x20,0x31,0x32,0x20,0x31,0x33,0x20,0x37,0x20,0x31,0x38,
  0x22,0x3e,0x3c,0x2f,0x70,0x6f,0x6c,0x79,0x6c,0x69,0x6e,0x65,0x3e,0x3c,0x2f,0x73,
  0x76,0x67,0x3e,
    // minimize.svg
  0x0,0x0,0x1,0x43,
  0x3c,
  0x73,0x76,0x67,0x20,0x78,0x6d,0x6c,0x6e,0x73,0x3d,0x22,0x68,0x74,0x74,0x70,0x3a,
  0x2f,0x2f,0x77,0x77,0x77,0x2e,0x77,0x33,0x2e,0x6f,0x72,0x67,0x2f,0x32,0x30,0x30,
  0x30,0x2f,0x73,0x76,0x67,0x22,0x20,0x77,0x69,0x64,0x74,0x68,0x3d,0x22,0x32,0x34,
  0x22,0x20,0x68,0x65,0x69,0x67,0x68,0x74,0x3d,0x22,0x32,0x34,0x22,0x20,0x76,0x69,
  0x65,0x77,0x42,0x6f,0x78,0x3d,0x22,0x30,0x20,0x30,0x20,0x32,0x34,0x20,0x32,0x34,
  0x22,0x20,0x66,0x69,0x6c,0x6c,0x3d,0x22,0x6e,0x6f,0x6e,0x65,0x22,0x20,0x73,0x74,
  0x72,0x6f,0x6b,0x65,0x3d,0x22,0x23,0x66,0x66,0x66,0x22,0x20,0x73,0x74,0x72,0x6f,
  0x6b,0x65,0x2d,0x77,0x69,0x64,0x74,0x68,0x3d,0x22,0x32,0x22,0x20,0x73,0x74,0x72,
  0x6f,0x6b,0x65,0x2d,0x6c,0x69,0x6e,0x65,0x63,0x61,0x70,0x3d,0x22,0x72,0x6f,0x75,
  0x6e,0x64,0x22,0x20,0x73,0x74,0x72,0x6f,0x6b,0x65,0x2d,0x6c,0x69,0x6e,0x65,0x6a,
  0x6f,0x69,0x6e,0x3d,0x22,0x72,0x6f,0x75,0x6e,0x64,0x22,0x20,0x63,0x6c,0x61,0x73,
  0x73,0x3d,0x22,0x66,0x65,0x61,0x74,0x68,0x65,0x72,0x20,0x66,0x65,0x61,0x74,0x68,
  0x65,0x72,0x2d,0x6d,0x69,0x6e,0x69,0x6d,0x69,0x7a,0x65,0x22,0x3e,0x3c,0x70,0x61,
  0x74,0x68,0x20,0x64,0x3d,0x22,0x4d,0x38,0x20,0x33,0x76,0x33,0x61,0x32,0x20,0x32,
  0x20,0x30,0x20,0x30,0x20,0x31,0x2d,0x32,0x20,0x32,0x48,0x33,0x6d,0x31,0x38,0x20,
  0x30,0x68,0x2d,0x33,0x61,0x32,0x20,0x32,0x20,0x30,0x20,0x30,0x20,0x31,0x2d,0x32,
  0x2d,0x32,0x56,0x33,0x6d,0x30,0x20,0x31,0x38,0x76,0x2d,0x33,0x61,0x32,0x20,0x32,
  0x20,0x30,0x20,0x30,0x20,0x31,0x20,0x32,0x2d,0x32,0x68,0x33,0x4d,0x33,0x20,0x31,
  0x36,0x68,0x33,0x61,0x32,0x20,0x32,0x20,0x30,0x20,0x30,0x20,0x31,0x20,0x32,0x20,
  0x32,0x76,0x33,0x22,0x3e,0x3c,0x2f,0x70,0x61,0x74,0x68,0x3e,0x3c,0x2f,0x73,0x76,
  0x67,0x3e,
    // x.svg
  0x0,0x0,0x1,0x23,
  0x3c,
  0x73,0x76,0x67,0x20,0x78,0x6d,0x6c,0x6e,0x73,0x3d,0x22,0x68,0x74,0x74,0x70,0x3a,
  0x2f,0x2f,0x77,0x77,0x77,0x2e,0x77,0x33,0x2e,0x6f,0x72,0x67,0x2f,0x32,0x30,0x30,
  0x30,0x2f,0x73,0x76,0x67,0x22,0x20,0x77,0x69,0x64,0x74,0x68,0x3d,0x22,0x32,0x34,
  0x22,0x20,0x68,0x65,0x69,0x67,0x68,0x74,0x3d,0x22,0x32,0x34,0x22,0x20,0x76,0x69,
  0x65,0x77,0x42,0x6f,0x78,0x3d,0x22,0x30,0x20,0x30,0x20,0x32,0x34,0x20,0x32,0x34,
  0x22,0x20,0x66,0x69,0x6c,0x6c,0x3d,0x22,0x6e,0x6f,0x6e,0x65,0x22,0x20,0x73,0x74,
  0x72,0x6f,0x6b,0x65,0x3d,0x22,0x23,0x66,0x66,0x66,0x22,0x20,0x73,0x74,0x72,0x6f,
  0x6b,0x65,0x2d,0x77,0x69,0x64,0x74,0x68,0x3d,0x22,0x32,0x22,0x20,0x73,0x74,0x72,
  0x6f,0x6b,0x65,0x2d,0x6c,0x69,0x6e,0x65,0x63,0x61,0x70,0x3d,0x22,0x72,0x6f,0x75,
  0x6e,0x64,0x22,0x20,0x73,0x74,0x72,0x6f,0x6b,0x65,0x2d,0x6c,0x69,0x6e,0x65,0x6a,
  0x6f,0x69,0x6e,0x3d,0x22,0x72,0x6f,0x75,0x6e,0x64,0x22,0x20,0x63,0x6c,0x61,0x73,
  0x73,0x3d,0x22,0x66,0x65,0x61,0x74,0x68,0x65,0x72,0x20,0x66,0x65,0x61,0x74,0x68,
  0x65,0x72,0x2d,0x78,0x22,0x3e,0x3c,0x6c,0x69,0x6e,0x65,0x20,0x78,0x31,0x3d,0x22,
  0x31,0x38,0x22,0x20,0x79,0x31,0x3d,0x22,0x36,0x22,0x20,0x78,0x32,0x3d,0x22,0x36,
  0x22,0x20,0x79,0x32,0x3d,0x22,0x31,0x38,0x22,0x3e,0x3c,0x2f,0x6c,0x69,0x6e,0x65,
  0x3e,0x3c,0x6c,0x69,0x6e,0x65,0x20,0x78,0x31,0x3d,0x22,0x36,0x22,0x20,0x79,0x31,
  0x3d,0x22,0x36,0x22,0x20,0x78,0x32,0x3d,0x22,0x31,0x38,0x22,0x20,0x79,0x32,0x3d,
  0x22,0x31,0x38,0x22,0x3e,0x3c,0x2f,0x6c,0x69,0x6e,0x65,0x3e,0x3c,0x2f,0x73,0x76,
  0x67,0x3e,
    // menu.svg
  0x0,0x0,0x1,0x52,
  0x3c,
  0x73,0x76,0x67,0x20,0x78,0x6d,0x6c,0x6e,0x73,0x3d,0x22,0x68,0x74,0x74,0x70,0x3a,
  0x2f,0x2f,0x77,0x77,0x77,0x2e,0x77,0x33,0x2e,0x6f,0x72,0x67,0x2f,0x32,0x30,0x30,
  0x30,0x2f,0x73,0x76,0x67,0x22,0x20,0x77,0x69,0x64,0x74,0x68,0x3d,0x22,0x32,0x34,
  0x22,0x20,0x68,0x65,0x69,0x67,0x68,0x74,0x3d,0x22,0x32,0x34,0x22,0x20,0x76,0x69,
  0x65,0x77,0x42,0x6f,0x78,0x3d,0x22,0x30,0x20,0x30,0x20,0x32,0x34,0x20,0x32,0x34,
  0x22,0x20,0x66,0x69,0x6c,0x6c,0x3d,0x22,0x6e,0x6f,0x6e,0x65,0x22,0x20,0x73,0x74,
  0x72,0x6f,0x6b,0x65,0x3d,0x22,0x23,0x66,0x66,0x66,0x22,0x20,0x73,0x74,0x72,0x6f,
  0x6b,0x65,0x2d,0x77,0x69,0x64,0x74,0x68,0x3d,0x22,0x32,0x22,0x20,0x73,0x74,0x72,
  0x6f,0x6b,0x65,0x2d,0x6c,0x69,0x6e,0x65,0x63,0x61,0x70,0x3d,0x22,0x72,0x6f,0x75,
  0x6e,0x64,0x22,0x20,0x73,0x74,0x72,0x6f,0x6b,0x65,0x2d,0x6c,0x69,0x6e,0x65,0x6a,
  0x6f,0x69,0x6e,0x3d,0x22,0x72,0x6f,0x75,0x6e,0x64,0x22,0x20,0x63,0x6c,0x61,0x73,
  0x73,0x3d,0x22,0x66,0x65,0x61,0x74,0x68,0x65,0x72,0x20,0x66,0x65,0x61,0x74,0x68,
  0x65,0x72,0x2d,0x6d,0x65,0x6e,0x75,0x22,0x3e,0x3c,0x6c,0x69,0x6e,0x65,0x20,0x78,
  0x31,0x3d,0x22,0x33,0x22,0x20,0x79,0x31,0x3d,0x22,0x31,0x32,0x22,0x20,0x78,0x32,
  0x3d,0x22,0x32,0x31,0x22,0x20,0x79,0x32,0x3d,0x22,0x31,0x32,0x22,0x3e,0x3c,0x2f,
  0x6c,0x69,0x6e,0x65,0x3e,0x3c,0x6c,0x69,0x6e,0x65,0x20,0x78,0x31,0x3d,0x22,0x33,
  0x22,0x20,0x79,0x31,0x3d,0x22,0x36,0x22,0x20,0x78,0x32,0x3d,0x22,0x32,0x31,0x22,
  0x20,0x79,0x32,0x3d,0x22,0x36,0x22,0x3e,0x3c,0x2f,0x6c,0x69,0x6e,0x65,0x3e,0x3c,
  0x6c,0x69,0x6e,0x65,0x20,0x78,0x31,0x3d,0x22,0x33,0x22,0x20,0x79,0x31,0x3d,0x22,
  0x31,0x38,0x22,0x20,0x78,0x32,0x3d,0x22,0x32,0x31,0x22,0x20,0x79,0x32,0x3d,0x22,
  0x31,0x38,0x22,0x3e,0x3c,0x2f,0x6c,0x69,0x6e,0x65,0x3e,0x3c,0x2f,0x73,0x76,0x67,
  0x3e,
    // phone.svg
  0x0,0x0,0x2,0x0,
  0x3c,
  0x73,0x76,0x67,0x20,0x78,0x6d,0x6c,0x6e,0x73,0x3d,0x22,0x68,0x74,0x74,0x70,0x3a,
  0x2f,0x2f,0x77,0x77,0x77,0x2e,0x77,0x33,0x2e,0x6f,0x72,0x67,0x2f,0x32,0x30,0x30,
  0x30,0x2f,0x73,0x76,0x67,0x22,0x20,0x77,0x69,0x64,0x74,0x68,0x3d,0x22,0x32,0x34,
  0x22,0x20,0x68,0x65,0x69,0x67,0x68,0x74,0x3d,0x22,0x32,0x34,0x22,0x20,0x76,0x69,
  0x65,0x77,0x42,0x6f,0x78,0x3d,0x22,0x30,0x20,0x30,0x20,0x32,0x34,0x20,0x32,0x34,
  0x22,0x20,0x66,0x69,0x6c,0x6c,0x3d,0x22,0x6e,0x6f,0x6e,0x65,0x22,0x20,0x73,0x74,
  0x72,0x6f,0x6b,0x65,0x3d,0x22,0x23,0x66,0x66,0x66,0x22,0x20,0x73,0x74,0x72,0x6f,
  0x6b,0x65,0x2d,0x77,0x69,0x64,0x74,0x68,0x3d,0x22,0x32,0x22,0x20,0x73,0x74,0x72,
  0x6f,0x6b,0x65,0x2d,0x6c,0x69,0x6e,0x65,0x63,0x61,0x70,0x3d,0x22,0x72,0x6f,0x75,
  0x6e,0x64,0x22,0x20,0x73,0x74,0x72,0x6f,0x6b,0x65,0x2d,0x6c,0x69,0x6e,0x65,0x6a,
  0x6f,0x69,0x6e,0x3d,0x22,0x72,0x6f,0x75,0x6e,0x64,0x22,0x20,0x63,0x6c,0x61,0x73,
  0x73,0x3d,0x22,0x66,0x65,0x61,0x74,0x68,0x65,0x72,0x20,0x66,0x65,0x61,0x74,0x68,
  0x65,0x72,0x2d,0x70,0x68,0x6f,0x6e,0x65,0x22,0x3e,0x3c,0x70,0x61,0x74,0x68,0x20,
  0x64,0x3d,0x22,0x4d,0x32,0x32,0x20,0x31,0x36,0x2e,0x39,0x32,0x76,0x33,0x61,0x32,
  0x20,0x32,0x20,0x30,0x20,0x30,0x20,0x31,0x2d,0x32,0x2e,0x31,0x38,0x20,0x32,0x20,
  0x31,0x39,0x2e,0x37,0x39,0x20,0x31,0x39,0x2e,0x37,0x39,0x20,0x30,0x20,0x30,0x20,
  0x31,0x2d,0x38,0x2e,0x36,0x33,0x2d,0x33,0x2e,0x30,0x37,0x20,0x31,0x39,0x2e,0x35,
  0x20,0x31,0x39,0x2e,0x35,0x20,0x30,0x20,0x30,0x20,0x31,0x2d,0x36,0x2d,0x36,0x20,
  0x31,0x39,0x2e,0x37,0x39,0x20,0x31,0x39,0x2e,0x37,0x39,0x20,0x30,0x20,0x30,0x20,
  0x31,0x2d,0x33,0x2e,0x30,0x37,0x2d,0x38,0x2e,0x36,0x37,0x41,0x32,0x20,0x32,0x20,
  0x30,0x20,0x30,0x20,0x31,0x20,0x34,0x2e,0x31,0x31,0x20,0x32,0x68,0x33,0x61,0x32,
  0x20,0x32,0x20,0x30,0x20,0x30,0x20,0x31,0x20,0x32,0x20,0x31,0x2e,0x37,0x32,0x20,
  0x31,0x32,0x2e,0x38,0x34,0x20,0x31,0x32,0x2e,0x38,0x34,0x20,0x30,0x20,0x30,0x20,
  0x30,0x20,0x2e,0x37,0x20,0x32,0x2e,0x38,0x31,0x20,0x32,0x20,0x32,0x20,0x30,0x20,
  0x30,0x20,0x31,0x2d,0x2e,0x34,0x35,0x20,0x32,0x2e,0x31,0x31,0x4c,0x38,0x2e,0x30,
  0x39,0x20,0x39,0x2e,0x39,0x31,0x61,0x31,0x36,0x20,0x31,0x36,0x20,0x30,0x20,0x30,
  0x20,0x30,0x20,0x36,0x20,0x36,0x6c,0x31,0x2e,0x32,0x37,0x2d,0x31,0x2e,0x32,0x37,
  0x61,0x32,0x20,0x32,0x20,0x30,0x20,0x30,0x20,0x31,0x20,0x32,0x2e,0x31,0x31,0x2d,
  0x2e,0x34,0x35,0x20,0x31,0x32,0x2e,0x38,0x34,0x20,0x31,0x32,0x2e,0x38,0x34,0x20,
  0x30,0x20,0x30,0x20,0x30,0x20,0x32,0x2e,0x38,0x31,0x2e,0x37,0x41,0x32,0x20,0x32,
  0x20,0x30,0x20,0x30,0x20,0x31,0x20,0x32,0x32,0x20,0x31,0x36,0x2e,0x39,0x32,0x7a,
  0x22,0x3e,0x3c,0x2f,0x70,0x61,0x74,0x68,0x3e,0x3c,0x2f,0x73,0x76,0x67,0x3e,
    // airplay.svg
  0x0,0x0,0x1,0x62,
  0x3c,
  0x73,0x76,0x67,0x20,0x78,0x6d,0x6c,0x6e,0x73,0x3d,0x22,0x68,0x74,0x74,0x70,0x3a,
  0x2f,0x2f,0x77,0x77,0x77,0x2e,0x77,0x33,0x2e,0x6f,0x72,0x67,0x2f,0x32,0x30,0x30,
  0x30,0x2f,0x73,0x76,0x67,0x22,0x20,0x77,0x69,0x64,0x74,0x68,0x3d,0x22,0x32,0x34,
  0x22,0x20,0x68,0x65,0x69,0x67,0x68,0x74,0x3d,0x22,0x32,0x34,0x22,0x20,0x76,0x69,
  0x65,0x77,0x42,0x6f,0x78,0x3d,0x22,0x30,0x20,0x30,0x20,0x32,0x34,0x20,0x32,0x34,
  0x22,0x20,0x66,0x69,0x6c,0x6c,0x3d,0x22,0x6e,0x6f,0x6e,0x65,0x22,0x20,0x73,0x74,
  0x72,0x6f,0x6b,0x65,0x3d,0x22,0x23,0x66,0x66,0x66,0x22,0x20,0x73,0x74,0x72,0x6f,
  0x6b,0x65,0x2d,0x77,0x69,0x64,0x74,0x68,0x3d,0x22,0x32,0x22,0x20,0x73,0x74,0x72,
  0x6f,0x6b,0x65,0x2d,0x6c,0x69,0x6e,0x65,0x63,0x61,0x70,0x3d,0x22,0x72,0x6f,0x75,
  0x6e,0x64,0x22,0x20,0x73,0x74,0x72,0x6f,0x6b,0x65,0x2d,0x6c,0x69,0x6e,0x65,0x6a,
  0x6f,0x69,0x6e,0x3d,0x22,0x72,0x6f,0x75,0x6e,0x64,0x22,0x20,0x63,0x6c,0x61,0x73,
  0x73,0x3d,0x22,0x66,0x65,0x61,0x74,0x68,0x65,0x72,0x20,0x66,0x65,0x61,0x74,0x68,
  0x65,0x72,0x2d,0x61,0x69,0x72,0x70,0x6c,0x61,0x79,0x22,0x3e,0x3c,0x70,0x61,0x74,
  0x68,0x20,0x64,0x3d,0x22,0x4d,0x35,0x20,0x31,0x37,0x48,0x34,0x61,0x32,0x20,0x32,
  0x20,0x30,0x20,0x30,0x20,0x31,0x2d,0x32,0x2d,0x32,0x56,0x35,0x61,0x32,0x20,0x32,
  0x20,0x30,0x20,0x30,0x20,0x31,0x20,0x32,0x2d,0x32,0x68,0x31,0x36,0x61,0x32,0x20,
  0x32,0x20,0x30,0x20,0x30,0x20,0x31,0x20,0x32,0x20,0x32,0x76,0x31,0x30,0x61,0x32,
  0x20,0x32,0x20,0x30,0x20,0x30,0x20,0x31,0x2d,0x32,0x20,0x32,0x68,0x2d,0x31,0x22,
  0x3e,0x3c,0x2f,0x70,0x61,0x74,0x68,0x3e,0x3c,0x70,0x6f,0x6c,0x79,0x67,0x6f,0x6e,
  0x20,0x70,0x6f,0x69,0x6e,0x74,0x73,0x3d,0x22,0x31,0x32,0x20,0x31,0x35,0x20,0x31,
  0x37,0x20,0x32,0x31,0x20,0x37,0x20,0x32,0x31,0x20,0x31,0x32,0x20,0x31,0x35,0x22,
  0x3e,0x3c,0x2f,0x70,0x6f,0x6c,0x79,0x67,0x6f,0x6e,0x3e,0x3c,0x2f,0x73,0x76,0x67,
  0x3e,
    // corner-up-left.svg
  0x0,0x0,0x1,0x30,
  0x3c,
  0x73,0x76,0x67,0x20,0x78,0x6d,0x6c,0x6e,0x73,0x3d,0x22,0x68,0x74,0x74,0x70,0x3a,
  0x2f,0x2f,0x77,0x77,0x77,0x2e,0x77,0x33,0x2e,0x6f,0x72,0x67,0x2f,0x32,0x30,0x30,
  0x30,0x2f,0x73,0x76,0x67,0x22,0x20,0x77,0x69,0x64,0x74,0x68,0x3d,0x22,0x32,0x34,
  0x22,0x20,0x68,0x65,0x69,0x67,0x68,0x74,0x3d,0x22,0x32,0x34,0x22,0x20,0x76,0x69,
  0x65,0x77,0x42,0x6f,0x78,0x3d,0x22,0x30,0x20,0x30,0x20,0x32,0x34,0x20,0x32,0x34,
  0x22,0x20,0x66,0x69,0x6c,0x6c,0x3d,0x22,0x6e,0x6f,0x6e,0x65,0x22,0x20,0x73,0x74,
  0x72,0x6f,0x6b,0x65,0x3d,0x22,0x23,0x66,0x66,0x66,0x22,0x20,0x73,0x74,0x72,0x6f,
  0x6b,0x65,0x2d,0x77,0x69,0x64,0x74,0x68,0x3d,0x22,0x32,0x22,0x20,0x73,0x74,0x72,
  0x6f,0x6b,0x65,0x2d,0x6c,0x69,0x6e,0x65,0x63,0x61,0x70,0x3d,0x22,0x72,0x6f,0x75,
  0x6e,0x64,0x22,0x20,0x73,0x74,0x72,0x6f,0x6b,0x65,0x2d,0x6c,0x69,0x6e,0x65,0x6a,
  0x6f,0x69,0x6e,0x3d,0x22,0x72,0x6f,0x75,0x6e,0x64,0x22,0x20,0x63,0x6c,0x61,0x73,
  0x73,0x3d,0x22,0x66,0x65,0x61,0x74,0x68,0x65,0x72,0x20,0x66,0x65,0x61,0x74,0x68,
  0x65,0x72,0x2d,0x63,0x6f,0x72,0x6e,0x65,0x72,0x2d,0x75,0x70,0x2d,0x6c,0x65,0x66,
  0x74,0x22,0x3e,0x3c,0x70,0x6f,0x6c,0x79,0x6c,0x69,0x6e,0x65,0x20,0x70,0x6f,0x69,
  0x6e,0x74,0x73,0x3d,0x22,0x39,0x20,0x31,0x34,0x20,0x34,0x20,0x39,0x20,0x39,0x20,
  0x34,0x22,0x3e,0x3c,0x2f,0x70,0x6f,0x6c,0x79,0x6c,0x69,0x6e,0x65,0x3e,0x3c,0x70,
  0x61,0x74,0x68,0x20,0x64,0x3d,0x22,0x4d,0x32,0x30,0x20,0x32,0x30,0x76,0x2d,0x37,
  0x61,0x34,0x20,0x34,0x20,0x30,0x20,0x30,0x20,0x30,0x2d,0x34,0x2d,0x34,0x48,0x34,
  0x22,0x3e,0x3c,0x2f,0x70,0x61,0x74,0x68,0x3e,0x3c,0x2f,0x73,0x76,0x67,0x3e,
    // log-in.svg
  0x0,0x0,0x1,0x68,
  0x3c,
  0x73,0x76,0x67,0x20,0x78,0x6d,0x6c,0x6e,0x73,0x3d,0x22,0x68,0x74,0x74,0x70,0x3a,
  0x2f,0x2f,0x77,0x77,0x77,0x2e,0x77,0x33,0x2e,0x6f,0x72,0x67,0x2f,0x32,0x30,0x30,
  0x30,0x2f,0x73,0x76,0x67,0x22,0x20,0x77,0x69,0x64,0x74,0x68,0x3d,0x22,0x32,0x34,
  0x22,0x20,0x68,0x65,0x69,0x67,0x68,0x74,0x3d,0x22,0x32,0x34,0x22,0x20,0x76,0x69,
  0x65,0x77,0x42,0x6f,0x78,0x3d,0x22,0x30,0x20,0x30,0x20,0x32,0x34,0x20,0x32,0x34,
  0x22,0x20,0x66,0x69,0x6c,0x6c,0x3d,0x22,0x6e,0x6f,0x6e,0x65,0x22,0x20,0x73,0x74,
  0x72,0x6f,0x6b,0x65,0x3d,0x22,0x23,0x66,0x66,0x66,0x22,0x20,0x73,0x74,0x72,0x6f,
  0x6b,0x65,0x2d,0x77,0x69,0x64,0x74,0x68,0x3d,0x22,0x32,0x22,0x20,0x73,0x74,0x72,
  0x6f,0x6b,0x65,0x2d,0x6c,0x69,0x6e,0x65,0x63,0x61,0x70,0x3d,0x22,0x72,0x6f,0x75,
  0x6e,0x64,0x22,0x20,0x73,0x74,0x72,0x6f,0x6b,0x65,0x2d,0x6c,0x69,0x6e,0x65,0x6a,
  0x6f,0x69,0x6e,0x3d,0x22,0x72,0x6f,0x75,0x6e,0x64,0x22,0x20,0x63,0x6c,0x61,0x73,
  0x73,0x3d,0x22,0x66,0x65,0x61,0x74,0x68,0x65,0x72,0x20,0x66,0x65,0x61,0x74,0x68,
  0x65,0x72,0x2d,0x6c,0x6f,0x67,0x2d,0x69,0x6e,0x22,0x3e,0x3c,0x70,0x61,0x74,0x68,
  0x20,0x64,0x3d,0x22,0x4d,0x31,0x35,0x20,0x33,0x68,0x34,0x61,0x32,0x20,0x32,0x20,
  0x30,0x20,0x30,0x20,0x31,0x20,0x32,0x20,0x32,0x76,0x31,0x34,0x61,0x32,0x20,0x32,
  0x20,0x30,0x20,0x30,0x20,0x31,0x2d,0x32,0x20,0x32,0x68,0x2d,0x34,0x22,0x3e,0x3c,
  0x2f,0x70,0x61,0x74,0x68,0x3e,0x3c,0x70,0x6f,0x6c,0x79,0x6c,0x69,0x6e,0x65,0x20,
  0x70,0x6f,0x69,0x6e,0x74,0x73,0x3d,0x22,0x31,0x30,0x20,0x31,0x37,0x20,0x31,0x35,
  0x20,0x31,0x32,0x20,0x31,0x30,0x20,0x37,0x22,0x3e,0x3c,0x2f,0x70,0x6f,0x6c,0x79,
  0x6c,0x69,0x6e,0x65,0x3e,0x3c,0x6c,0x69,0x6e,0x65,0x20,0x78,0x31,0x3d,0x22,0x31,
  0x35,0x22,0x20,0x79,0x31,0x3d,0x22,0x31,0x32,0x22,0x20,0x78,0x32,0x3d,0x22,0x33,
  0x22,0x20,0x79,0x32,0x3d,0x22,0x31,0x32,0x22,0x3e,0x3c,0x2f,0x6c,0x69,0x6e,0x65,
  0x3e,0x3c,0x2f,0x73,0x76,0x67,0x3e,
    // cloud.svg
  0x0,0x0,0x1,0x10,
  0x3c,
  0x73,0x76,0x67,0x20,0x78,0x6d,0x6c,0x6e,0x73,0x3d,0x22,0x68,0x74,0x74,0x70,0x3a,
  0x2f,0x2f,0x77,0x77,0x77,0x2e,0x77,0x33,0x2e,0x6f,0x72,0x67,0x2f,0x32,0x30,0x30,
  0x30,0x2f,0x73,0x76,0x67,0x22,0x20,0x77,0x69,0x64,0x74,0x68,0x3d,0x22,0x32,0x34,
  0x22,0x20,0x68,0x65,0x69,0x67,0x68,0x74,0x3d,0x22,0x32,0x34,0x22,0x20,0x76,0x69,
  0x65,0x77,0x42,0x6f,0x78,0x3d,0x22,0x30,0x20,0x30,0x20,0x32,0x34,0x20,0x32,0x34,
  0x22,0x20,0x66,0x69,0x6c,0x6c,0x3d,0x22,0x6e,0x6f,0x6e,0x65,0x22,0x20,0x73,0x74,
  0x72,0x6f,0x6b,0x65,0x3d,0x22,0x23,0x66,0x66,0x66,0x22,0x20,0x73,0x74,0x72,0x6f,
  0x6b,0x65,0x2d,0x77,0x69,0x64,0x74,0x68,0x3d,0x22,0x32,0x22,0x20,0x73,0x74,0x72,
  0x6f,0x6b,0x65,0x2d,0x6c,0x69,0x6e,0x65,0x63,0x61,0x70,0x3d,0x22,0x72,0x6f,0x75,
  0x6e,0x64,0x22,0x20,0x73,0x74,0x72,0x6f,0x6b,0x65,0x2d,0x6c,0x69,0x6e,0x65,0x6a,
  0x6f,0x69,0x6e,0x3d,0x22,0x72,0x6f,0x75,0x6e,0x64,0x22,0x20,0x63,0x6c,0x61,0x73,
  0x73,0x3d,0x22,0x66,0x65,0x61,0x74,0x68,0x65,0x72,0x20,0x66,0x65,0x61,0x74,0x68,
  0x65,0x72,0x2d,0x63,0x6c,0x6f,0x75,0x64,0x22,0x3e,0x3c,0x70,0x61,0x74,0x68,0x20,
  0x64,0x3d,0x22,0x4d,0x31,0x38,0x20,0x31,0x30,0x68,0x2d,0x31,0x2e,0x32,0x36,0x41,
  0x38,0x20,0x38,0x20,0x30,0x20,0x31,0x20,0x30,0x20,0x39,0x20,0x32,0x30,0x68,0x39,
  0x61,0x35,0x20,0x35,0x20,0x30,0x20,0x30,0x20,0x30,0x20,0x30,0x2d,0x31,0x30,0x7a,
  0x22,0x3e,0x3c,0x2f,0x70,0x61,0x74,0x68,0x3e,0x3c,0x2f,0x73,0x76,0x67,0x3e,
    // volume-2.svg
  0x0,0x0,0x1,0x5f,
  0x3c,
  0x73,0x76,0x67,0x20,0x78,0x6d,0x6c,0x6e,0x73,0x3d,0x22,0x68,0x74,0x74,0x70,0x3a,
  0x2f,0x2f,0x77,0x77,0x77,0x2e,0x77,0x33,0x2e,0x6f,0x72,0x67,0x2f,0x32,0x30,0x30,
  0x30,0x2f,0x73,0x76,0x67,0x22,0x20,0x77,0x69,0x64,0x74,0x68,0x3d,0x22,0x32,0x34,
  0x22,0x20,0x68,0x65,0x69,0x67,0x68,0x74,0x3d,0x22,0x32,0x34,0x22,0x20,0x76,0x69,
  0x65,0x77,0x42,0x6f,0x78,0x3d,0x22,0x30,0x20,0x30,0x20,0x32,0x34,0x20,0x32,0x34,
  0x22,0x20,0x66,0x69,0x6c,0x6c,0x3d,0x22,0x6e,0x6f,0x6e,0x65,0x22,0x20,0x73,0x74,
  0x72,0x6f,0x6b,0x65,0x3d,0x22,0x23,0x66,0x66,0x66,0x22,0x20,0x73,0x74,0x72,0x6f,
  0x6b,0x65,0x2d,0x77,0x69,0x64,0x74,0x68,0x3d,0x22,0x32,0x22,0x20,0x73,0x74,0x72,
  0x6f,0x6b,0x65,0x2d,0x6c,0x69,0x6e,0x65,0x63,0x61,0x70,0x3d,0x22,0x72,0x6f,0x75,
  0x6e,0x64,0x22,0x20,0x73,0x74,0x72,0x6f,0x6b,0x65,0x2d,0x6c,0x69,0x6e,0x65,0x6a,
  0x6f,0x69,0x6e,0x3d,0x22,0x72,0x6f,0x75,0x6e,0x64,0x22,0x20,0x63,0x6c,0x61,0x73,
  0x73,0x3d,0x22,0x66,0x65,0x61,0x74,0x68,0x65,0x72,0x20,0x66,0x65,0x61,0x74,0x68,
  0x65,0x72,0x2d,0x76,0x6f,0x6c,0x75,0x6d,0x65,0x2d,0x32,0x22,0x3e,0x3c,0x70,0x6f,
  0x6c,0x79,0x67,0x6f,0x6e,0x20,0x70,0x6f,0x69,0x6e,0x74,0x73,0x3d,0x22,0x31,0x31,
  0x20,0x35,0x20,0x36,0x20,0x39,0x20,0x32,0x20,0x39,0x20,0x32,0x20,0x31,0x35,0x20,
  0x36,0x20,0x31,0x35,0x20,0x31,0x31,0x20,0x31,0x39,0x20,0x31,0x31,0x20,0x35,0x22,
  0x3e,0x3c,0x2f,0x70,0x6f,0x6c,0x79,0x67,0x6f,0x6e,0x3e,0x3c,0x70,0x61,0x74,0x68,
  0x20,0x64,0x3d,0x22,0x4d,0x31,0x39,0x2e,0x30,0x37,0x20,0x34,0x2e,0x39,0x33,0x61,
  0x31,0x30,0x20,0x31,0x30,0x20,0x30,0x20,0x30,0x20,0x31,0x20,0x30,0x20,0x31,0x34,
  0x2e,0x31,0x34,0x4d,0x31,0x35,0x2e,0x35,0x34,0x20,0x38,0x2e,0x34,0x36,0x61,0x35,
  0x20,0x35,0x20,0x30,0x20,0x30,0x20,0x31,0x20,0x30,0x20,0x37,0x2e,0x30,0x37,0x22,
  0x3e,0x3c,0x2f,0x70,0x61,0x74,0x68,0x3e,0x3c,0x2f,0x73,0x76,0x67,0x3e,
    // corner-down-left.svg
  0x0,0x0,0x1,0x32,
  0x3c,
  0x73,0x76,0x67,0x20,0x78,0x6d,0x6c,0x6e,0x73,0x3d,0x22,0x68,0x74,0x74,0x70,0x3a,
  0x2f,0x2f,0x77,0x77,0x77,0x2e,0x77,0x33,0x2e,0x6f,0x72,0x67,0x2f,0x32,0x30,0x30,
  0x30,0x2f,0x73,0x76,0x67,0x22,0x20,0x77,0x69,0x64,0x74,0x68,0x3d,0x22,0x32,0x34,
  0x22,0x20,0x68,0x65,0x69,0x67,0x68,0x74,0x3d,0x22,0x32,0x34,0x22,0x20,0x76,0x69,
  0x65,0x77,0x42,0x6f,0x78,0x3d,0x22,0x30,0x20,0x30,0x20,0x32,0x34,0x20,0x32,0x34,
  0x22,0x20,0x66,0x69,0x6c,0x6c,0x3d,0x22,0x6e,0x6f,0x6e,0x65,0x22,0x20,0x73,0x74,
  0x72,0x6f,0x6b,0x65,0x3d,0x22,0x23,0x66,0x66,0x66,0x22,0x20,0x73,0x74,0x72,0x6f,
  0x6b,0x65,0x2d,0x77,0x69,0x64,0x74,0x68,0x3d,0x22,0x32,0x22,0x20,0x73,0x74,0x72,
  0x6f,0x6b,0x65,0x2d,0x6c,0x69,0x6e,0x65,0x63,0x61,0x70,0x3d,0x22,0x72,0x6f,0x75,
  0x6e,0x64,0x22,0x20,0x73,0x74,0x72,0x6f,0x6b,0x65,0x2d,0x6c,0x69,0x6e,0x65,0x6a,
  0x6f,0x69,0x6e,0x3d,0x22,0x72,0x6f,0x75,0x6e,0x64,0x22,0x20,0x63,0x6c,0x61,0x73,
  0x73,0x3d,0x22,0x66,0x65,0x61,0x74,0x68,0x65,0x72,0x20,0x66,0x65,0x61,0x74,0x68,
  0x65,0x72,0x2d,0x63,0x6f,0x72,0x6e,0x65,0x72,0x2d,0x64,0x6f,0x77,0x6e,0x2d,0x6c,
  0x65,0x66,0x74,0x22,0x3e,0x3c,0x70,0x6f,0x6c,0x79,0x6c,0x69,0x6e,0x65,0x20,0x70,
  0x6f,0x69,0x6e,0x74,0x73,0x3d,0x22,0x39,0x20,0x31,0x30,0x20,0x34,0x20,0x31,0x35,
  0x20,0x39,0x20,0x32,0x30,0x22,0x3e,0x3c,0x2f,0x70,0x6f,0x6c,0x79,0x6c,0x69,0x6e,
  0x65,0x3e,0x3c,0x70,0x61,0x74,0x68,0x20,0x64,0x3d,0x22,0x4d,0x32,0x30,0x20,0x34,
  0x76,0x37,0x61,0x34,0x20,0x34,0x20,0x30,0x20,0x30,0x20,0x31,0x2d,0x34,0x20,0x34,
  0x48,0x34,0x22,0x3e,0x3c,0x2f,0x70,0x61,0x74,0x68,0x3e,0x3c,0x2f,0x73,0x76,0x67,
  0x3e,
    // broom.png
  0x0,0x0,0x0,0xee,
  0x89,
  0x50,0x4e,0x47,0xd,0xa,0x1a,0xa,0x0,0x0,0x0,0xd,0x49,0x48,0x44,0x52,0x0,
  0x0,0x0,0x18,0x0,0x0,0x0,0x18,0x8,0x6,0x0,0x0,0x0,0xe0,0x77,0x3d,0xf8,
  0x0,0x0,0x0,0x9,0x70,0x48,0x59,0x73,0x0,0x0,0xb,0x13,0x0,0x0,0xb,0x13,
  0x1,0x0,0x9a,0x9c,0x18,0x0,0x0,0x0,0xa0,0x49,0x44,0x41,0x54,0x78,0x9c,0xed,
  0xd0,0x3b,0xe,0x82,0x40,0x14,0x46,0xe1,0x69,0x28,0x5c,0x9,0x76,0xba,0xd,0x1b,
  0xdd,0x83,0xae,0x41,0x6b,0xa,0xdc,0x80,0xb5,0x74,0x2c,0x5,0x13,0x96,0x40,0xc2,
  0x12,0xc0,0x4a,0x68,0x68,0x8e,0x21,0xa1,0x10,0x12,0xc3,0x3f,0x43,0xe3,0x83,0x53,
  0xde,0x64,0xee,0x37,0xb9,0xc6,0x7c,0x52,0x74,0xcd,0xc0,0xdb,0x98,0x4f,0xf4,0x5b,
  0x27,0x2,0xce,0x40,0xc5,0x78,0xf,0x20,0xb4,0x5d,0xbe,0xc6,0xbe,0x95,0xd,0xb0,
  0x77,0x0,0xe,0xe6,0x7f,0x2,0x32,0x87,0x13,0x65,0xea,0x72,0xf,0x68,0x1c,0x80,
  0xa6,0x7d,0xab,0x0,0x4b,0xdc,0xf3,0x15,0x60,0x37,0x1,0xd8,0x2a,0xc0,0x49,0x5c,
  0x76,0x7,0xf2,0xc1,0xec,0xa8,0x0,0x91,0x8,0xa4,0xc0,0x65,0x30,0xbb,0x2a,0xc0,
  0x4d,0xf8,0x69,0x5b,0xc,0x6c,0xe8,0x97,0x28,0x40,0x29,0xfc,0x14,0x20,0x0,0x16,
  0x40,0xfd,0x32,0x2b,0x46,0x81,0xaf,0xeb,0x9,0xaa,0xe,0xc5,0x4f,0xb5,0x56,0xfb,
  0xf2,0x0,0x0,0x0,0x0,0x49,0x45,0x4e,0x44,0xae,0x42,0x60,0x82,
    // mic.svg
  0x0,0x0,0x1,0x9a,
  0x3c,
  0x73,0x76,0x67,0x20,0x78,0x6d,0x6c,0x6e,0x73,0x3d,0x22,0x68,0x74,0x74,0x70,0x3a,
  0x2f,0x2f,0x77,0x77,0x77,0x2e,0x77,0x33,0x2e,0x6f,0x72,0x67,0x2f,0x32,0x30,0x30,
  0x30,0x2f,0x73,0x76,0x67,0x22,0x20,0x77,0x69,0x64,0x74,0x68,0x3d,0x22,0x32,0x34,
  0x22,0x20,0x68,0x65,0x69,0x67,0x68,0x74,0x3d,0x22,0x32,0x34,0x22,0x20,0x76,0x69,
  0x65,0x77,0x42,0x6f,0x78,0x3d,0x22,0x30,0x20,0x30,0x20,0x32,0x34,0x20,0x32,0x34,
  0x22,0x20,0x66,0x69,0x6c,0x6c,0x3d,0x22,0x6e,0x6f,0x6e,0x65,0x22,0x20,0x73,0x74,
  0x72,0x6f,0x6b,0x65,0x3d,0x22,0x23,0x66,0x66,0x66,0x22,0x20,0x73,0x74,0x72,0x6f,
  0x6b,0x65,0x2d,0x77,0x69,0x64,0x74,0x68,0x3d,0x22,0x32,0x22,0x20,0x73,0x74,0x72,
  0x6f,0x6b,0x65,0x2d,0x6c,0x69,0x6e,0x65,0x63,0x61,0x70,0x3d,0x22,0x72,0x6f,0x75,
  0x6e,0x64,0x22,0x20,0x73,0x74,0x72,0x6f,0x6b,0x65,0x2d,0x6c,0x69,0x6e,0x65,0x6a,
  0x6f,0x69,0x6e,0x3d,0x22,0x72,0x6f,0x75,0x6e,0x64,0x22,0x20,0x63,0x6c,0x61,0x73,
  0x73,0x3d,0x22,0x66,0x65,0x61,0x74,0x68,0x65,0x72,0x20,0x66,0x65,0x61,0x74,0x68,
  0x65,0x72,0x2d,0x6d,0x69,0x63,0x22,0x3e,0x3c,0x70,0x61,0x74,0x68,0x20,0x64,0x3d,
  0x22,0x4d,0x31,0x32,0x20,0x31,0x61,0x33,0x20,0x33,0x20,0x30,0x20,0x30,0x20,0x30,
  0x2d,0x33,0x20,0x33,0x76,0x38,0x61,0x33,0x20,0x33,0x20,0x30,0x20,0x30,0x20,0x30,
  0x20,0x36,0x20,0x30,0x56,0x34,0x61,0x33,0x20,0x33,0x20,0x30,0x20,0x30,0x20,0x30,
  0x2d,0x33,0x2d,0x33,0x7a,0x22,0x3e,0x3c,0x2f,0x70,0x61,0x74,0x68,0x3e,0x3c,0x70,
  0x61,0x74,0x68,0x20,0x64,0x3d,0x22,0x4d,0x31,0x39,0x20,0x31,0x30,0x76,0x32,0x61,
  0x37,0x20,0x37,0x20,0x30,0x20,0x30,0x20,0x31,0x2d,0x31,0x34,0x20,0x30,0x76,0x2d,
  0x32,0x22,0x3e,0x3c,0x2f,0x70,0x61,0x74,0x68,0x3e,0x3c,0x6c,0x69,0x6e,0x65,0x20,
  0x78,0x31,0x3d,0x22,0x31,0x32,0x22,0x20,0x79,0x31,0x3d,0x22,0x31,0x39,0x22,0x20,
  0x78,0x32,0x3d,0x22,0x31,0x32,0x22,0x20,0x79,0x32,0x3d,0x22,0x32,0x33,0x22,0x3e,
  0x3c,0x2f,0x6c,0x69,0x6e,0x65,0x3e,0x3c,0x6c,0x69,0x6e,0x65,0x20,0x78,0x31,0x3d,
  0x22,0x38,0x22,0x20,0x79,0x31,0x3d,0x22,0x32,0x33,0x22,0x20,0x78,0x32,0x3d,0x22,
  0x31,0x36,0x22,0x20,0x79,0x32,0x3d,0x22,0x32,0x33,0x22,0x3e,0x3c,0x2f,0x6c,0x69,
  0x6e,0x65,0x3e,0x3c,0x2f,0x73,0x76,0x67,0x3e,
    // maximize.svg
  0x0,0x0,0x1,0x43,
  0x3c,
  0x73,0x76,0x67,0x20,0x78,0x6d,0x6c,0x6e,0x73,0x3d,0x22,0x68,0x74,0x74,0x70,0x3a,
  0x2f,0x2f,0x77,0x77,0x77,0x2e,0x77,0x33,0x2e,0x6f,0x72,0x67,0x2f,0x32,0x30,0x30,
  0x30,0x2f,0x73,0x76,0x67,0x22,0x20,0x77,0x69,0x64,0x74,0x68,0x3d,0x22,0x32,0x34,
  0x22,0x20,0x68,0x65,0x69,0x67,0x68,0x74,0x3d,0x22,0x32,0x34,0x22,0x20,0x76,0x69,
  0x65,0x77,0x42,0x6f,0x78,0x3d,0x22,0x30,0x20,0x30,0x20,0x32,0x34,0x20,0x32,0x34,
  0x22,0x20,0x66,0x69,0x6c,0x6c,0x3d,0x22,0x6e,0x6f,0x6e,0x65,0x22,0x20,0x73,0x74,
  0x72,0x6f,0x6b,0x65,0x3d,0x22,0x23,0x66,0x66,0x66,0x22,0x20,0x73,0x74,0x72,0x6f,
  0x6b,0x65,0x2d,0x77,0x69,0x64,0x74,0x68,0x3d,0x22,0x32,0x22,0x20,0x73,0x74,0x72,
  0x6f,0x6b,0x65,0x2d,0x6c,0x69,0x6e,0x65,0x63,0x61,0x70,0x3d,0x22,0x72,0x6f,0x75,
  0x6e,0x64,0x22,0x20,0x73,0x74,0x72,0x6f,0x6b,0x65,0x2d,0x6c,0x69,0x6e,0x65,0x6a,
  0x6f,0x69,0x6e,0x3d,0x22,0x72,0x6f,0x75,0x6e,0x64,0x22,0x20,0x63,0x6c,0x61,0x73,
  0x73,0x3d,0x22,0x66,0x65,0x61,0x74,0x68,0x65,0x72,0x20,0x66,0x65,0x61,0x74,0x68,
  0x65,0x72,0x2d,0x6d,0x61,0x78,0x69,0x6d,0x69,0x7a,0x65,0x22,0x3e,0x3c,0x70,0x61,
  0x74,0x68,0x20,0x64,0x3d,0x22,0x4d,0x38,0x20,0x33,0x48,0x35,0x61,0x32,0x20,0x32,
  0x20,0x30,0x20,0x30,0x20,0x30,0x2d,0x32,0x20,0x32,0x76,0x33,0x6d,0x31,0x38,0x20,
  0x30,0x56,0x35,0x61,0x32,0x20,0x32,0x20,0x30,0x20,0x30,0x20,0x30,0x2d,0x32,0x2d,
  0x32,0x68,0x2d,0x33,0x6d,0x30,0x20,0x31,0x38,0x68,0x33,0x61,0x32,0x20,0x32,0x20,
  0x30,0x20,0x30,0x20,0x30,0x20,0x32,0x2d,0x32,0x76,0x2d,0x33,0x4d,0x33,0x20,0x31,
  0x36,0x76,0x33,0x61,0x32,0x20,0x32,0x20,0x30,0x20,0x30,0x20,0x30,0x20,0x32,0x20,
  0x32,0x68,0x33,0x22,0x3e,0x3c,0x2f,0x70,0x61,0x74,0x68,0x3e,0x3c,0x2f,0x73,0x76,
  0x67,0x3e,
    // bookmark.svg
  0x0,0x0,0x1,0x17,
  0x3c,
  0x73,0x76,0x67,0x20,0x78,0x6d,0x6c,0x6e,0x73,0x3d,0x22,0x68,0x74,0x74,0x70,0x3a,
  0x2f,0x2f,0x77,0x77,0x77,0x2e,0x77,0x33,0x2e,0x6f,0x72,0x67,0x2f,0x32,0x30,0x30,
  0x30,0x2f,0x73,0x76,0x67,0x22,0x20,0x77,0x69,0x64,0x74,0x68,0x3d,0x22,0x32,0x34,
  0x22,0x20,0x68,0x65,0x69,0x67,0x68,0x74,0x3d,0x22,0x32,0x34,0x22,0x20,0x76,0x69,
  0x65,0x77,0x42,0x6f,0x78,0x3d,0x22,0x30,0x20,0x30,0x20,0x32,0x34,0x20,0x32,0x34,
  0x22,0x20,0x66,0x69,0x6c,0x6c,0x3d,0x22,0x6e,0x6f,0x6e,0x65,0x22,0x20,0x73,0x74,
  0x72,0x6f,0x6b,0x65,0x3d,0x22,0x23,0x66,0x66,0x66,0x22,0x20,0x73,0x74,0x72,0x6f,
  0x6b,0x65,0x2d,0x77,0x69,0x64,0x74,0x68,0x3d,0x22,0x32,0x22,0x20,0x73,0x74,0x72,
  0x6f,0x6b,0x65,0x2d,0x6c,0x69,0x6e,0x65,0x63,0x61,0x70,0x3d,0x22,0x72,0x6f,0x75,
  0x6e,0x64,0x22,0x20,0x73,0x74,0x72,0x6f,0x6b,0x65,0x2d,0x6c,0x69,0x6e,0x65,0x6a,
  0x6f,0x69,0x6e,0x3d,0x22,0x72,0x6f,0x75,0x6e,0x64,0x22,0x20,0x63,0x6c,0x61,0x73,
  0x73,0x3d,0x22,0x66,0x65,0x61,0x74,0x68,0x65,0x72,0x20,0x66,0x65,0x61,0x74,0x68,
  0x65,0x72,0x2d,0x62,0x6f,0x6f,0x6b,0x6d,0x61,0x72,0x6b,0x22,0x3e,0x3c,0x70,0x61,
  0x74,0x68,0x20,0x64,0x3d,0x22,0x4d,0x31,0x39,0x20,0x32,0x31,0x6c,0x2d,0x37,0x2d,
  0x35,0x2d,0x37,0x20,0x35,0x56,0x35,0x61,0x32,0x20,0x32,0x20,0x30,0x20,0x30,0x20,
  0x31,0x20,0x32,0x2d,0x32,0x68,0x31,0x30,0x61,0x32,0x20,0x32,0x20,0x30,0x20,0x30,
  0x20,0x31,0x20,0x32,0x20,0x32,0x7a,0x22,0x3e,0x3c,0x2f,0x70,0x61,0x74,0x68,0x3e,
  0x3c,0x2f,0x73,0x76,0x67,0x3e,
    // grid.svg
  0x0,0x0,0x1,0x8c,
  0x3c,
  0x73,0x76,0x67,0x20,0x78,0x6d,0x6c,0x6e,0x73,0x3d,0x22,0x68,0x74,0x74,0x70,0x3a,
  0x2f,0x2f,0x77,0x77,0x77,0x2e,0x77,0x33,0x2e,0x6f,0x72,0x67,0x2f,0x32,0x30,0x30,
  0x30,0x2f,0x73,0x76,0x67,0x22,0x20,0x77,0x69,0x64,0x74,0x68,0x3d,0x22,0x32,0x34,
  0x22,0x20,0x68,0x65,0x69,0x67,0x68,0x74,0x3d,0x22,0x32,0x34,0x22,0x20,0x76,0x69,
  0x65,0x77,0x42,0x6f,0x78,0x3d,0x22,0x30,0x20,0x30,0x20,0x32,0x34,0x20,0x32,0x34,
  0x22,0x20,0x66,0x69,0x6c,0x6c,0x3d,0x22,0x6e,0x6f,0x6e,0x65,0x22,0x20,0x73,0x74,
  0x72,0x6f,0x6b,0x65,0x3d,0x22,0x23,0x66,0x66,0x66,0x22,0x20,0x73,0x74,0x72,0x6f,
  0x6b,0x65,0x2d,0x77,0x69,0x64,0x74,0x68,0x3d,0x22,0x32,0x22,0x20,0x73,0x74,0x72,
  0x6f,0x6b,0x65,0x2d,0x6c,0x69,0x6e,0x65,0x63,0x61,0x70,0x3d,0x22,0x72,0x6f,0x75,
  0x6e,0x64,0x22,0x20,0x73,0x74,0x72,0x6f,0x6b,0x65,0x2d,0x6c,0x69,0x6e,0x65,0x6a,
  0x6f,0x69,0x6e,0x3d,0x22,0x72,0x6f,0x75,0x6e,0x64,0x22,0x20,0x63,0x6c,0x61,0x73,
  0x73,0x3d,0x22,0x66,0x65,0x61,0x74,0x68,0x65,0x72,0x20,0x66,0x65,0x61,0x74,0x68,
  0x65,0x72,0x2d,0x67,0x72,0x69,0x64,0x22,0x3e,0x3c,0x72,0x65,0x63,0x74,0x20,0x78,
  0x3d,0x22,0x33,0x22,0x20,0x79,0x3d,0x22,0x33,0x22,0x20,0x77,0x69,0x64,0x74,0x68,
  0x3d,0x22,0x37,0x22,0x20,0x68,0x65,0x69,0x67,0x68,0x74,0x3d,0x22,0x37,0x22,0x3e,
  0x3c,0x2f,0x72,0x65,0x63,0x74,0x3e,0x3c,0x72,0x65,0x63,0x74,0x20,0x78,0x3d,0x22,
  0x31,0x34,0x22,0x20,0x79,0x3d,0x22,0x33,0x22,0x20,0x77,0x69,0x64,0x74,0x68,0x3d,
  0x22,0x37,0x22,0x20,0x68,0x65,0x69,0x67,0x68,0x74,0x3d,0x22,0x37,0x22,0x3e,0x3c,
  0x2f,0x72,0x65,0x63,0x74,0x3e,0x3c,0x72,0x65,0x63,0x74,0x20,0x78,0x3d,0x22,0x31,
  0x34,0x22,0x20,0x79,0x3d,0x22,0x31,0x34,0x22,0x20,0x77,0x69,0x64,0x74,0x68,0x3d,
  0x22,0x37,0x22,0x20,0x68,0x65,0x69,0x67,0x68,0x74,0x3d,0x22,0x37,0x22,0x3e,0x3c,
  0x2f,0x72,0x65,0x63,0x74,0x3e,0x3c,0x72,0x65,0x63,0x74,0x20,0x78,0x3d,0x22,0x33,
  0x22,0x20,0x79,0x3d,0x22,0x31,0x34,0x22,0x20,0x77,0x69,0x64,0x74,0x68,0x3d,0x22,
  0x37,0x22,0x20,0x68,0x65,0x69,0x67,0x68,0x74,0x3d,0x22,0x37,0x22,0x3e,0x3c,0x2f,
  0x72,0x65,0x63,0x74,0x3e,0x3c,0x2f,0x73,0x76,0x67,0x3e,
    // folder-minus.svg
  0x0,0x0,0x1,0x61,
  0x3c,
  0x73,0x76,0x67,0x20,0x78,0x6d,0x6c,0x6e,0x73,0x3d,0x22,0x68,0x74,0x74,0x70,0x3a,
  0x2f,0x2f,0x77,0x77,0x77,0x2e,0x77,0x33,0x2e,0x6f,0x72,0x67,0x2f,0x32,0x30,0x30,
  0x30,0x2f,0x73,0x76,0x67,0x22,0x20,0x77,0x69,0x64,0x74,0x68,0x3d,0x22,0x32,0x34,
  0x22,0x20,0x68,0x65,0x69,0x67,0x68,0x74,0x3d,0x22,0x32,0x34,0x22,0x20,0x76,0x69,
  0x65,0x77,0x42,0x6f,0x78,0x3d,0x22,0x30,0x20,0x30,0x20,0x32,0x34,0x20,0x32,0x34,
  0x22,0x20,0x66,0x69,0x6c,0x6c,0x3d,0x22,0x6e,0x6f,0x6e,0x65,0x22,0x20,0x73,0x74,
  0x72,0x6f,0x6b,0x65,0x3d,0x22,0x23,0x66,0x66,0x66,0x22,0x20,0x73,0x74,0x72,0x6f,
  0x6b,0x65,0x2d,0x77,0x69,0x64,0x74,0x68,0x3d,0x22,0x32,0x22,0x20,0x73,0x74,0x72,
  0x6f,0x6b,0x65,0x2d,0x6c,0x69,0x6e,0x65,0x63,0x61,0x70,0x3d,0x22,0x72,0x6f,0x75,
  0x6e,0x64,0x22,0x20,0x73,0x74,0x72,0x6f,0x6b,0x65,0x2d,0x6c,0x69,0x6e,0x65,0x6a,
  0x6f,0x69,0x6e,0x3d,0x22,0x72,0x6f,0x75,0x6e,0x64,0x22,0x20,0x63,0x6c,0x61,0x73,
  0x73,0x3d,0x22,0x66,0x65,0x61,0x74,0x68,0x65,0x72,0x20,0x66,0x65,0x61,0x74,0x68,
  0x65,0x72,0x2d,0x66,0x6f,0x6c,0x64,0x65,0x72,0x2d,0x6d,0x69,0x6e,0x75,0x73,0x22,
  0x3e,0x3c,0x70,0x61,0x74,0x68,0x20,0x64,0x3d,0x22,0x4d,0x32,0x32,0x20,0x31,0x39,
  0x61,0x32,0x20,0x32,0x20,0x30,0x20,0x30,0x20,0x31,0x2d,0x32,0x20,0x32,0x48,0x34,
  0x61,0x32,0x20,0x32,0x20,0x30,0x20,0x30,0x20,0x31,0x2d,0x32,0x2d,0x32,0x56,0x35,
  0x61,0x32,0x20,0x32,0x20,0x30,0x20,0x30,0x20,0x31,0x20,0x32,0x2d,0x32,0x68,0x35,
  0x6c,0x32,0x20,0x33,0x68,0x39,0x61,0x32,0x20,0x32,0x20,0x30,0x20,0x30,0x20,0x31,
  0x20,0x32,0x20,0x32,0x7a,0x22,0x3e,0x3c,0x2f,0x70,0x61,0x74,0x68,0x3e,0x3c,0x6c,
  0x69,0x6e,0x65,0x20,0x78,0x31,0x3d,0x22,0x39,0x22,0x20,0x79,0x31,0x3d,0x22,0x31,
  0x34,0x22,0x20,0x78,0x32,0x3d,0x22,0x31,0x35,0x22,0x20,0x79,0x32,0x3d,0x22,0x31,
  0x34,0x22,0x3e,0x3c,0x2f,0x6c,0x69,0x6e,0x65,0x3e,0x3c,0x2f,0x73,0x76,0x67,0x3e,
  
    // loader.svg
  0x0,0x0,0x2,0x5e,
  0x3c,
  0x73,0x76,0x67,0x20,0x78,0x6d,0x6c,0x6e,0x73,0x3d,0x22,0x68,0x74,0x74,0x70,0x3a,
  0x2f,0x2f,0x77,0x77,0x77,0x2e,0x77,0x33,0x2e,0x6f,0x72,0x67,0x2f,0x32,0x30,0x30,
  0x30,0x2f,0x73,0x76,0x67,0x22,0x20,0x77,0x69,0x64,0x74,0x68,0x3d,0x22,0x32,0x34,
  0x22,0x20,0x68,0x65,0x69,0x67,0x68,0x74,0x3d,0x22,0x32,0x34,0x22,0x20,0x76,0x69,
  0x65,0x77,0x42,0x6f,0x78,0x3d,0x22,0x30,0x20,0x30,0x20,0x32,0x34,0x20,0x32,0x34,
  0x22,0x20,0x66,0x69,0x6c,0x6c,0x3d,0x22,0x6e,0x6f,0x6e,0x65,0x22,0x20,0x73,0x74,
  0x72,0x6f,0x6b,0x65,0x3d,0x22,0x23,0x66,0x66,0x66,0x22,0x20,0x73,0x74,0x72,0x6f,
  0x6b,0x65,0x2d,0x77,0x69,0x64,0x74,0x68,0x3d,0x22,0x32,0x22,0x20,0x73,0x74,0x72,
  0x6f,0x6b,0x65,0x2d,0x6c,0x69,0x6e,0x65,0x63,0x61,0x70,0x3d,0x22,0x72,0x6f,0x75,
  0x6e,0x64,0x22,0x20,0x73,0x74,0x72,0x6f,0x6b,0x65,0x2d,0x6c,0x69,0x6e,0x65,0x6a,
  0x6f,0x69,0x6e,0x3d,0x22,0x72,0x6f,0x75,0x6e,0x64,0x22,0x20,0x63,0x6c,0x61,0x73,
  0x73,0x3d,0x22,0x66,0x65,0x61,0x74,0x68,0x65,0x72,0x20,0x66,0x65,0x61,0x74,0x68,
  0x65,0x72,0x2d,0x6c,0x6f,0x61,0x64,0x65,0x72,0x22,0x3e,0x3c,0x6c,0x69,0x6e,0x65,
  0x20,0x78,0x31,0x3d,0x22,0x31,0x32,0x22,0x20,0x79,0x31,0x3d,0x22,0x32,0x22,0x20,
  0x78,0x32,0x3d,0x22,0x31,0x32,0x22,0x20,0x79,0x32,0x3d,0x22,0x36,0x22,0x3e,0x3c,
  0x2f,0x6c,0x69,0x6e,0x65,0x3e,0x3c,0x6c,0x69,0x6e,0x65,0x20,0x78,0x31,0x3d,0x22,
  0x31,0x32,0x22,0x20,0x79,0x31,0x3d,0x22,0x31,0x38,0x22,0x20,0x78,0x32,0x3d,0x22,
  0x31,0x32,0x22,0x20,0x79,0x32,0x3d,0x22,0x32,0x32,0x22,0x3e,0x3c,0x2f,0x6c,0x69,
  0x6e,0x65,0x3e,0x3c,0x6c,0x69,0x6e,0x65,0x20,0x78,0x31,0x3d,0x22,0x34,0x2e,0x39,
  0x33,0x22,0x20,0x79,0x31,0x3d,0x22,0x34,0x2e,0x39,0x33,0x22,0x20,0x78,0x32,0x3d,
  0x22,0x37,0x2e,0x37,0x36,0x22,0x20,0x79,0x32,0x3d,0x22,0x37,0x2e,0x37,0x36,0x22,
  0x3e,0x3c,0x2f,0x6c,0x69,0x6e,0x65,0x3e,0x3c,0x6c,0x69,0x6e,0x65,0x20,0x78,0x31,
  0x3d,0x22,0x31,0x36,0x2e,0x32,0x34,0x22,0x20,0x79,0x31,0x3d,0x22,0x31,0x36,0x2e,
  0x32,0x34,0x22,0x20,0x78,0x32,0x3d,0x22,0x31,0x39,0x2e,0x30,0x37,0x22,0x20,0x79,
  0x32,0x3d,0x22,0x31,0x39,0x2e,0x30,0x37,0x22,0x3e,0x3c,0x2f,0x6c,0x69,0x6e,0x65,
  0x3e,0x3c,0x6c,0x69,0x6e,0x65,0x20,0x78,0x31,0x3d,0x22,0x32,0x22,0x20,0x79,0x31,
  0x3d,0x22,0x31,0x32,0x22,0x20,0x78,0x32,0x3d,0x22,0x36,0x22,0x20,0x79,0x32,0x3d,
  0x22,0x31,0x32,0x22,0x3e,0x3c,0x2f,0x6c,0x69,0x6e,0x65,0x3e,0x3c,0x6c,0x69,0x6e,
  0x65,0x20,0x78,0x31,0x3d,0x22,0x31,0x38,0x22,0x20,0x79,0x31,0x3d,0x22,0x31,0x32,
  0x22,0x20,0x78,0x32,0x3d,0x22,0x32,0x32,0x22,0x20,0x79,0x32,0x3d,0x22,0x31,0x32,
  0x22,0x3e,0x3c,0x2f,0x6c,0x69,0x6e,0x65,0x3e,0x3c,0x6c,0x69,0x6e,0x65,0x20,0x78,
  0x31,0x3d,0x22,0x34,0x2e,0x39,0x33,0x22,0x20,0x79,0x31,0x3d,0x22,0x31,0x39,0x2e,
  0x30,0x37,0x22,0x20,0x78,0x32,0x3d,0x22,0x37,0x2e,0x37,0x36,0x22,0x20,0x79,0x32,
  0x3d,0x22,0x31,0x36,0x2e,0x32,0x34,0x22,0x3e,0x3c,0x2f,0x6c,0x69,0x6e,0x65,0x3e,
  0x3c,0x6c,0x69,0x6e,0x65,0x20,0x78,0x31,0x3d,0x22,0x31,0x36,0x2e,0x32,0x34,0x22,
  0x20,0x79,0x31,0x3d,0x22,0x37,0x2e,0x37,0x36,0x22,0x20,0x78,0x32,0x3d,0x22,0x31,
  0x39,0x2e,0x30,0x37,0x22,0x20,0x79,0x32,0x3d,0x22,0x34,0x2e,0x39,0x33,0x22,0x3e,
  0x3c,0x2f,0x6c,0x69,0x6e,0x65,0x3e,0x3c,0x2f,0x73,0x76,0x67,0x3e,
    // more-vertical.svg
  0x0,0x0,0x1,0x4d,
  0x3c,
  0x73,0x76,0x67,0x20,0x78,0x6d,0x6c,0x6e,0x73,0x3d,0x22,0x68,0x74,0x74,0x70,0x3a,
  0x2f,0x2f,0x77,0x77,0x77,0x2e,0x77,0x33,0x2e,0x6f,0x72,0x67,0x2f,0x32,0x30,0x30,
  0x30,0x2f,0x73,0x76,0x67,0x22,0x20,0x77,0x69,0x64,0x74,0x68,0x3d,0x22,0x32,0x34,
  0x22,0x20,0x68,0x65,0x69,0x67,0x68,0x74,0x3d,0x22,0x32,0x34,0x22,0x20,0x76,0x69,
  0x65,0x77,0x42,0x6f,0x78,0x3d,0x22,0x30,0x20,0x30,0x20,0x32,0x34,0x20,0x32,0x34,
  0x22,0x20,0x66,0x69,0x6c,0x6c,0x3d,0x22,0x6e,0x6f,0x6e,0x65,0x22,0x20,0x73,0x74,
  0x72,0x6f,0x6b,0x65,0x3d,0x22,0x23,0x66,0x66,0x66,0x22,0x20,0x73,0x74,0x72,0x6f,
  0x6b,0x65,0x2d,0x77,0x69,0x64,0x74,0x68,0x3d,0x22,0x32,0x22,0x20,0x73,0x74,0x72,
  0x6f,0x6b,0x65,0x2d,0x6c,0x69,0x6e,0x65,0x63,0x61,0x70,0x3d,0x22,0x72,0x6f,0x75,
  0x6e,0x64,0x22,0x20,0x73,0x74,0x72,0x6f,0x6b,0x65,0x2d,0x6c,0x69,0x6e,0x65,0x6a,
  0x6f,0x69,0x6e,0x3d,0x22,0x72,0x6f,0x75,0x6e,0x64,0x22,0x20,0x63,0x6c,0x61,0x73,
  0x73,0x3d,0x22,0x66,0x65,0x61,0x74,0x68,0x65,0x72,0x20,0x66,0x65,0x61,0x74,0x68,
  0x65,0x72,0x2d,0x6d,0x6f,0x72,0x65,0x2d,0x76,0x65,0x72,0x74,0x69,0x63,0x61,0x6c,
  0x22,0x3e,0x3c,0x63,0x69,0x72,0x63,0x6c,0x65,0x20,0x63,0x78,0x3d,0x22,0x31,0x32,
  0x22,0x20,0x63,0x79,0x3d,0x22,0x31,0x32,0x22,0x20,0x72,0x3d,0x22,0x31,0x22,0x3e,
  0x3c,0x2f,0x63,0x69,0x72,0x63,0x6c,0x65,0x3e,0x3c,0x63,0x69,0x72,0x63,0x6c,0x65,
  0x20,0x63,0x78,0x3d,0x22,0x31,0x32,0x22,0x20,0x63,0x79,0x3d,0x22,0x35,0x22,0x20,
  0x72,0x3d,0x22,0x31,0x22,0x3e,0x3c,0x2f,0x63,0x69,0x72,0x63,0x6c,0x65,0x3e,0x3c,
  0x63,0x69,0x72,0x63,0x6c,0x65,0x20,0x63,0x78,0x3d,0x22,0x31,0x32,0x22,0x20,0x63,
  0x79,0x3d,0x22,0x31,0x39,0x22,0x20,0x72,0x3d,0x22,0x31,0x22,0x3e,0x3c,0x2f,0x63,
  0x69,0x72,0x63,0x6c,0x65,0x3e,0x3c,0x2f,0x73,0x76,0x67,0x3e,
    // user-check.svg
  0x0,0x0,0x1,0x67,
  0x3c,
  0x73,0x76,0x67,0x20,0x78,0x6d,0x6c,0x6e,0x73,0x3d,0x22,0x68,0x74,0x74,0x70,0x3a,
  0x2f,0x2f,0x77,0x77,0x77,0x2e,0x77,0x33,0x2e,0x6f,0x72,0x67,0x2f,0x32,0x30,0x30,
  0x30,0x2f,0x73,0x76,0x67,0x22,0x20,0x77,0x69,0x64,0x74,0x68,0x3d,0x22,0x32,0x34,
  0x22,0x20,0x68,0x65,0x69,0x67,0x68,0x74,0x3d,0x22,0x32,0x34,0x22,0x20,0x76,0x69,
  0x65,0x77,0x42,0x6f,0x78,0x3d,0x22,0x30,0x20,0x30,0x20,0x32,0x34,0x20,0x32,0x34,
  0x22,0x20,0x66,0x69,0x6c,0x6c,0x3d,0x22,0x6e,0x6f,0x6e,0x65,0x22,0x20,0x73,0x74,
  0x72,0x6f,0x6b,0x65,0x3d,0x22,0x23,0x66,0x66,0x66,0x22,0x20,0x73,0x74,0x72,0x6f,
  0x6b,0x65,0x2d,0x77,0x69,0x64,0x74,0x68,0x3d,0x22,0x32,0x22,0x20,0x73,0x74,0x72,
  0x6f,0x6b,0x65,0x2d,0x6c,0x69,0x6e,0x65,0x63,0x61,0x70,0x3d,0x22,0x72,0x6f,0x75,
  0x6e,0x64,0x22,0x20,0x73,0x74,0x72,0x6f,0x6b,0x65,0x2d,0x6c,0x69,0x6e,0x65,0x6a,
  0x6f,0x69,0x6e,0x3d,0x22,0x72,0x6f,0x75,0x6e,0x64,0x22,0x20,0x63,0x6c,0x61,0x73,
  0x73,0x3d,0x22,0x66,0x65,0x61,0x74,0x68,0x65,0x72,0x20,0x66,0x65,0x61,0x74,0x68,
  0x65,0x72,0x2d,0x75,0x73,0x65,0x72,0x2d,0x63,0x68,0x65,0x63,0x6b,0x22,0x3e,0x3c,
  0x70,0x61,0x74,0x68,0x20,0x64,0x3d,0x22,0x4d,0x31,0x36,0x20,0x32,0x31,0x76,0x2d,
  0x32,0x61,0x34,0x20,0x34,0x20,0x30,0x20,0x30,0x20,0x30,0x2d,0x34,0x2d,0x34,0x48,
  0x35,0x61,0x34,0x20,0x34,0x20,0x30,0x20,0x30,0x20,0x30,0x2d,0x34,0x20,0x34,0x76,
  0x32,0x22,0x3e,0x3c,0x2f,0x70,0x61,0x74,0x68,0x3e,0x3c,0x63,0x69,0x72,0x63,0x6c,
  0x65,0x20,0x63,0x78,0x3d,0x22,0x38,0x2e,0x35,0x22,0x20,0x63,0x79,0x3d,0x22,0x37,
  0x22,0x20,0x72,0x3d,0x22,0x34,0x22,0x3e,0x3c,0x2f,0x63,0x69,0x72,0x63,0x6c,0x65,
  0x3e,0x3c,0x70,0x6f,0x6c,0x79,0x6c,0x69,0x6e,0x65,0x20,0x70,0x6f,0x69,0x6e,0x74,
  0x73,0x3d,0x22,0x31,0x37,0x20,0x31,0x31,0x20,0x31,0x39,0x20,0x31,0x33,0x20,0x32,
  0x33,0x20,0x39,0x22,0x3e,0x3c,0x2f,0x70,0x6f,0x6c,0x79,0x6c,0x69,0x6e,0x65,0x3e,
  0x3c,0x2f,0x73,0x76,0x67,0x3e,
    // arrow-down-right.svg
  0x0,0x0,0x1,0x35,
  0x3c,
  0x73,0x76,0x67,0x20,0x78,0x6d,0x6c,0x6e,0x73,0x3d,0x22,0x68,0x74,0x74,0x70,0x3a,
  0x2f,0x2f,0x77,0x77,0x77,0x2e,0x77,0x33,0x2e,0x6f,0x72,0x67,0x2f,0x32,0x30,0x30,
  0x30,0x2f,0x73,0x76,0x67,0x22,0x20,0x77,0x69,0x64,0x74,0x68,0x3d,0x22,0x32,0x34,
  0x22,0x20,0x68,0x65,0x69,0x67,0x68,0x74,0x3d,0x22,0x32,0x34,0x22,0x20,0x76,0x69,
  0x65,0x77,0x42,0x6f,0x78,0x3d,0x22,0x30,0x20,0x30,0x20,0x32,0x34,0x20,0x32,0x34,
  0x22,0x20,0x66,0x69,0x6c,0x6c,0x3d,0x22,0x6e,0x6f,0x6e,0x65,0x22,0x20,0x73,0x74,
  0x72,0x6f,0x6b,0x65,0x3d,0x22,0x23,0x66,0x66,0x66,0x22,0x20,0x73,0x74,0x72,0x6f,
  0x6b,0x65,0x2d,0x77,0x69,0x64,0x74,0x68,0x3d,0x22,0x32,0x22,0x20,0x73,0x74,0x72,
  0x6f,0x6b,0x65,0x2d,0x6c,0x69,0x6e,0x65,0x63,0x61,0x70,0x3d,0x22,0x72,0x6f,0x75,
  0x6e,0x64,0x22,0x20,0x73,0x74,0x72,0x6f,0x6b,0x65,0x2d,0x6c,0x69,0x6e,0x65,0x6a,
  0x6f,0x69,0x6e,0x3d,0x22,0x72,0x6f,0x75,0x6e,0x64,0x22,0x20,0x63,0x6c,0x61,0x73,
  0x73,0x3d,0x22,0x66,0x65,0x61,0x74,0x68,0x65,0x72,0x20,0x66,0x65,0x61,0x74,0x68,
  0x65,0x72,0x2d,0x61,0x72,0x72,0x6f,0x77,0x2d,0x64,0x6f,0x77,0x6e,0x2d,0x72,0x69,
  0x67,0x68,0x74,0x22,0x3e,0x3c,0x6c,0x69,0x6e,0x65,0x20,0x78,0x31,0x3d,0x22,0x37,
  0x22,0x20,0x79,0x31,0x3d,0x22,0x37,0x22,0x20,0x78,0x32,0x3d,0x22,0x31,0x37,0x22,
  0x20,0x79,0x32,0x3d,0x22,0x31,0x37,0x22,0x3e,0x3c,0x2f,0x6c,0x69,0x6e,0x65,0x3e,
  0x3c,0x70,0x6f,0x6c,0x79,0x6c,0x69,0x6e,0x65,0x20,0x70,0x6f,0x69,0x6e,0x74,0x73,
  0x3d,0x22,0x31,0x37,0x20,0x37,0x20,0x31,0x37,0x20,0x31,0x37,0x20,0x37,0x20,0x31,
  0x37,0x22,0x3e,0x3c,0x2f,0x70,0x6f,0x6c,0x79,0x6c,0x69,0x6e,0x65,0x3e,0x3c,0x2f,
  0x73,0x76,0x67,0x3e,
    // flag.svg
  0x0,0x0,0x1,0x46,
  0x3c,
  0x73,0x76,0x67,0x20,0x78,0x6d,0x6c,0x6e,0x73,0x3d,0x22,0x68,0x74,0x74,0x70,0x3a,
  0x2f,0x2f,0x77,0x77,0x77,0x2e,0x77,0x33,0x2e,0x6f,0x72,0x67,0x2f,0x32,0x30,0x30,
  0x30,0x2f,0x73,0x76,0x67,0x22,0x20,0x77,0x69,0x64,0x74,0x68,0x3d,0x22,0x32,0x34,
  0x22,0x20,0x68,0x65,0x69,0x67,0x68,0x74,0x3d,0x22,0x32,0x34,0x22,0x20,0x76,0x69,
  0x65,0x77,0x42,0x6f,0x78,0x3d,0x22,0x30,0x20,0x30,0x20,0x32,0x34,0x20,0x32,0x34,
  0x22,0x20,0x66,0x69,0x6c,0x6c,0x3d,0x22,0x6e,0x6f,0x6e,0x65,0x22,0x20,0x73,0x74,
  0x72,0x6f,0x6b,0x65,0x3d,0x22,0x23,0x66,0x66,0x66,0x22,0x20,0x73,0x74,0x72,0x6f,
  0x6b,0x65,0x2d,0x77,0x69,0x64,0x74,0x68,0x3d,0x22,0x32,0x22,0x20,0x73,0x74,0x72,
  0x6f,0x6b,0x65,0x2d,0x6c,0x69,0x6e,0x65,0x63,0x61,0x70,0x3d,0x22,0x72,0x6f,0x75,
  0x6e,0x64,0x22,0x20,0x73,0x74,0x72,0x6f,0x6b,0x65,0x2d,0x6c,0x69,0x6e,0x65,0x6a,
  0x6f,0x69,0x6e,0x3d,0x22,0x72,0x6f,0x75,0x6e,0x64,0x22,0x20,0x63,0x6c,0x61,0x73,
  0x73,0x3d,0x22,0x66,0x65,0x61,0x74,0x68,0x65,0x72,0x20,0x66,0x65,0x61,0x74,0x68,
  0x65,0x72,0x2d,0x66,0x6c,0x61,0x67,0x22,0x3e,0x3c,0x70,0x61,0x74,0x68,0x20,0x64,
  0x3d,0x22,0x4d,0x34,0x20,0x31,0x35,0x73,0x31,0x2d,0x31,0x20,0x34,0x2d,0x31,0x20,
  0x35,0x20,0x32,0x20,0x38,0x20,0x32,0x20,0x34,0x2d,0x31,0x20,0x34,0x2d,0x31,0x56,
  0x33,0x73,0x2d,0x31,0x20,0x31,0x2d,0x34,0x20,0x31,0x2d,0x35,0x2d,0x32,0x2d,0x38,
  0x2d,0x32,0x2d,0x34,0x20,0x31,0x2d,0x34,0x20,0x31,0x7a,0x22,0x3e,0x3c,0x2f,0x70,
  0x61,0x74,0x68,0x3e,0x3c,0x6c,0x69,0x6e,0x65,0x20,0x78,0x31,0x3d,0x22,0x34,0x22,
  0x20,0x79,0x31,0x3d,0x22,0x32,0x32,0x22,0x20,0x78,0x32,0x3d,0x22,0x34,0x22,0x20,
  0x79,0x32,0x3d,0x22,0x31,0x35,0x22,0x3e,0x3c,0x2f,0x6c,0x69,0x6e,0x65,0x3e,0x3c,
  0x2f,0x73,0x76,0x67,0x3e,
    // alert-triangle.svg
  0x0,0x0,0x1,0xa0,
  0x3c,
  0x73,0x76,0x67,0x20,0x78,0x6d,0x6c,0x6e,0x73,0x3d,0x22,0x68,0x74,0x74,0x70,0x3a,
  0x2f,0x2f,0x77,0x77,0x77,0x2e,0x77,0x33,0x2e,0x6f,0x72,0x67,0x2f,0x32,0x30,0x30,
  0x30,0x2f,0x73,0x76,0x67,0x22,0x20,0x77,0x69,0x64,0x74,0x68,0x3d,0x22,0x32,0x34,
  0x22,0x20,0x68,0x65,0x69,0x67,0x68,0x74,0x3d,0x22,0x32,0x34,0x22,0x20,0x76,0x69,
  0x65,0x77,0x42,0x6f,0x78,0x3d,0x22,0x30,0x20,0x30,0x20,0x32,0x34,0x20,0x32,0x34,
  0x22,0x20,0x66,0x69,0x6c,0x6c,0x3d,0x22,0x6e,0x6f,0x6e,0x65,0x22,0x20,0x73,0x74,
  0x72,0x6f,0x6b,0x65,0x3d,0x22,0x23,0x66,0x66,0x66,0x22,0x20,0x73,0x74,0x72,0x6f,
  0x6b,0x65,0x2d,0x77,0x69,0x64,0x74,0x68,0x3d,0x22,0x32,0x22,0x20,0x73,0x74,0x72,
  0x6f,0x6b,0x65,0x2d,0x6c,0x69,0x6e,0x65,0x63,0x61,0x70,0x3d,0x22,0x72,0x6f,0x75,
  0x6e,0x64,0x22,0x20,0x73,0x74,0x72,0x6f,0x6b,0x65,0x2d,0x6c,0x69,0x6e,0x65,0x6a,
  0x6f,0x69,0x6e,0x3d,0x22,0x72,0x6f,0x75,0x6e,0x64,0x22,0x20,0x63,0x6c,0x61,0x73,
  0x73,0x3d,0x22,0x66,0x65,0x61,0x74,0x68,0x65,0x72,0x20,0x66,0x65,0x61,0x74,0x68,
  0x65,0x72,0x2d,0x61,0x6c,0x65,0x72,0x74,0x2d,0x74,0x72,0x69,0x61,0x6e,0x67,0x6c,
  0x65,0x22,0x3e,0x3c,0x70,0x61,0x74,0x68,0x20,0x64,0x3d,0x22,0x4d,0x31,0x30,0x2e,
  0x32,0x39,0x20,0x33,0x2e,0x38,0x36,0x4c,0x31,0x2e,0x38,0x32,0x20,0x31,0x38,0x61,
  0x32,0x20,0x32,0x20,0x30,0x20,0x30,0x20,0x30,0x20,0x31,0x2e,0x37,0x31,0x20,0x33,
  0x68,0x31,0x36,0x2e,0x39,0x34,0x61,0x32,0x20,0x32,0x20,0x30,0x20,0x30,0x20,0x30,
  0x20,0x31,0x2e,0x37,0x31,0x2d,0x33,0x4c,0x31,0x33,0x2e,0x37,0x31,0x20,0x33,0x2e,
  0x38,0x36,0x61,0x32,0x20,0x32,0x20,0x30,0x20,0x30,0x20,0x30,0x2d,0x33,0x2e,0x34,
  0x32,0x20,0x30,0x7a,0x22,0x3e,0x3c,0x2f,0x70,0x61,0x74,0x68,0x3e,0x3c,0x6c,0x69,
  0x6e,0x65,0x20,0x78,0x31,0x3d,0x22,0x31,0x32,0x22,0x20,0x79,0x31,0x3d,0x22,0x39,
  0x22,0x20,0x78,0x32,0x3d,0x22,0x31,0x32,0x22,0x20,0x79,0x32,0x3d,0x22,0x31,0x33,
  0x22,0x3e,0x3c,0x2f,0x6c,0x69,0x6e,0x65,0x3e,0x3c,0x6c,0x69,0x6e,0x65,0x20,0x78,
  0x31,0x3d,0x22,0x31,0x32,0x22,0x20,0x79,0x31,0x3d,0x22,0x31,0x37,0x22,0x20,0x78,
  0x32,0x3d,0x22,0x31,0x32,0x2e,0x30,0x31,0x22,0x20,0x79,0x32,0x3d,0x22,0x31,0x37,
  0x22,0x3e,0x3c,0x2f,0x6c,0x69,0x6e,0x65,0x3e,0x3c,0x2f,0x73,0x76,0x67,0x3e,
    // folder.svg
  0x0,0x0,0x1,0x2f,
  0x3c,
  0x73,0x76,0x67,0x20,0x78,0x6d,0x6c,0x6e,0x73,0x3d,0x22,0x68,0x74,0x74,0x70,0x3a,
  0x2f,0x2f,0x77,0x77,0x77,0x2e,0x77,0x33,0x2e,0x6f,0x72,0x67,0x2f,0x32,0x30,0x30,
  0x30,0x2f,0x73,0x76,0x67,0x22,0x20,0x77,0x69,0x64,0x74,0x68,0x3d,0x22,0x32,0x34,
  0x22,0x20,0x68,0x65,0x69,0x67,0x68,0x74,0x3d,0x22,0x32,0x34,0x22,0x20,0x76,0x69,
  0x65,0x77,0x42,0x6f,0x78,0x3d,0x22,0x30,0x20,0x30,0x20,0x32,0x34,0x20,0x32,0x34,
  0x22,0x20,0x66,0x69,0x6c,0x6c,0x3d,0x22,0x6e,0x6f,0x6e,0x65,0x22,0x20,0x73,0x74,
  0x72,0x6f,0x6b,0x65,0x3d,0x22,0x23,0x66,0x66,0x66,0x22,0x20,0x73,0x74,0x72,0x6f,
  0x6b,0x65,0x2d,0x77,0x69,0x64,0x74,0x68,0x3d,0x22,0x32,0x22,0x20,0x73,0x74,0x72,
  0x6f,0x6b,0x65,0x2d,0x6c,0x69,0x6e,0x65,0x63,0x61,0x70,0x3d,0x22,0x72,0x6f,0x75,
  0x6e,0x64,0x22,0x20,0x73,0x74,0x72,0x6f,0x6b,0x65,0x2d,0x6c,0x69,0x6e,0x65,0x6a,
  0x6f,0x69,0x6e,0x3d,0x22,0x72,0x6f,0x75,0x6e,0x64,0x22,0x20,0x63,0x6c,0x61,0x73,
  0x73,0x3d,0x22,0x66,0x65,0x61,0x74,0x68,0x65,0x72,0x20,0x66,0x65,0x61,0x74,0x68,
  0x65,0x72,0x2d,0x66,0x6f,0x6c,0x64,0x65,0x72,0x22,0x3e,0x3c,0x70,0x61,0x74,0x68,
  0x20,0x64,0x3d,0x22,0x4d,0x32,0x32,0x20,0x31,0x39,0x61,0x32,0x20,0x32,0x20,0x30,
  0x20,0x30,0x20,0x31,0x2d,0x32,0x20,0x32,0x48,0x34,0x61,0x32,0x20,0x32,0x20,0x30,
  0x20,0x30,0x20,0x31,0x2d,0x32,0x2d,0x32,0x56,0x35,0x61,0x32,0x20,0x32,0x20,0x30,
  0x20,0x30,0x20,0x31,0x20,0x32,0x2d,0x32,0x68,0x35,0x6c,0x32,0x20,0x33,0x68,0x39,
  0x61,0x32,0x20,0x32,0x20,0x30,0x20,0x30,0x20,0x31,0x20,0x32,0x20,0x32,0x7a,0x22,
  0x3e,0x3c,0x2f,0x70,0x61,0x74,0x68,0x3e,0x3c,0x2f,0x73,0x76,0x67,0x3e,
    // plus-square.svg
  0x0,0x0,0x1,0x6d,
  0x3c,
  0x73,0x76,0x67,0x20,0x78,0x6d,0x6c,0x6e,0x73,0x3d,0x22,0x68,0x74,0x74,0x70,0x3a,
  0x2f,0x2f,0x77,0x77,0x77,0x2e,0x77,0x33,0x2e,0x6f,0x72,0x67,0x2f,0x32,0x30,0x30,
  0x30,0x2f,0x73,0x76,0x67,0x22,0x20,0x77,0x69,0x64,0x74,0x68,0x3d,0x22,0x32,0x34,
  0x22,0x20,0x68,0x65,0x69,0x67,0x68,0x74,0x3d,0x22,0x32,0x34,0x22,0x20,0x76,0x69,
  0x65,0x77,0x42,0x6f,0x78,0x3d,0x22,0x30,0x20,0x30,0x20,0x32,0x34,0x20,0x32,0x34,
  0x22,0x20,0x66,0x69,0x6c,0x6c,0x3d,0x22,0x6e,0x6f,0x6e,0x65,0x22,0x20,0x73,0x74,
  0x72,0x6f,0x6b,0x65,0x3d,0x22,0x23,0x66,0x66,0x66,0x22,0x20,0x73,0x74,0x72,0x6f,
  0x6b,0x65,0x2d,0x77,0x69,0x64,0x74,0x68,0x3d,0x22,0x32,0x22,0x20,0x73,0x74,0x72,
  0x6f,0x6b,0x65,0x2d,0x6c,0x69,0x6e,0x65,0x63,0x61,0x70,0x3d,0x22,0x72,0x6f,0x75,
  0x6e,0x64,0x22,0x20,0x73,0x74,0x72,0x6f,0x6b,0x65,0x2d,0x6c,0x69,0x6e,0x65,0x6a,
  0x6f,0x69,0x6e,0x3d,0x22,0x72,0x6f,0x75,0x6e,0x64,0x22,0x20,0x63,0x6c,0x61,0x73,
  0x73,0x3d,0x22,0x66,0x65,0x61,0x74,0x68,0x65,0x72,0x20,0x66,0x65,0x61,0x74,0x68,
  0x65,0x72,0x2d,0x70,0x6c,0x75,0x73,0x2d,0x73,0x71,0x75,0x61,0x72,0x65,0x22,0x3e,
  0x3c,0x72,0x65,0x63,0x74,0x20,0x78,0x3d,0x22,0x33,0x22,0x20,0x79,0x3d,0x22,0x33,
  0x22,0x20,0x77,0x69,0x64,0x74,0x68,0x3d,0x22,0x31,0x38,0x22,0x20,0x68,0x65,0x69,
  0x67,0x68,0x74,0x3d,0x22,0x31,0x38,0x22,0x20,0x72,0x78,0x3d,0x22,0x32,0x22,0x20,
  0x72,0x79,0x3d,0x22,0x32,0x22,0x3e,0x3c,0x2f,0x72,0x65,0x63,0x74,0x3e,0x3c,0x6c,
  0x69,0x6e,0x65,0x20,0x78,0x31,0x3d,0x22,0x31,0x32,0x22,0x20,0x79,0x31,0x3d,0x22,
  0x38,0x22,0x20,0x78,0x32,0x3d,0x22,0x31,0x32,0x22,0x20,0x79,0x32,0x3d,0x22,0x31,
  0x36,0x22,0x3e,0x3c,0x2f,0x6c,0x69,0x6e,0x65,0x3e,0x3c,0x6c,0x69,0x6e,0x65,0x20,
  0x78,0x31,0x3d,0x22,0x38,0x22,0x20,0x79,0x31,0x3d,0x22,0x31,0x32,0x22,0x20,0x78,
  0x32,0x3d,0x22,0x31,0x36,0x22,0x20,0x79,0x32,0x3d,0x22,0x31,0x32,0x22,0x3e,0x3c,
  0x2f,0x6c,0x69,0x6e,0x65,0x3e,0x3c,0x2f,0x73,0x76,0x67,0x3e,
    // instagram.svg
  0x0,0x0,0x1,0x88,
  0x3c,
  0x73,0x76,0x67,0x20,0x78,0x6d,0x6c,0x6e,0x73,0x3d,0x22,0x68,0x74,0x74,0x70,0x3a,
  0x2f,0x2f,0x77,0x77,0x77,0x2e,0x77,0x33,0x2e,0x6f,0x72,0x67,0x2f,0x32,0x30,0x30,
  0x30,0x2f,0x73,0x76,0x67,0x22,0x20,0x77,0x69,0x64,0x74,0x68,0x3d,0x22,0x32,0x34,
  0x22,0x20,0x68,0x65,0x69,0x67,0x68,0x74,0x3d,0x22,0x32,0x34,0x22,0x20,0x76,0x69,
  0x65,0x77,0x42,0x6f,0x78,0x3d,0x22,0x30,0x20,0x30,0x20,0x32,0x34,0x20,0x32,0x34,
  0x22,0x20,0x66,0x69,0x6c,0x6c,0x3d,0x22,0x6e,0x6f,0x6e,0x65,0x22,0x20,0x73,0x74,
  0x72,0x6f,0x6b,0x65,0x3d,0x22,0x23,0x66,0x66,0x66,0x22,0x20,0x73,0x74,0x72,0x6f,
  0x6b,0x65,0x2d,0x77,0x69,0x64,0x74,0x68,0x3d,0x22,0x32,0x22,0x20,0x73,0x74,0x72,
  0x6f,0x6b,0x65,0x2d,0x6c,0x69,0x6e,0x65,0x63,0x61,0x70,0x3d,0x22,0x72,0x6f,0x75,
  0x6e,0x64,0x22,0x20,0x73,0x74,0x72,0x6f,0x6b,0x65,0x2d,0x6c,0x69,0x6e,0x65,0x6a,
  0x6f,0x69,0x6e,0x3d,0x22,0x72,0x6f,0x75,0x6e,0x64,0x22,0x20,0x63,0x6c,0x61,0x73,
  0x73,0x3d,0x22,0x66,0x65,0x61,0x74,0x68,0x65,0x72,0x20,0x66,0x65,0x61,0x74,0x68,
  0x65,0x72,0x2d,0x69,0x6e,0x73,0x74,0x61,0x67,0x72,0x61,0x6d,0x22,0x3e,0x3c,0x72,
  0x65,0x63,0x74,0x20,0x78,0x3d,0x22,0x32,0x22,0x20,0x79,0x3d,0x22,0x32,0x22,0x20,
  0x77,0x69,0x64,0x74,0x68,0x3d,0x22,0x32,0x30,0x22,0x20,0x68,0x65,0x69,0x67,0x68,
  0x74,0x3d,0x22,0x32,0x30,0x22,0x20,0x72,0x78,0x3d,0x22,0x35,0x22,0x20,0x72,0x79,
  0x3d,0x22,0x35,0x22,0x3e,0x3c,0x2f,0x72,0x65,0x63,0x74,0x3e,0x3c,0x70,0x61,0x74,
  0x68,0x20,0x64,0x3d,0x22,0x4d,0x31,0x36,0x20,0x31,0x31,0x2e,0x33,0x37,0x41,0x34,
  0x20,0x34,0x20,0x30,0x20,0x31,0x20,0x31,0x20,0x31,0x32,0x2e,0x36,0x33,0x20,0x38,
  0x20,0x34,0x20,0x34,0x20,0x30,0x20,0x30,0x20,0x31,0x20,0x31,0x36,0x20,0x31,0x31,
  0x2e,0x33,0x37,0x7a,0x22,0x3e,0x3c,0x2f,0x70,0x61,0x74,0x68,0x3e,0x3c,0x6c,0x69,
  0x6e,0x65,0x20,0x78,0x31,0x3d,0x22,0x31,0x37,0x2e,0x35,0x22,0x20,0x79,0x31,0x3d,
  0x22,0x36,0x2e,0x35,0x22,0x20,0x78,0x32,0x3d,0x22,0x31,0x37,0x2e,0x35,0x31,0x22,
  0x20,0x79,0x32,0x3d,0x22,0x36,0x2e,0x35,0x22,0x3e,0x3c,0x2f,0x6c,0x69,0x6e,0x65,
  0x3e,0x3c,0x2f,0x73,0x76,0x67,0x3e,
    // italic.svg
  0x0,0x0,0x1,0x54,
  0x3c,
  0x73,0x76,0x67,0x20,0x78,0x6d,0x6c,0x6e,0x73,0x3d,0x22,0x68,0x74,0x74,0x70,0x3a,
  0x2f,0x2f,0x77,0x77,0x77,0x2e,0x77,0x33,0x2e,0x6f,0x72,0x67,0x2f,0x32,0x30,0x30,
  0x30,0x2f,0x73,0x76,0x67,0x22,0x20,0x77,0x69,0x64,0x74,0x68,0x3d,0x22,0x32,0x34,
  0x22,0x20,0x68,0x65,0x69,0x67,0x68,0x74,0x3d,0x22,0x32,0x34,0x22,0x20,0x76,0x69,
  0x65,0x77,0x42,0x6f,0x78,0x3d,0x22,0x30,0x20,0x30,0x20,0x32,0x34,0x20,0x32,0x34,
  0x22,0x20,0x66,0x69,0x6c,0x6c,0x3d,0x22,0x6e,0x6f,0x6e,0x65,0x22,0x20,0x73,0x74,
  0x72,0x6f,0x6b,0x65,0x3d,0x22,0x23,0x66,0x66,0x66,0x22,0x20,0x73,0x74,0x72,0x6f,
  0x6b,0x65,0x2d,0x77,0x69,0x64,0x74,0x68,0x3d,0x22,0x32,0x22,0x20,0x73,0x74,0x72,
  0x6f,0x6b,0x65,0x2d,0x6c,0x69,0x6e,0x65,0x63,0x61,0x70,0x3d,0x22,0x72,0x6f,0x75,
  0x6e,0x64,0x22,0x20,0x73,0x74,0x72,0x6f,0x6b,0x65,0x2d,0x6c,0x69,0x6e,0x65,0x6a,
  0x6f,0x69,0x6e,0x3d,0x22,0x72,0x6f,0x75,0x6e,0x64,0x22,0x20,0x63,0x6c,0x61,0x73,
  0x73,0x3d,0x22,0x66,0x65,0x61,0x74,0x68,0x65,0x72,0x20,0x66,0x65,0x61,0x74,0x68,
  0x65,0x72,0x2d,0x69,0x74,0x61,0x6c,0x69,0x63,0x22,0x3e,0x3c,0x6c,0x69,0x6e,0x65,
  0x20,0x78,0x31,0x3d,0x22,0x31,0x39,0x22,0x20,0x79,0x31,0x3d,0x22,0x34,0x22,0x20,
  0x78,0x32,0x3d,0x22,0x31,0x30,0x22,0x20,0x79,0x32,0x3d,0x22,0x34,0x22,0x3e,0x3c,
  0x2f,0x6c,0x69,0x6e,0x65,0x3e,0x3c,0x6c,0x69,0x6e,0x65,0x20,0x78,0x31,0x3d,0x22,
  0x31,0x34,0x22,0x20,0x79,0x31,0x3d,0x22,0x32,0x30,0x22,0x20,0x78,0x32,0x3d,0x22,
  0x35,0x22,0x20,0x79,0x32,0x3d,0x22,0x32,0x30,0x22,0x3e,0x3c,0x2f,0x6c,0x69,0x6e,
  0x65,0x3e,0x3c,0x6c,0x69,0x6e,0x65,0x20,0x78,0x31,0x3d,0x22,0x31,0x35,0x22,0x20,
  0x79,0x31,0x3d,0x22,0x34,0x22,0x20,0x78,0x32,0x3d,0x22,0x39,0x22,0x20,0x79,0x32,
  0x3d,0x22,0x32,0x30,0x22,0x3e,0x3c,0x2f,0x6c,0x69,0x6e,0x65,0x3e,0x3c,0x2f,0x73,
  0x76,0x67,0x3e,
    // arrow-up.svg
  0x0,0x0,0x1,0x2e,
  0x3c,
  0x73,0x76,0x67,0x20,0x78,0x6d,0x6c,0x6e,0x73,0x3d,0x22,0x68,0x74,0x74,0x70,0x3a,
  0x2f,0x2f,0x77,0x77,0x77,0x2e,0x77,0x33,0x2e,0x6f,0x72,0x67,0x2f,0x32,0x30,0x30,
  0x30,0x2f,0x73,0x76,0x67,0x22,0x20,0x77,0x69,0x64,0x74,0x68,0x3d,0x22,0x32,0x34,
  0x22,0x20,0x68,0x65,0x69,0x67,0x68,0x74,0x3d,0x22,0x32,0x34,0x22,0x20,0x76,0x69,
  0x65,0x77,0x42,0x6f,0x78,0x3d,0x22,0x30,0x20,0x30,0x20,0x32,0x34,0x20,0x32,0x34,
  0x22,0x20,0x66,0x69,0x6c,0x6c,0x3d,0x22,0x6e,0x6f,0x6e,0x65,0x22,0x20,0x73,0x74,
  0x72,0x6f,0x6b,0x65,0x3d,0x22,0x23,0x66,0x66,0x66,0x22,0x20,0x73,0x74,0x72,0x6f,
  0x6b,0x65,0x2d,0x77,0x69,0x64,0x74,0x68,0x3d,0x22,0x32,0x22,0x20,0x73,0x74,0x72,
  0x6f,0x6b,0x65,0x2d,0x6c,0x69,0x6e,0x65,0x63,0x61,0x70,0x3d,0x22,0x72,0x6f,0x75,
  0x6e,0x64,0x22,0x20,0x73,0x74,0x72,0x6f,0x6b,0x65,0x2d,0x6c,0x69,0x6e,0x65,0x6a,
  0x6f,0x69,0x6e,0x3d,0x22,0x72,0x6f,0x75,0x6e,0x64,0x22,0x20,0x63,0x6c,0x61,0x73,
  0x73,0x3d,0x22,0x66,0x65,0x61,0x74,0x68,0x65,0x72,0x20,0x66,0x65,0x61,0x74,0x68,
  0x65,0x72,0x2d,0x61,0x72,0x72,0x6f,0x77,0x2d,0x75,0x70,0x22,0x3e,0x3c,0x6c,0x69,
  0x6e,0x65,0x20,0x78,0x31,0x3d,0x22,0x31,0x32,0x22,0x20,0x79,0x31,0x3d,0x22,0x31,
  0x39,0x22,0x20,0x78,0x32,0x3d,0x22,0x31,0x32,0x22,0x20,0x79,0x32,0x3d,0x22,0x35,
  0x22,0x3e,0x3c,0x2f,0x6c,0x69,0x6e,0x65,0x3e,0x3c,0x70,0x6f,0x6c,0x79,0x6c,0x69,
  0x6e,0x65,0x20,0x70,0x6f,0x69,0x6e,0x74,0x73,0x3d,0x22,0x35,0x20,0x31,0x32,0x20,
  0x31,0x32,0x20,0x35,0x20,0x31,0x39,0x20,0x31,0x32,0x22,0x3e,0x3c,0x2f,0x70,0x6f,
  0x6c,0x79,0x6c,0x69,0x6e,0x65,0x3e,0x3c,0x2f,0x73,0x76,0x67,0x3e,
    // battery.svg
  0x0,0x0,0x1,0x3e,
  0x3c,
  0x73,0x76,0x67,0x20,0x78,0x6d,0x6c,0x6e,0x73,0x3d,0x22,0x68,0x74,0x74,0x70,0x3a,
  0x2f,0x2f,0x77,0x77,0x77,0x2e,0x77,0x33,0x2e,0x6f,0x72,0x67,0x2f,0x32,0x30,0x30,
  0x30,0x2f,0x73,0x76,0x67,0x22,0x20,0x77,0x69,0x64,0x74,0x68,0x3d,0x22,0x32,0x34,
  0x22,0x20,0x68,0x65,0x69,0x67,0x68,0x74,0x3d,0x22,0x32,0x34,0x22,0x20,0x76,0x69,
  0x65,0x77,0x42,0x6f,0x78,0x3d,0x22,0x30,0x20,0x30,0x20,0x32,0x34,0x20,0x32,0x34,
  0x22,0x20,0x66,0x69,0x6c,0x6c,0x3d,0x22,0x6e,0x6f,0x6e,0x65,0x22,0x20,0x73,0x74,
  0x72,0x6f,0x6b,0x65,0x3d,0x22,0x23,0x66,0x66,0x66,0x22,0x20,0x73,0x74,0x72,0x6f,
  0x6b,0x65,0x2d,0x77,0x69,0x64,0x74,0x68,0x3d,0x22,0x32,0x22,0x20,0x73,0x74,0x72,
  0x6f,0x6b,0x65,0x2d,0x6c,0x69,0x6e,0x65,0x63,0x61,0x70,0x3d,0x22,0x72,0x6f,0x75,
  0x6e,0x64,0x22,0x20,0x73,0x74,0x72,0x6f,0x6b,0x65,0x2d,0x6c,0x69,0x6e,0x65,0x6a,
  0x6f,0x69,0x6e,0x3d,0x22,0x72,0x6f,0x75,0x6e,0x64,0x22,0x20,0x63,0x6c,0x61,0x73,
  0x73,0x3d,0x22,0x66,0x65,0x61,0x74,0x68,0x65,0x72,0x20,0x66,0x65,0x61,0x74,0x68,
  0x65,0x72,0x2d,0x62,0x61,0x74,0x74,0x65,0x72,0x79,0x22,0x3e,0x3c,0x72,0x65,0x63,
  0x74,0x20,0x78,0x3d,0x22,0x31,0x22,0x20,0x79,0x3d,0x22,0x36,0x22,0x20,0x77,0x69,
  0x64,0x74,0x68,0x3d,0x22,0x31,0x38,0x22,0x20,0x68,0x65,0x69,0x67,0x68,0x74,0x3d,
  0x22,0x31,0x32,0x22,0x20,0x72,0x78,0x3d,0x22,0x32,0x22,0x20,0x72,0x79,0x3d,0x22,
  0x32,0x22,0x3e,0x3c,0x2f,0x72,0x65,0x63,0x74,0x3e,0x3c,0x6c,0x69,0x6e,0x65,0x20,
  0x78,0x31,0x3d,0x22,0x32,0x33,0x22,0x20,0x79,0x31,0x3d,0x22,0x31,0x33,0x22,0x20,
  0x78,0x32,0x3d,0x22,0x32,0x33,0x22,0x20,0x79,0x32,0x3d,0x22,0x31,0x31,0x22,0x3e,
  0x3c,0x2f,0x6c,0x69,0x6e,0x65,0x3e,0x3c,0x2f,0x73,0x76,0x67,0x3e,
    // mic-off.svg
  0x0,0x0,0x1,0xe6,
  0x3c,
  0x73,0x76,0x67,0x20,0x78,0x6d,0x6c,0x6e,0x73,0x3d,0x22,0x68,0x74,0x74,0x70,0x3a,
  0x2f,0x2f,0x77,0x77,0x77,0x2e,0x77,0x33,0x2e,0x6f,0x72,0x67,0x2f,0x32,0x30,0x30,
  0x30,0x2f,0x73,0x76,0x67,0x22,0x20,0x77,0x69,0x64,0x74,0x68,0x3d,0x22,0x32,0x34,
  0x22,0x20,0x68,0x65,0x69,0x67,0x68,0x74,0x3d,0x22,0x32,0x34,0x22,0x20,0x76,0x69,
  0x65,0x77,0x42,0x6f,0x78,0x3d,0x22,0x30,0x20,0x30,0x20,0x32,0x34,0x20,0x32,0x34,
  0x22,0x20,0x66,0x69,0x6c,0x6c,0x3d,0x22,0x6e,0x6f,0x6e,0x65,0x22,0x20,0x73,0x74,
  0x72,0x6f,0x6b,0x65,0x3d,0x22,0x23,0x66,0x66,0x66,0x22,0x20,0x73,0x74,0x72,0x6f,
  0x6b,0x65,0x2d,0x77,0x69,0x64,0x74,0x68,0x3d,0x22,0x32,0x22,0x20,0x73,0x74,0x72,
  0x6f,0x6b,0x65,0x2d,0x6c,0x69,0x6e,0x65,0x63,0x61,0x70,0x3d,0x22,0x72,0x6f,0x75,
  0x6e,0x64,0x22,0x20,0x73,0x74,0x72,0x6f,0x6b,0x65,0x2d,0x6c,0x69,0x6e,0x65,0x6a,
  0x6f,0x69,0x6e,0x3d,0x22,0x72,0x6f,0x75,0x6e,0x64,0x22,0x20,0x63,0x6c,0x61,0x73,
  0x73,0x3d,0x22,0x66,0x65,0x61,0x74,0x68,0x65,0x72,0x20,0x66,0x65,0x61,0x74,0x68,
  0x65,0x72,0x2d,0x6d,0x69,0x63,0x2d,0x6f,0x66,0x66,0x22,0x3e,0x3c,0x6c,0x69,0x6e,
  0x65,0x20,0x78,0x31,0x3d,0x22,0x31,0x22,0x20,0x79,0x31,0x3d,0x22,0x31,0x22,0x20,
  0x78,0x32,0x3d,0x22,0x32,0x33,0x22,0x20,0x79,0x32,0x3d,0x22,0x32,0x33,0x22,0x3e,
  0x3c,0x2f,0x6c,0x69,0x6e,0x65,0x3e,0x3c,0x70,0x61,0x74,0x68,0x20,0x64,0x3d,0x22,
  0x4d,0x39,0x20,0x39,0x76,0x33,0x61,0x33,0x20,0x33,0x20,0x30,0x20,0x30,0x20,0x30,
  0x20,0x35,0x2e,0x31,0x32,0x20,0x32,0x2e,0x31,0x32,0x4d,0x31,0x35,0x20,0x39,0x2e,
  0x33,0x34,0x56,0x34,0x61,0x33,0x20,0x33,0x20,0x30,0x20,0x30,0x20,0x30,0x2d,0x35,
  0x2e,0x39,0x34,0x2d,0x2e,0x36,0x22,0x3e,0x3c,0x2f,0x70,0x61,0x74,0x68,0x3e,0x3c,
  0x70,0x61,0x74,0x68,0x20,0x64,0x3d,0x22,0x4d,0x31,0x37,0x20,0x31,0x36,0x2e,0x39,
  0x35,0x41,0x37,0x20,0x37,0x20,0x30,0x20,0x30,0x20,0x31,0x20,0x35,0x20,0x31,0x32,
  0x76,0x2d,0x32,0x6d,0x31,0x34,0x20,0x30,0x76,0x32,0x61,0x37,0x20,0x37,0x20,0x30,
  0x20,0x30,0x20,0x31,0x2d,0x2e,0x31,0x31,0x20,0x31,0x2e,0x32,0x33,0x22,0x3e,0x3c,
  0x2f,0x70,0x61,0x74,0x68,0x3e,0x3c,0x6c,0x69,0x6e,0x65,0x20,0x78,0x31,0x3d,0x22,
  0x31,0x32,0x22,0x20,0x79,0x31,0x3d,0x22,0x31,0x39,0x22,0x20,0x78,0x32,0x3d,0x22,
  0x31,0x32,0x22,0x20,0x79,0x32,0x3d,0x22,0x32,0x33,0x22,0x3e,0x3c,0x2f,0x6c,0x69,
  0x6e,0x65,0x3e,0x3c,0x6c,0x69,0x6e,0x65,0x20,0x78,0x31,0x3d,0x22,0x38,0x22,0x20,
  0x79,0x31,0x3d,0x22,0x32,0x33,0x22,0x20,0x78,0x32,0x3d,0x22,0x31,0x36,0x22,0x20,
  0x79,0x32,0x3d,0x22,0x32,0x33,0x22,0x3e,0x3c,0x2f,0x6c,0x69,0x6e,0x65,0x3e,0x3c,
  0x2f,0x73,0x76,0x67,0x3e,
    // figma.svg
  0x0,0x0,0x2,0x21,
  0x3c,
  0x73,0x76,0x67,0x20,0x78,0x6d,0x6c,0x6e,0x73,0x3d,0x22,0x68,0x74,0x74,0x70,0x3a,
  0x2f,0x2f,0x77,0x77,0x77,0x2e,0x77,0x33,0x2e,0x6f,0x72,0x67,0x2f,0x32,0x30,0x30,
  0x30,0x2f,0x73,0x76,0x67,0x22,0x20,0x77,0x69,0x64,0x74,0x68,0x3d,0x22,0x32,0x34,
  0x22,0x20,0x68,0x65,0x69,0x67,0x68,0x74,0x3d,0x22,0x32,0x34,0x22,0x20,0x76,0x69,
  0x65,0x77,0x42,0x6f,0x78,0x3d,0x22,0x30,0x20,0x30,0x20,0x32,0x34,0x20,0x32,0x34,
  0x22,0x20,0x66,0x69,0x6c,0x6c,0x3d,0x22,0x6e,0x6f,0x6e,0x65,0x22,0x20,0x73,0x74,
  0x72,0x6f,0x6b,0x65,0x3d,0x22,0x23,0x66,0x66,0x66,0x22,0x20,0x73,0x74,0x72,0x6f,
  0x6b,0x65,0x2d,0x77,0x69,0x64,0x74,0x68,0x3d,0x22,0x32,0x22,0x20,0x73,0x74,0x72,
  0x6f,0x6b,0x65,0x2d,0x6c,0x69,0x6e,0x65,0x63,0x61,0x70,0x3d,0x22,0x72,0x6f,0x75,
  0x6e,0x64,0x22,0x20,0x73,0x74,0x72,0x6f,0x6b,0x65,0x2d,0x6c,0x69,0x6e,0x65,0x6a,
  0x6f,0x69,0x6e,0x3d,0x22,0x72,0x6f,0x75,0x6e,0x64,0x22,0x20,0x63,0x6c,0x61,0x73,
  0x73,0x3d,0x22,0x66,0x65,0x61,0x74,0x68,0x65,0x72,0x20,0x66,0x65,0x61,0x74,0x68,
  0x65,0x72,0x2d,0x66,0x69,0x67,0x6d,0x61,0x22,0x3e,0x3c,0x70,0x61,0x74,0x68,0x20,
  0x64,0x3d,0x22,0x4d,0x35,0x20,0x35,0x2e,0x35,0x41,0x33,0x2e,0x35,0x20,0x33,0x2e,
  0x35,0x20,0x30,0x20,0x30,0x20,0x31,0x20,0x38,0x2e,0x35,0x20,0x32,0x48,0x31,0x32,
  0x76,0x37,0x48,0x38,0x2e,0x35,0x41,0x33,0x2e,0x35,0x20,0x33,0x2e,0x35,0x20,0x30,
  0x20,0x30,0x20,0x31,0x20,0x35,0x20,0x35,0x2e,0x35,0x7a,0x22,0x3e,0x3c,0x2f,0x70,
  0x61,0x74,0x68,0x3e,0x3c,0x70,0x61,0x74,0x68,0x20,0x64,0x3d,0x22,0x4d,0x31,0x32,
  0x20,0x32,0x68,0x33,0x2e,0x35,0x61,0x33,0x2e,0x35,0x20,0x33,0x2e,0x35,0x20,0x30,
  0x20,0x31,0x20,0x31,0x20,0x30,0x20,0x37,0x48,0x31,0x32,0x56,0x32,0x7a,0x22,0x3e,
  0x3c,0x2f,0x70,0x61,0x74,0x68,0x3e,0x3c,0x70,0x61,0x74,0x68,0x20,0x64,0x3d,0x22,
  0x4d,0x31,0x32,0x20,0x31,0x32,0x2e,0x35,0x61,0x33,0x2e,0x35,0x20,0x33,0x2e,0x35,
  0x20,0x30,0x20,0x31,0x20,0x31,0x20,0x37,0x20,0x30,0x20,0x33,0x2e,0x35,0x20,0x33,
  0x2e,0x35,0x20,0x30,0x20,0x31,0x20,0x31,0x2d,0x37,0x20,0x30,0x7a,0x22,0x3e,0x3c,
  0x2f,0x70,0x61,0x74,0x68,0x3e,0x3c,0x70,0x61,0x74,0x68,0x20,0x64,0x3d,0x22,0x4d,
  0x35,0x20,0x31,0x39,0x2e,0x35,0x41,0x33,0x2e,0x35,0x20,0x33,0x2e,0x35,0x20,0x30,
  0x20,0x30,0x20,0x31,0x20,0x38,0x2e,0x35,0x20,0x31,0x36,0x48,0x31,0x32,0x76,0x33,
  0x2e,0x35,0x61,0x33,0x2e,0x35,0x20,0x33,0x2e,0x35,0x20,0x30,0x20,0x31,0x20,0x31,
  0x2d,0x37,0x20,0x30,0x7a,0x22,0x3e,0x3c,0x2f,0x70,0x61,0x74,0x68,0x3e,0x3c,0x70,
  0x61,0x74,0x68,0x20,0x64,0x3d,0x22,0x4d,0x35,0x20,0x31,0x32,0x2e,0x35,0x41,0x33,
  0x2e,0x35,0x20,0x33,0x2e,0x35,0x20,0x30,0x20,0x30,0x20,0x31,0x20,0x38,0x2e,0x35,
  0x20,0x39,0x48,0x31,0x32,0x76,0x37,0x48,0x38,0x2e,0x35,0x41,0x33,0x2e,0x35,0x20,
  0x33,0x2e,0x35,0x20,0x30,0x20,0x30,0x20,0x31,0x20,0x35,0x20,0x31,0x32,0x2e,0x35,
  0x7a,0x22,0x3e,0x3c,0x2f,0x70,0x61,0x74,0x68,0x3e,0x3c,0x2f,0x73,0x76,0x67,0x3e,
  
    // star.svg
  0x0,0x0,0x1,0x4b,
  0x3c,
  0x73,0x76,0x67,0x20,0x78,0x6d,0x6c,0x6e,0x73,0x3d,0x22,0x68,0x74,0x74,0x70,0x3a,
  0x2f,0x2f,0x77,0x77,0x77,0x2e,0x77,0x33,0x2e,0x6f,0x72,0x67,0x2f,0x32,0x30,0x30,
  0x30,0x2f,0x73,0x76,0x67,0x22,0x20,0x77,0x69,0x64,0x74,0x68,0x3d,0x22,0x32,0x34,
  0x22,0x20,0x68,0x65,0x69,0x67,0x68,0x74,0x3d,0x22,0x32,0x34,0x22,0x20,0x76,0x69,
  0x65,0x77,0x42,0x6f,0x78,0x3d,0x22,0x30,0x20,0x30,0x20,0x32,0x34,0x20,0x32,0x34,
  0x22,0x20,0x66,0x69,0x6c,0x6c,0x3d,0x22,0x6e,0x6f,0x6e,0x65,0x22,0x20,0x73,0x74,
  0x72,0x6f,0x6b,0x65,0x3d,0x22,0x23,0x66,0x66,0x66,0x22,0x20,0x73,0x74,0x72,0x6f,
  0x6b,0x65,0x2d,0x77,0x69,0x64,0x74,0x68,0x3d,0x22,0x32,0x22,0x20,0x73,0x74,0x72,
  0x6f,0x6b,0x65,0x2d,0x6c,0x69,0x6e,0x65,0x63,0x61,0x70,0x3d,0x22,0x72,0x6f,0x75,
  0x6e,0x64,0x22,0x20,0x73,0x74,0x72,0x6f,0x6b,0x65,0x2d,0x6c,0x69,0x6e,0x65,0x6a,
  0x6f,0x69,0x6e,0x3d,0x22,0x72,0x6f,0x75,0x6e,0x64,0x22,0x20,0x63,0x6c,0x61,0x73,
  0x73,0x3d,0x22,0x66,0x65,0x61,0x74,0x68,0x65,0x72,0x20,0x66,0x65,0x61,0x74,0x68,
  0x65,0x72,0x2d,0x73,0x74,0x61,0x72,0x22,0x3e,0x3c,0x70,0x6f,0x6c,0x79,0x67,0x6f,
  0x6e,0x20,0x70,0x6f,0x69,0x6e,0x74,0x73,0x3d,0x22,0x31,0x32,0x20,0x32,0x20,0x31,
  0x35,0x2e,0x30,0x39,0x20,0x38,0x2e,0x32,0x36,0x20,0x32,0x32,0x20,0x39,0x2e,0x32,
  0x37,0x20,0x31,0x37,0x20,0x31,0x34,0x2e,0x31,0x34,0x20,0x31,0x38,0x2e,0x31,0x38,
  0x20,0x32,0x31,0x2e,0x30,0x32,0x20,0x31,0x32,0x20,0x31,0x37,0x2e,0x37,0x37,0x20,
  0x35,0x2e,0x38,0x32,0x20,0x32,0x31,0x2e,0x30,0x32,0x20,0x37,0x20,0x31,0x34,0x2e,
  0x31,0x34,0x20,0x32,0x20,0x39,0x2e,0x32,0x37,0x20,0x38,0x2e,0x39,0x31,0x20,0x38,
  0x2e,0x32,0x36,0x20,0x31,0x32,0x20,0x32,0x22,0x3e,0x3c,0x2f,0x70,0x6f,0x6c,0x79,
  0x67,0x6f,0x6e,0x3e,0x3c,0x2f,0x73,0x76,0x67,0x3e,
    // camera.svg
  0x0,0x0,0x1,0x5c,
  0x3c,
  0x73,0x76,0x67,0x20,0x78,0x6d,0x6c,0x6e,0x73,0x3d,0x22,0x68,0x74,0x74,0x70,0x3a,
  0x2f,0x2f,0x77,0x77,0x77,0x2e,0x77,0x33,0x2e,0x6f,0x72,0x67,0x2f,0x32,0x30,0x30,
  0x30,0x2f,0x73,0x76,0x67,0x22,0x20,0x77,0x69,0x64,0x74,0x68,0x3d,0x22,0x32,0x34,
  0x22,0x20,0x68,0x65,0x69,0x67,0x68,0x74,0x3d,0x22,0x32,0x34,0x22,0x20,0x76,0x69,
  0x65,0x77,0x42,0x6f,0x78,0x3d,0x22,0x30,0x20,0x30,0x20,0x32,0x34,0x20,0x32,0x34,
  0x22,0x20,0x66,0x69,0x6c,0x6c,0x3d,0x22,0x6e,0x6f,0x6e,0x65,0x22,0x20,0x73,0x74,
  0x72,0x6f,0x6b,0x65,0x3d,0x22,0x23,0x66,0x66,0x66,0x22,0x20,0x73,0x74,0x72,0x6f,
  0x6b,0x65,0x2d,0x77,0x69,0x64,0x74,0x68,0x3d,0x22,0x32,0x22,0x20,0x73,0x74,0x72,
  0x6f,0x6b,0x65,0x2d,0x6c,0x69,0x6e,0x65,0x63,0x61,0x70,0x3d,0x22,0x72,0x6f,0x75,
  0x6e,0x64,0x22,0x20,0x73,0x74,0x72,0x6f,0x6b,0x65,0x2d,0x6c,0x69,0x6e,0x65,0x6a,
  0x6f,0x69,0x6e,0x3d,0x22,0x72,0x6f,0x75,0x6e,0x64,0x22,0x20,0x63,0x6c,0x61,0x73,
  0x73,0x3d,0x22,0x66,0x65,0x61,0x74,0x68,0x65,0x72,0x20,0x66,0x65,0x61,0x74,0x68,
  0x65,0x72,0x2d,0x63,0x61,0x6d,0x65,0x72,0x61,0x22,0x3e,0x3c,0x70,0x61,0x74,0x68,
  0x20,0x64,0x3d,0x22,0x4d,0x32,0x33,0x20,0x31,0x39,0x61,0x32,0x20,0x32,0x20,0x30,
  0x20,0x30,0x20,0x31,0x2d,0x32,0x20,0x32,0x48,0x33,0x61,0x32,0x20,0x32,0x20,0x30,
  0x20,0x30,0x20,0x31,0x2d,0x32,0x2d,0x32,0x56,0x38,0x61,0x32,0x20,0x32,0x20,0x30,
  0x20,0x30,0x20,0x31,0x20,0x32,0x2d,0x32,0x68,0x34,0x6c,0x32,0x2d,0x33,0x68,0x36,
  0x6c,0x32,0x20,0x33,0x68,0x34,0x61,0x32,0x20,0x32,0x20,0x30,0x20,0x30,0x20,0x31,
  0x20,0x32,0x20,0x32,0x7a,0x22,0x3e,0x3c,0x2f,0x70,0x61,0x74,0x68,0x3e,0x3c,0x63,
  0x69,0x72,0x63,0x6c,0x65,0x20,0x63,0x78,0x3d,0x22,0x31,0x32,0x22,0x20,0x63,0x79,
  0x3d,0x22,0x31,0x33,0x22,0x20,0x72,0x3d,0x22,0x34,0x22,0x3e,0x3c,0x2f,0x63,0x69,
  0x72,0x63,0x6c,0x65,0x3e,0x3c,0x2f,0x73,0x76,0x67,0x3e,
    // activity.svg
  0x0,0x0,0x1,0x12,
  0x3c,
  0x73,0x76,0x67,0x20,0x78,0x6d,0x6c,0x6e,0x73,0x3d,0x22,0x68,0x74,0x74,0x70,0x3a,
  0x2f,0x2f,0x77,0x77,0x77,0x2e,0x77,0x33,0x2e,0x6f,0x72,0x67,0x2f,0x32,0x30,0x30,
  0x30,0x2f,0x73,0x76,0x67,0x22,0x20,0x77,0x69,0x64,0x74,0x68,0x3d,0x22,0x32,0x34,
  0x22,0x20,0x68,0x65,0x69,0x67,0x68,0x74,0x3d,0x22,0x32,0x34,0x22,0x20,0x76,0x69,
  0x65,0x77,0x42,0x6f,0x78,0x3d,0x22,0x30,0x20,0x30,0x20,0x32,0x34,0x20,0x32,0x34,
  0x22,0x20,0x66,0x69,0x6c,0x6c,0x3d,0x22,0x6e,0x6f,0x6e,0x65,0x22,0x20,0x73,0x74,
  0x72,0x6f,0x6b,0x65,0x3d,0x22,0x23,0x66,0x66,0x66,0x22,0x20,0x73,0x74,0x72,0x6f,
  0x6b,0x65,0x2d,0x77,0x69,0x64,0x74,0x68,0x3d,0x22,0x32,0x22,0x20,0x73,0x74,0x72,
  0x6f,0x6b,0x65,0x2d,0x6c,0x69,0x6e,0x65,0x63,0x61,0x70,0x3d,0x22,0x72,0x6f,0x75,
  0x6e,0x64,0x22,0x20,0x73,0x74,0x72,0x6f,0x6b,0x65,0x2d,0x6c,0x69,0x6e,0x65,0x6a,
  0x6f,0x69,0x6e,0x3d,0x22,0x72,0x6f,0x75,0x6e,0x64,0x22,0x20,0x63,0x6c,0x61,0x73,
  0x73,0x3d,0x22,0x66,0x65,0x61,0x74,0x68,0x65,0x72,0x20,0x66,0x65,0x61,0x74,0x68,
  0x65,0x72,0x2d,0x61,0x63,0x74,0x69,0x76,0x69,0x74,0x79,0x22,0x3e,0x3c,0x70,0x6f,
  0x6c,0x79,0x6c,0x69,0x6e,0x65,0x20,0x70,0x6f,0x69,0x6e,0x74,0x73,0x3d,0x22,0x32,
  0x32,0x20,0x31,0x32,0x20,0x31,0x38,0x20,0x31,0x32,0x20,0x31,0x35,0x20,0x32,0x31,
  0x20,0x39,0x20,0x33,0x20,0x36,0x20,0x31,0x32,0x20,0x32,0x20,0x31,0x32,0x22,0x3e,
  0x3c,0x2f,0x70,0x6f,0x6c,0x79,0x6c,0x69,0x6e,0x65,0x3e,0x3c,0x2f,0x73,0x76,0x67,
  0x3e,
    // layout.svg
  0x0,0x0,0x1,0x64,
  0x3c,
  0x73,0x76,0x67,0x20,0x78,0x6d,0x6c,0x6e,0x73,0x3d,0x22,0x68,0x74,0x74,0x70,0x3a,
  0x2f,0x2f,0x77,0x77,0x77,0x2e,0x77,0x33,0x2e,0x6f,0x72,0x67,0x2f,0x32,0x30,0x30,
  0x30,0x2f,0x73,0x76,0x67,0x22,0x20,0x77,0x69,0x64,0x74,0x68,0x3d,0x22,0x32,0x34,
  0x22,0x20,0x68,0x65,0x69,0x67,0x68,0x74,0x3d,0x22,0x32,0x34,0x22,0x20,0x76,0x69,
  0x65,0x77,0x42,0x6f,0x78,0x3d,0x22,0x30,0x20,0x30,0x20,0x32,0x34,0x20,0x32,0x34,
  0x22,0x20,0x66,0x69,0x6c,0x6c,0x3d,0x22,0x6e,0x6f,0x6e,0x65,0x22,0x20,0x73,0x74,
  0x72,0x6f,0x6b,0x65,0x3d,0x22,0x23,0x66,0x66,0x66,0x22,0x20,0x73,0x74,0x72,0x6f,
  0x6b,0x65,0x2d,0x77,0x69,0x64,0x74,0x68,0x3d,0x22,0x32,0x22,0x20,0x73,0x74,0x72,
  0x6f,0x6b,0x65,0x2d,0x6c,0x69,0x6e,0x65,0x63,0x61,0x70,0x3d,0x22,0x72,0x6f,0x75,
  0x6e,0x64,0x22,0x20,0x73,0x74,0x72,0x6f,0x6b,0x65,0x2d,0x6c,0x69,0x6e,0x65,0x6a,
  0x6f,0x69,0x6e,0x3d,0x22,0x72,0x6f,0x75,0x6e,0x64,0x22,0x20,0x63,0x6c,0x61,0x73,
  0x73,0x3d,0x22,0x66,0x65,0x61,0x74,0x68,0x65,0x72,0x20,0x66,0x65,0x61,0x74,0x68,
  0x65,0x72,0x2d,0x6c,0x61,0x79,0x6f,0x75,0x74,0x22,0x3e,0x3c,0x72,0x65,0x63,0x74,
  0x20,0x78,0x3d,0x22,0x33,0x22,0x20,0x79,0x3d,0x22,0x33,0x22,0x20,0x77,0x69,0x64,
  0x74,0x68,0x3d,0x22,0x31,0x38,0x22,0x20,0x68,0x65,0x69,0x67,0x68,0x74,0x3d,0x22,
  0x31,0x38,0x22,0x20,0x72,0x78,0x3d,0x22,0x32,0x22,0x20,0x72,0x79,0x3d,0x22,0x32,
  0x22,0x3e,0x3c,0x2f,0x72,0x65,0x63,0x74,0x3e,0x3c,0x6c,0x69,0x6e,0x65,0x20,0x78,
  0x31,0x3d,0x22,0x33,0x22,0x20,0x79,0x31,0x3d,0x22,0x39,0x22,0x20,0x78,0x32,0x3d,
  0x22,0x32,0x31,0x22,0x20,0x79,0x32,0x3d,0x22,0x39,0x22,0x3e,0x3c,0x2f,0x6c,0x69,
  0x6e,0x65,0x3e,0x3c,0x6c,0x69,0x6e,0x65,0x20,0x78,0x31,0x3d,0x22,0x39,0x22,0x20,
  0x79,0x31,0x3d,0x22,0x32,0x31,0x22,0x20,0x78,0x32,0x3d,0x22,0x39,0x22,0x20,0x79,
  0x32,0x3d,0x22,0x39,0x22,0x3e,0x3c,0x2f,0x6c,0x69,0x6e,0x65,0x3e,0x3c,0x2f,0x73,
  0x76,0x67,0x3e,
    // search.svg
  0x0,0x0,0x1,0x2c,
  0x3c,
  0x73,0x76,0x67,0x20,0x78,0x6d,0x6c,0x6e,0x73,0x3d,0x22,0x68,0x74,0x74,0x70,0x3a,
  0x2f,0x2f,0x77,0x77,0x77,0x2e,0x77,0x33,0x2e,0x6f,0x72,0x67,0x2f,0x32,0x30,0x30,
  0x30,0x2f,0x73,0x76,0x67,0x22,0x20,0x77,0x69,0x64,0x74,0x68,0x3d,0x22,0x32,0x34,
  0x22,0x20,0x68,0x65,0x69,0x67,0x68,0x74,0x3d,0x22,0x32,0x34,0x22,0x20,0x76,0x69,
  0x65,0x77,0x42,0x6f,0x78,0x3d,0x22,0x30,0x20,0x30,0x20,0x32,0x34,0x20,0x32,0x34,
  0x22,0x20,0x66,0x69,0x6c,0x6c,0x3d,0x22,0x6e,0x6f,0x6e,0x65,0x22,0x20,0x73,0x74,
  0x72,0x6f,0x6b,0x65,0x3d,0x22,0x23,0x66,0x66,0x66,0x22,0x20,0x73,0x74,0x72,0x6f,
  0x6b,0x65,0x2d,0x77,0x69,0x64,0x74,0x68,0x3d,0x22,0x32,0x22,0x20,0x73,0x74,0x72,
  0x6f,0x6b,0x65,0x2d,0x6c,0x69,0x6e,0x65,0x63,0x61,0x70,0x3d,0x22,0x72,0x6f,0x75,
  0x6e,0x64,0x22,0x20,0x73,0x74,0x72,0x6f,0x6b,0x65,0x2d,0x6c,0x69,0x6e,0x65,0x6a,
  0x6f,0x69,0x6e,0x3d,0x22,0x72,0x6f,0x75,0x6e,0x64,0x22,0x20,0x63,0x6c,0x61,0x73,
  0x73,0x3d,0x22,0x66,0x65,0x61,0x74,0x68,0x65,0x72,0x20,0x66,0x65,0x61,0x74,0x68,
  0x65,0x72,0x2d,0x73,0x65,0x61,0x72,0x63,0x68,0x22,0x3e,0x3c,0x63,0x69,0x72,0x63,
  0x6c,0x65,0x20,0x63,0x78,0x3d,0x22,0x31,0x31,0x22,0x20,0x63,0x79,0x3d,0x22,0x31,
  0x31,0x22,0x20,0x72,0x3d,0x22,0x38,0x22,0x3e,0x3c,0x2f,0x63,0x69,0x72,0x63,0x6c,
  0x65,0x3e,0x3c,0x6c,0x69,0x6e,0x65,0x20,0x78,0x31,0x3d,0x22,0x32,0x31,0x22,0x20,
  0x79,0x31,0x3d,0x22,0x32,0x31,0x22,0x20,0x78,0x32,0x3d,0x22,0x31,0x36,0x2e,0x36,
  0x35,0x22,0x20,0x79,0x32,0x3d,0x22,0x31,0x36,0x2e,0x36,0x35,0x22,0x3e,0x3c,0x2f,
  0x6c,0x69,0x6e,0x65,0x3e,0x3c,0x2f,0x73,0x76,0x67,0x3e,
    // corner-left-up.svg
  0x0,0x0,0x1,0x30,
  0x3c,
  0x73,0x76,0x67,0x20,0x78,0x6d,0x6c,0x6e,0x73,0x3d,0x22,0x68,0x74,0x74,0x70,0x3a,
  0x2f,0x2f,0x77,0x77,0x77,0x2e,0x77,0x33,0x2e,0x6f,0x72,0x67,0x2f,0x32,0x30,0x30,
  0x30,0x2f,0x73,0x76,0x67,0x22,0x20,0x77,0x69,0x64,0x74,0x68,0x3d,0x22,0x32,0x34,
  0x22,0x20,0x68,0x65,0x69,0x67,0x68,0x74,0x3d,0x22,0x32,0x34,0x22,0x20,0x76,0x69,
  0x65,0x77,0x42,0x6f,0x78,0x3d,0x22,0x30,0x20,0x30,0x20,0x32,0x34,0x20,0x32,0x34,
  0x22,0x20,0x66,0x69,0x6c,0x6c,0x3d,0x22,0x6e,0x6f,0x6e,0x65,0x22,0x20,0x73,0x74,
  0x72,0x6f,0x6b,0x65,0x3d,0x22,0x23,0x66,0x66,0x66,0x22,0x20,0x73,0x74,0x72,0x6f,
  0x6b,0x65,0x2d,0x77,0x69,0x64,0x74,0x68,0x3d,0x22,0x32,0x22,0x20,0x73,0x74,0x72,
  0x6f,0x6b,0x65,0x2d,0x6c,0x69,0x6e,0x65,0x63,0x61,0x70,0x3d,0x22,0x72,0x6f,0x75,
  0x6e,0x64,0x22,0x20,0x73,0x74,0x72,0x6f,0x6b,0x65,0x2d,0x6c,0x69,0x6e,0x65,0x6a,
  0x6f,0x69,0x6e,0x3d,0x22,0x72,0x6f,0x75,0x6e,0x64,0x22,0x20,0x63,0x6c,0x61,0x73,
  0x73,0x3d,0x22,0x66,0x65,0x61,0x74,0x68,0x65,0x72,0x20,0x66,0x65,0x61,0x74,0x68,
  0x65,0x72,0x2d,0x63,0x6f,0x72,0x6e,0x65,0x72,0x2d,0x6c,0x65,0x66,0x74,0x2d,0x75,
  0x70,0x22,0x3e,0x3c,0x70,0x6f,0x6c,0x79,0x6c,0x69,0x6e,0x65,0x20,0x70,0x6f,0x69,
  0x6e,0x74,0x73,0x3d,0x22,0x31,0x34,0x20,0x39,0x20,0x39,0x20,0x34,0x20,0x34,0x20,
  0x39,0x22,0x3e,0x3c,0x2f,0x70,0x6f,0x6c,0x79,0x6c,0x69,0x6e,0x65,0x3e,0x3c,0x70,
  0x61,0x74,0x68,0x20,0x64,0x3d,0x22,0x4d,0x32,0x30,0x20,0x32,0x30,0x68,0x2d,0x37,
  0x61,0x34,0x20,0x34,0x20,0x30,0x20,0x30,0x20,0x31,0x2d,0x34,0x2d,0x34,0x56,0x34,
  0x22,0x3e,0x3c,0x2f,0x70,0x61,0x74,0x68,0x3e,0x3c,0x2f,0x73,0x76,0x67,0x3e,
    // terminal.svg
  0x0,0x0,0x1,0x2e,
  0x3c,
  0x73,0x76,0x67,0x20,0x78,0x6d,0x6c,0x6e,0x73,0x3d,0x22,0x68,0x74,0x74,0x70,0x3a,
  0x2f,0x2f,0x77,0x77,0x77,0x2e,0x77,0x33,0x2e,0x6f,0x72,0x67,0x2f,0x32,0x30,0x30,
  0x30,0x2f,0x73,0x76,0x67,0x22,0x20,0x77,0x69,0x64,0x74,0x68,0x3d,0x22,0x32,0x34,
  0x22,0x20,0x68,0x65,0x69,0x67,0x68,0x74,0x3d,0x22,0x32,0x34,0x22,0x20,0x76,0x69,
  0x65,0x77,0x42,0x6f,0x78,0x3d,0x22,0x30,0x20,0x30,0x20,0x32,0x34,0x20,0x32,0x34,
  0x22,0x20,0x66,0x69,0x6c,0x6c,0x3d,0x22,0x6e,0x6f,0x6e,0x65,0x22,0x20,0x73,0x74,
  0x72,0x6f,0x6b,0x65,0x3d,0x22,0x23,0x66,0x66,0x66,0x22,0x20,0x73,0x74,0x72,0x6f,
  0x6b,0x65,0x2d,0x77,0x69,0x64,0x74,0x68,0x3d,0x22,0x32,0x22,0x20,0x73,0x74,0x72,
  0x6f,0x6b,0x65,0x2d,0x6c,0x69,0x6e,0x65,0x63,0x61,0x70,0x3d,0x22,0x72,0x6f,0x75,
  0x6e,0x64,0x22,0x20,0x73,0x74,0x72,0x6f,0x6b,0x65,0x2d,0x6c,0x69,0x6e,0x65,0x6a,
  0x6f,0x69,0x6e,0x3d,0x22,0x72,0x6f,0x75,0x6e,0x64,0x22,0x20,0x63,0x6c,0x61,0x73,
  0x73,0x3d,0x22,0x66,0x65,0x61,0x74,0x68,0x65,0x72,0x20,0x66,0x65,0x61,0x74,0x68,
  0x65,0x72,0x2d,0x74,0x65,0x72,0x6d,0x69,0x6e,0x61,0x6c,0x22,0x3e,0x3c,0x70,0x6f,
  0x6c,0x79,0x6c,0x69,0x6e,0x65,0x20,0x70,0x6f,0x69,0x6e,0x74,0x73,0x3d,0x22,0x34,
  0x20,0x31,0x37,0x20,0x31,0x30,0x20,0x31,0x31,0x20,0x34,0x20,0x35,0x22,0x3e,0x3c,
  0x2f,0x70,0x6f,0x6c,0x79,0x6c,0x69,0x6e,0x65,0x3e,0x3c,0x6c,0x69,0x6e,0x65,0x20,
  0x78,0x31,0x3d,0x22,0x31,0x32,0x22,0x20,0x79,0x31,0x3d,0x22,0x31,0x39,0x22,0x20,
  0x78,0x32,0x3d,0x22,0x32,0x30,0x22,0x20,0x79,0x32,0x3d,0x22,0x31,0x39,0x22,0x3e,
  0x3c,0x2f,0x6c,0x69,0x6e,0x65,0x3e,0x3c,0x2f,0x73,0x76,0x67,0x3e,
    // thermometer.svg
  0x0,0x0,0x1,0x21,
  0x3c,
  0x73,0x76,0x67,0x20,0x78,0x6d,0x6c,0x6e,0x73,0x3d,0x22,0x68,0x74,0x74,0x70,0x3a,
  0x2f,0x2f,0x77,0x77,0x77,0x2e,0x77,0x33,0x2e,0x6f,0x72,0x67,0x2f,0x32,0x30,0x30,
  0x30,0x2f,0x73,0x76,0x67,0x22,0x20,0x77,0x69,0x64,0x74,0x68,0x3d,0x22,0x32,0x34,
  0x22,0x20,0x68,0x65,0x69,0x67,0x68,0x74,0x3d,0x22,0x32,0x34,0x22,0x20,0x76,0x69,
  0x65,0x77,0x42,0x6f,0x78,0x3d,0x22,0x30,0x20,0x30,0x20,0x32,0x34,0x20,0x32,0x34,
  0x22,0x20,0x66,0x69,0x6c,0x6c,0x3d,0x22,0x6e,0x6f,0x6e,0x65,0x22,0x20,0x73,0x74,
  0x72,0x6f,0x6b,0x65,0x3d,0x22,0x23,0x66,0x66,0x66,0x22,0x20,0x73,0x74,0x72,0x6f,
  0x6b,0x65,0x2d,0x77,0x69,0x64,0x74,0x68,0x3d,0x22,0x32,0x22,0x20,0x73,0x74,0x72,
  0x6f,0x6b,0x65,0x2d,0x6c,0x69,0x6e,0x65,0x63,0x61,0x70,0x3d,0x22,0x72,0x6f,0x75,
  0x6e,0x64,0x22,0x20,0x73,0x74,0x72,0x6f,0x6b,0x65,0x2d,0x6c,0x69,0x6e,0x65,0x6a,
  0x6f,0x69,0x6e,0x3d,0x22,0x72,0x6f,0x75,0x6e,0x64,0x22,0x20,0x63,0x6c,0x61,0x73,
  0x73,0x3d,0x22,0x66,0x65,0x61,0x74,0x68,0x65,0x72,0x20,0x66,0x65,0x61,0x74,0x68,
  0x65,0x72,0x2d,0x74,0x68,0x65,0x72,0x6d,0x6f,0x6d,0x65,0x74,0x65,0x72,0x22,0x3e,
  0x3c,0x70,0x61,0x74,0x68,0x20,0x64,0x3d,0x22,0x4d,0x31,0x34,0x20,0x31,0x34,0x2e,
  0x37,0x36,0x56,0x33,0x2e,0x35,0x61,0x32,0x2e,0x35,0x20,0x32,0x2e,0x35,0x20,0x30,
  0x20,0x30,0x20,0x30,0x2d,0x35,0x20,0x30,0x76,0x31,0x31,0x2e,0x32,0x36,0x61,0x34,
  0x2e,0x35,0x20,0x34,0x2e,0x35,0x20,0x30,0x20,0x31,0x20,0x30,0x20,0x35,0x20,0x30,
  0x7a,0x22,0x3e,0x3c,0x2f,0x70,0x61,0x74,0x68,0x3e,0x3c,0x2f,0x73,0x76,0x67,0x3e,
  
    // wifi-off.svg
  0x0,0x0,0x2,0x31,
  0x3c,
  0x73,0x76,0x67,0x20,0x78,0x6d,0x6c,0x6e,0x73,0x3d,0x22,0x68,0x74,0x74,0x70,0x3a,
  0x2f,0x2f,0x77,0x77,0x77,0x2e,0x77,0x33,0x2e,0x6f,0x72,0x67,0x2f,0x32,0x30,0x30,
  0x30,0x2f,0x73,0x76,0x67,0x22,0x20,0x77,0x69,0x64,0x74,0x68,0x3d,0x22,0x32,0x34,
  0x22,0x20,0x68,0x65,0x69,0x67,0x68,0x74,0x3d,0x22,0x32,0x34,0x22,0x20,0x76,0x69,
  0x65,0x77,0x42,0x6f,0x78,0x3d,0x22,0x30,0x20,0x30,0x20,0x32,0x34,0x20,0x32,0x34,
  0x22,0x20,0x66,0x69,0x6c,0x6c,0x3d,0x22,0x6e,0x6f,0x6e,0x65,0x22,0x20,0x73,0x74,
  0x72,0x6f,0x6b,0x65,0x3d,0x22,0x23,0x66,0x66,0x66,0x22,0x20,0x73,0x74,0x72,0x6f,
  0x6b,0x65,0x2d,0x77,0x69,0x64,0x74,0x68,0x3d,0x22,0x32,0x22,0x20,0x73,0x74,0x72,
  0x6f,0x6b,0x65,0x2d,0x6c,0x69,0x6e,0x65,0x63,0x61,0x70,0x3d,0x22,0x72,0x6f,0x75,
  0x6e,0x64,0x22,0x20,0x73,0x74,0x72,0x6f,0x6b,0x65,0x2d,0x6c,0x69,0x6e,0x65,0x6a,
  0x6f,0x69,0x6e,0x3d,0x22,0x72,0x6f,0x75,0x6e,0x64,0x22,0x20,0x63,0x6c,0x61,0x73,
  0x73,0x3d,0x22,0x66,0x65,0x61,0x74,0x68,0x65,0x72,0x20,0x66,0x65,0x61,0x74,0x68,
  0x65,0x72,0x2d,0x77,0x69,0x66,0x69,0x2d,0x6f,0x66,0x66,0x22,0x3e,0x3c,0x6c,0x69,
  0x6e,0x65,0x20,0x78,0x31,0x3d,0x22,0x31,0x22,0x20,0x79,0x31,0x3d,0x22,0x31,0x22,
  0x20,0x78,0x32,0x3d,0x22,0x32,0x33,0x22,0x20,0x79,0x32,0x3d,0x22,0x32,0x33,0x22,
  0x3e,0x3c,0x2f,0x6c,0x69,0x6e,0x65,0x3e,0x3c,0x70,0x61,0x74,0x68,0x20,0x64,0x3d,
  0x22,0x4d,0x31,0x36,0x2e,0x37,0x32,0x20,0x31,0x31,0x2e,0x30,0x36,0x41,0x31,0x30,
  0x2e,0x39,0x34,0x20,0x31,0x30,0x2e,0x39,0x34,0x20,0x30,0x20,0x30,0x20,0x31,0x20,
  0x31,0x39,0x20,0x31,0x32,0x2e,0x35,0x35,0x22,0x3e,0x3c,0x2f,0x70,0x61,0x74,0x68,
  0x3e,0x3c,0x70,0x61,0x74,0x68,0x20,0x64,0x3d,0x22,0x4d,0x35,0x20,0x31,0x32,0x2e,
  0x35,0x35,0x61,0x31,0x30,0x2e,0x39,0x34,0x20,0x31,0x30,0x2e,0x39,0x34,0x20,0x30,
  0x20,0x30,0x20,0x31,0x20,0x35,0x2e,0x31,0x37,0x2d,0x32,0x2e,0x33,0x39,0x22,0x3e,
  0x3c,0x2f,0x70,0x61,0x74,0x68,0x3e,0x3c,0x70,0x61,0x74,0x68,0x20,0x64,0x3d,0x22,
  0x4d,0x31,0x30,0x2e,0x37,0x31,0x20,0x35,0x2e,0x30,0x35,0x41,0x31,0x36,0x20,0x31,
  0x36,0x20,0x30,0x20,0x30,0x20,0x31,0x20,0x32,0x32,0x2e,0x35,0x38,0x20,0x39,0x22,
  0x3e,0x3c,0x2f,0x70,0x61,0x74,0x68,0x3e,0x3c,0x70,0x61,0x74,0x68,0x20,0x64,0x3d,
  0x22,0x4d,0x31,0x2e,0x34,0x32,0x20,0x39,0x61,0x31,0x35,0x2e,0x39,0x31,0x20,0x31,
  0x35,0x2e,0x39,0x31,0x20,0x30,0x20,0x30,0x20,0x31,0x20,0x34,0x2e,0x37,0x2d,0x32,
  0x2e,0x38,0x38,0x22,0x3e,0x3c,0x2f,0x70,0x61,0x74,0x68,0x3e,0x3c,0x70,0x61,0x74,
  0x68,0x20,0x64,0x3d,0x22,0x4d,0x38,0x2e,0x35,0x33,0x20,0x31,0x36,0x2e,0x31,0x31,
  0x61,0x36,0x20,0x36,0x20,0x30,0x20,0x30,0x20,0x31,0x20,0x36,0x2e,0x39,0x35,0x20,
  0x30,0x22,0x3e,0x3c,0x2f,0x70,0x61,0x74,0x68,0x3e,0x3c,0x6c,0x69,0x6e,0x65,0x20,
  0x78,0x31,0x3d,0x22,0x31,0x32,0x22,0x20,0x79,0x31,0x3d,0x22,0x32,0x30,0x22,0x20,
  0x78,0x32,0x3d,0x22,0x31,0x32,0x2e,0x30,0x31,0x22,0x20,0x79,0x32,0x3d,0x22,0x32,
  0x30,0x22,0x3e,0x3c,0x2f,0x6c,0x69,0x6e,0x65,0x3e,0x3c,0x2f,0x73,0x76,0x67,0x3e,
  
    // trash-2.svg
  0x0,0x0,0x1,0xb8,
  0x3c,
  0x73,0x76,0x67,0x20,0x78,0x6d,0x6c,0x6e,0x73,0x3d,0x22,0x68,0x74,0x74,0x70,0x3a,
  0x2f,0x2f,0x77,0x77,0x77,0x2e,0x77,0x33,0x2e,0x6f,0x72,0x67,0x2f,0x32,0x30,0x30,
  0x30,0x2f,0x73,0x76,0x67,0x22,0x20,0x77,0x69,0x64,0x74,0x68,0x3d,0x22,0x32,0x34,
  0x22,0x20,0x68,0x65,0x69,0x67,0x68,0x74,0x3d,0x22,0x32,0x34,0x22,0x20,0x76,0x69,
  0x65,0x77,0x42,0x6f,0x78,0x3d,0x22,0x30,0x20,0x30,0x20,0x32,0x34,0x20,0x32,0x34,
  0x22,0x20,0x66,0x69,0x6c,0x6c,0x3d,0x22,0x6e,0x6f,0x6e,0x65,0x22,0x20,0x73,0x74,
  0x72,0x6f,0x6b,0x65,0x3d,0x22,0x23,0x66,0x66,0x66,0x22,0x20,0x73,0x74,0x72,0x6f,
  0x6b,0x65,0x2d,0x77,0x69,0x64,0x74,0x68,0x3d,0x22,0x32,0x22,0x20,0x73,0x74,0x72,
  0x6f,0x6b,0x65,0x2d,0x6c,0x69,0x6e,0x65,0x63,0x61,0x70,0x3d,0x22,0x72,0x6f,0x75,
  0x6e,0x64,0x22,0x20,0x73,0x74,0x72,0x6f,0x6b,0x65,0x2d,0x6c,0x69,0x6e,0x65,0x6a,
  0x6f,0x69,0x6e,0x3d,0x22,0x72,0x6f,0x75,0x6e,0x64,0x22,0x20,0x63,0x6c,0x61,0x73,
  0x73,0x3d,0x22,0x66,0x65,0x61,0x74,0x68,0x65,0x72,0x20,0x66,0x65,0x61,0x74,0x68,
  0x65,0x72,0x2d,0x74,0x72,0x61,0x73,0x68,0x2d,0x32,0x22,0x3e,0x3c,0x70,0x6f,0x6c,
  0x79,0x6c,0x69,0x6e,0x65,0x20,0x70,0x6f,0x69,0x6e,0x74,0x73,0x3d,0x22,0x33,0x20,
  0x36,0x20,0x35,0x20,0x36,0x20,0x32,0x31,0x20,0x36,0x22,0x3e,0x3c,0x2f,0x70,0x6f,
  0x6c,0x79,0x6c,0x69,0x6e,0x65,0x3e,0x3c,0x70,0x61,0x74,0x68,0x20,0x64,0x3d,0x22,
  0x4d,0x31,0x39,0x20,0x36,0x76,0x31,0x34,0x61,0x32,0x20,0x32,0x20,0x30,0x20,0x30,
  0x20,0x31,0x2d,0x32,0x20,0x32,0x48,0x37,0x61,0x32,0x20,0x32,0x20,0x30,0x20,0x30,
  0x20,0x31,0x2d,0x32,0x2d,0x32,0x56,0x36,0x6d,0x33,0x20,0x30,0x56,0x34,0x61,0x32,
  0x20,0x32,0x20,0x30,0x20,0x30,0x20,0x31,0x20,0x32,0x2d,0x32,0x68,0x34,0x61,0x32,
  0x20,0x32,0x20,0x30,0x20,0x30,0x20,0x31,0x20,0x32,0x20,0x32,0x76,0x32,0x22,0x3e,
  0x3c,0x2f,0x70,0x61,0x74,0x68,0x3e,0x3c,0x6c,0x69,0x6e,0x65,0x20,0x78,0x31,0x3d,
  0x22,0x31,0x30,0x22,0x20,0x79,0x31,0x3d,0x22,0x31,0x31,0x22,0x20,0x78,0x32,0x3d,
  0x22,0x31,0x30,0x22,0x20,0x79,0x32,0x3d,0x22,0x31,0x37,0x22,0x3e,0x3c,0x2f,0x6c,
  0x69,0x6e,0x65,0x3e,0x3c,0x6c,0x69,0x6e,0x65,0x20,0x78,0x31,0x3d,0x22,0x31,0x34,
  0x22,0x20,0x79,0x31,0x3d,0x22,0x31,0x31,0x22,0x20,0x78,0x32,0x3d,0x22,0x31,0x34,
  0x22,0x20,0x79,0x32,0x3d,0x22,0x31,0x37,0x22,0x3e,0x3c,0x2f,0x6c,0x69,0x6e,0x65,
  0x3e,0x3c,0x2f,0x73,0x76,0x67,0x3e,
    // maximize-2.svg
  0x0,0x0,0x1,0x88,
  0x3c,
  0x73,0x76,0x67,0x20,0x78,0x6d,0x6c,0x6e,0x73,0x3d,0x22,0x68,0x74,0x74,0x70,0x3a,
  0x2f,0x2f,0x77,0x77,0x77,0x2e,0x77,0x33,0x2e,0x6f,0x72,0x67,0x2f,0x32,0x30,0x30,
  0x30,0x2f,0x73,0x76,0x67,0x22,0x20,0x77,0x69,0x64,0x74,0x68,0x3d,0x22,0x32,0x34,
  0x22,0x20,0x68,0x65,0x69,0x67,0x68,0x74,0x3d,0x22,0x32,0x34,0x22,0x20,0x76,0x69,
  0x65,0x77,0x42,0x6f,0x78,0x3d,0x22,0x30,0x20,0x30,0x20,0x32,0x34,0x20,0x32,0x34,
  0x22,0x20,0x66,0x69,0x6c,0x6c,0x3d,0x22,0x6e,0x6f,0x6e,0x65,0x22,0x20,0x73,0x74,
  0x72,0x6f,0x6b,0x65,0x3d,0x22,0x23,0x66,0x66,0x66,0x22,0x20,0x73,0x74,0x72,0x6f,
  0x6b,0x65,0x2d,0x77,0x69,0x64,0x74,0x68,0x3d,0x22,0x32,0x22,0x20,0x73,0x74,0x72,
  0x6f,0x6b,0x65,0x2d,0x6c,0x69,0x6e,0x65,0x63,0x61,0x70,0x3d,0x22,0x72,0x6f,0x75,
  0x6e,0x64,0x22,0x20,0x73,0x74,0x72,0x6f,0x6b,0x65,0x2d,0x6c,0x69,0x6e,0x65,0x6a,
  0x6f,0x69,0x6e,0x3d,0x22,0x72,0x6f,0x75,0x6e,0x64,0x22,0x20,0x63,0x6c,0x61,0x73,
  0x73,0x3d,0x22,0x66,0x65,0x61,0x74,0x68,0x65,0x72,0x20,0x66,0x65,0x61,0x74,0x68,
  0x65,0x72,0x2d,0x6d,0x61,0x78,0x69,0x6d,0x69,0x7a,0x65,0x2d,0x32,0x22,0x3e,0x3c,
  0x70,0x6f,0x6c,0x79,0x6c,0x69,0x6e,0x65,0x20,0x70,0x6f,0x69,0x6e,0x74,0x73,0x3d,
  0x22,0x31,0x35,0x20,0x33,0x20,0x32,0x31,0x20,0x33,0x20,0x32,0x31,0x20,0x39,0x22,
  0x3e,0x3c,0x2f,0x70,0x6f,0x6c,0x79,0x6c,0x69,0x6e,0x65,0x3e,0x3c,0x70,0x6f,0x6c,
  0x79,0x6c,0x69,0x6e,0x65,0x20,0x70,0x6f,0x69,0x6e,0x74,0x73,0x3d,0x22,0x39,0x20,
  0x32,0x31,0x20,0x33,0x20,0x32,0x31,0x20,0x33,0x20,0x31,0x35,0x22,0x3e,0x3c,0x2f,
  0x70,0x6f,0x6c,0x79,0x6c,0x69,0x6e,0x65,0x3e,0x3c,0x6c,0x69,0x6e,0x65,0x20,0x78,
  0x31,0x3d,0x22,0x32,0x31,0x22,0x20,0x79,0x31,0x3d,0x22,0x33,0x22,0x20,0x78,0x32,
  0x3d,0x22,0x31,0x34,0x22,0x20,0x79,0x32,0x3d,0x22,0x31,0x30,0x22,0x3e,0x3c,0x2f,
  0x6c,0x69,0x6e,0x65,0x3e,0x3c,0x6c,0x69,0x6e,0x65,0x20,0x78,0x31,0x3d,0x22,0x33,
  0x22,0x20,0x79,0x31,0x3d,0x22,0x32,0x31,0x22,0x20,0x78,0x32,0x3d,0x22,0x31,0x30,
  0x22,0x20,0x79,0x32,0x3d,0x22,0x31,0x34,0x22,0x3e,0x3c,0x2f,0x6c,0x69,0x6e,0x65,
  0x3e,0x3c,0x2f,0x73,0x76,0x67,0x3e,
    // bell.svg
  0x0,0x0,0x1,0x39,
  0x3c,
  0x73,0x76,0x67,0x20,0x78,0x6d,0x6c,0x6e,0x73,0x3d,0x22,0x68,0x74,0x74,0x70,0x3a,
  0x2f,0x2f,0x77,0x77,0x77,0x2e,0x77,0x33,0x2e,0x6f,0x72,0x67,0x2f,0x32,0x30,0x30,
  0x30,0x2f,0x73,0x76,0x67,0x22,0x20,0x77,0x69,0x64,0x74,0x68,0x3d,0x22,0x32,0x34,
  0x22,0x20,0x68,0x65,0x69,0x67,0x68,0x74,0x3d,0x22,0x32,0x34,0x22,0x20,0x76,0x69,
  0x65,0x77,0x42,0x6f,0x78,0x3d,0x22,0x30,0x20,0x30,0x20,0x32,0x34,0x20,0x32,0x34,
  0x22,0x20,0x66,0x69,0x6c,0x6c,0x3d,0x22,0x6e,0x6f,0x6e,0x65,0x22,0x20,0x73,0x74,
  0x72,0x6f,0x6b,0x65,0x3d,0x22,0x23,0x66,0x66,0x66,0x22,0x20,0x73,0x74,0x72,0x6f,
  0x6b,0x65,0x2d,0x77,0x69,0x64,0x74,0x68,0x3d,0x22,0x32,0x22,0x20,0x73,0x74,0x72,
  0x6f,0x6b,0x65,0x2d,0x6c,0x69,0x6e,0x65,0x63,0x61,0x70,0x3d,0x22,0x72,0x6f,0x75,
  0x6e,0x64,0x22,0x20,0x73,0x74,0x72,0x6f,0x6b,0x65,0x2d,0x6c,0x69,0x6e,0x65,0x6a,
  0x6f,0x69,0x6e,0x3d,0x22,0x72,0x6f,0x75,0x6e,0x64,0x22,0x20,0x63,0x6c,0x61,0x73,
  0x73,0x3d,0x22,0x66,0x65,0x61,0x74,0x68,0x65,0x72,0x20,0x66,0x65,0x61,0x74,0x68,
  0x65,0x72,0x2d,0x62,0x65,0x6c,0x6c,0x22,0x3e,0x3c,0x70,0x61,0x74,0x68,0x20,0x64,
  0x3d,0x22,0x4d,0x31,0x38,0x20,0x38,0x41,0x36,0x20,0x36,0x20,0x30,0x20,0x30,0x20,
  0x30,0x20,0x36,0x20,0x38,0x63,0x30,0x20,0x37,0x2d,0x33,0x20,0x39,0x2d,0x33,0x20,
  0x39,0x68,0x31,0x38,0x73,0x2d,0x33,0x2d,0x32,0x2d,0x33,0x2d,0x39,0x22,0x3e,0x3c,
  0x2f,0x70,0x61,0x74,0x68,0x3e,0x3c,0x70,0x61,0x74,0x68,0x20,0x64,0x3d,0x22,0x4d,
  0x31,0x33,0x2e,0x37,0x33,0x20,0x32,0x31,0x61,0x32,0x20,0x32,0x20,0x30,0x20,0x30,
  0x20,0x31,0x2d,0x33,0x2e,0x34,0x36,0x20,0x30,0x22,0x3e,0x3c,0x2f,0x70,0x61,0x74,
  0x68,0x3e,0x3c,0x2f,0x73,0x76,0x67,0x3e,
    // bell-off.svg
  0x0,0x0,0x1,0xc4,
  0x3c,
  0x73,0x76,0x67,0x20,0x78,0x6d,0x6c,0x6e,0x73,0x3d,0x22,0x68,0x74,0x74,0x70,0x3a,
  0x2f,0x2f,0x77,0x77,0x77,0x2e,0x77,0x33,0x2e,0x6f,0x72,0x67,0x2f,0x32,0x30,0x30,
  0x30,0x2f,0x73,0x76,0x67,0x22,0x20,0x77,0x69,0x64,0x74,0x68,0x3d,0x22,0x32,0x34,
  0x22,0x20,0x68,0x65,0x69,0x67,0x68,0x74,0x3d,0x22,0x32,0x34,0x22,0x20,0x76,0x69,
  0x65,0x77,0x42,0x6f,0x78,0x3d,0x22,0x30,0x20,0x30,0x20,0x32,0x34,0x20,0x32,0x34,
  0x22,0x20,0x66,0x69,0x6c,0x6c,0x3d,0x22,0x6e,0x6f,0x6e,0x65,0x22,0x20,0x73,0x74,
  0x72,0x6f,0x6b,0x65,0x3d,0x22,0x23,0x66,0x66,0x66,0x22,0x20,0x73,0x74,0x72,0x6f,
  0x6b,0x65,0x2d,0x77,0x69,0x64,0x74,0x68,0x3d,0x22,0x32,0x22,0x20,0x73,0x74,0x72,
  0x6f,0x6b,0x65,0x2d,0x6c,0x69,0x6e,0x65,0x63,0x61,0x70,0x3d,0x22,0x72,0x6f,0x75,
  0x6e,0x64,0x22,0x20,0x73,0x74,0x72,0x6f,0x6b,0x65,0x2d,0x6c,0x69,0x6e,0x65,0x6a,
  0x6f,0x69,0x6e,0x3d,0x22,0x72,0x6f,0x75,0x6e,0x64,0x22,0x20,0x63,0x6c,0x61,0x73,
  0x73,0x3d,0x22,0x66,0x65,0x61,0x74,0x68,0x65,0x72,0x20,0x66,0x65,0x61,0x74,0x68,
  0x65,0x72,0x2d,0x62,0x65,0x6c,0x6c,0x2d,0x6f,0x66,0x66,0x22,0x3e,0x3c,0x70,0x61,
  0x74,0x68,0x20,0x64,0x3d,0x22,0x4d,0x31,0x33,0x2e,0x37,0x33,0x20,0x32,0x31,0x61,
  0x32,0x20,0x32,0x20,0x30,0x20,0x30,0x20,0x31,0x2d,0x33,0x2e,0x34,0x36,0x20,0x30,
  0x22,0x3e,0x3c,0x2f,0x70,0x61,0x74,0x68,0x3e,0x3c,0x70,0x61,0x74,0x68,0x20,0x64,
  0x3d,0x22,0x4d,0x31,0x38,0x2e,0x36,0x33,0x20,0x31,0x33,0x41,0x31,0x37,0x2e,0x38,
  0x39,0x20,0x31,0x37,0x2e,0x38,0x39,0x20,0x30,0x20,0x30,0x20,0x31,0x20,0x31,0x38,
  0x20,0x38,0x22,0x3e,0x3c,0x2f,0x70,0x61,0x74,0x68,0x3e,0x3c,0x70,0x61,0x74,0x68,
  0x20,0x64,0x3d,0x22,0x4d,0x36,0x2e,0x32,0x36,0x20,0x36,0x2e,0x32,0x36,0x41,0x35,
  0x2e,0x38,0x36,0x20,0x35,0x2e,0x38,0x36,0x20,0x30,0x20,0x30,0x20,0x30,0x20,0x36,
  0x20,0x38,0x63,0x30,0x20,0x37,0x2d,0x33,0x20,0x39,0x2d,0x33,0x20,0x39,0x68,0x31,
  0x34,0x22,0x3e,0x3c,0x2f,0x70,0x61,0x74,0x68,0x3e,0x3c,0x70,0x61,0x74,0x68,0x20,
  0x64,0x3d,0x22,0x4d,0x31,0x38,0x20,0x38,0x61,0x36,0x20,0x36,0x20,0x30,0x20,0x30,
  0x20,0x30,0x2d,0x39,0x2e,0x33,0x33,0x2d,0x35,0x22,0x3e,0x3c,0x2f,0x70,0x61,0x74,
  0x68,0x3e,0x3c,0x6c,0x69,0x6e,0x65,0x20,0x78,0x31,0x3d,0x22,0x31,0x22,0x20,0x79,
  0x31,0x3d,0x22,0x31,0x22,0x20,0x78,0x32,0x3d,0x22,0x32,0x33,0x22,0x20,0x79,0x32,
  0x3d,0x22,0x32,0x33,0x22,0x3e,0x3c,0x2f,0x6c,0x69,0x6e,0x65,0x3e,0x3c,0x2f,0x73,
  0x76,0x67,0x3e,
    // phone-off.svg
  0x0,0x0,0x2,0x47,
  0x3c,
  0x73,0x76,0x67,0x20,0x78,0x6d,0x6c,0x6e,0x73,0x3d,0x22,0x68,0x74,0x74,0x70,0x3a,
  0x2f,0x2f,0x77,0x77,0x77,0x2e,0x77,0x33,0x2e,0x6f,0x72,0x67,0x2f,0x32,0x30,0x30,
  0x30,0x2f,0x73,0x76,0x67,0x22,0x20,0x77,0x69,0x64,0x74,0x68,0x3d,0x22,0x32,0x34,
  0x22,0x20,0x68,0x65,0x69,0x67,0x68,0x74,0x3d,0x22,0x32,0x34,0x22,0x20,0x76,0x69,
  0x65,0x77,0x42,0x6f,0x78,0x3d,0x22,0x30,0x20,0x30,0x20,0x32,0x34,0x20,0x32,0x34,
  0x22,0x20,0x66,0x69,0x6c,0x6c,0x3d,0x22,0x6e,0x6f,0x6e,0x65,0x22,0x20,0x73,0x74,
  0x72,0x6f,0x6b,0x65,0x3d,0x22,0x23,0x66,0x66,0x66,0x22,0x20,0x73,0x74,0x72,0x6f,
  0x6b,0x65,0x2d,0x77,0x69,0x64,0x74,0x68,0x3d,0x22,0x32,0x22,0x20,0x73,0x74,0x72,
  0x6f,0x6b,0x65,0x2d,0x6c,0x69,0x6e,0x65,0x63,0x61,0x70,0x3d,0x22,0x72,0x6f,0x75,
  0x6e,0x64,0x22,0x20,0x73,0x74,0x72,0x6f,0x6b,0x65,0x2d,0x6c,0x69,0x6e,0x65,0x6a,
  0x6f,0x69,0x6e,0x3d,0x22,0x72,0x6f,0x75,0x6e,0x64,0x22,0x20,0x63,0x6c,0x61,0x73,
  0x73,0x3d,0x22,0x66,0x65,0x61,0x74,0x68,0x65,0x72,0x20,0x66,0x65,0x61,0x74,0x68,
  0x65,0x72,0x2d,0x70,0x68,0x6f,0x6e,0x65,0x2d,0x6f,0x66,0x66,0x22,0x3e,0x3c,0x70,
  0x61,0x74,0x68,0x20,0x64,0x3d,0x22,0x4d,0x31,0x30,0x2e,0x36,0x38,0x20,0x31,0x33,
  0x2e,0x33,0x31,0x61,0x31,0x36,0x20,0x31,0x36,0x20,0x30,0x20,0x30,0x20,0x30,0x20,
  0x33,0x2e,0x34,0x31,0x20,0x32,0x2e,0x36,0x6c,0x31,0x2e,0x32,0x37,0x2d,0x31,0x2e,
  0x32,0x37,0x61,0x32,0x20,0x32,0x20,0x30,0x20,0x30,0x20,0x31,0x20,0x32,0x2e,0x31,
  0x31,0x2d,0x2e,0x34,0x35,0x20,0x31,0x32,0x2e,0x38,0x34,0x20,0x31,0x32,0x2e,0x38,
  0x34,0x20,0x30,0x20,0x30,0x20,0x30,0x20,0x32,0x2e,0x38,0x31,0x2e,0x37,0x20,0x32,
  0x20,0x32,0x20,0x30,0x20,0x30,0x20,0x31,0x20,0x31,0x2e,0x37,0x32,0x20,0x32,0x76,
  0x33,0x61,0x32,0x20,0x32,0x20,0x30,0x20,0x30,0x20,0x31,0x2d,0x32,0x2e,0x31,0x38,
  0x20,0x32,0x20,0x31,0x39,0x2e,0x37,0x39,0x20,0x31,0x39,0x2e,0x37,0x39,0x20,0x30,
  0x20,0x30,0x20,0x31,0x2d,0x38,0x2e,0x36,0x33,0x2d,0x33,0x2e,0x30,0x37,0x20,0x31,
  0x39,0x2e,0x34,0x32,0x20,0x31,0x39,0x2e,0x34,0x32,0x20,0x30,0x20,0x30,0x20,0x31,
  0x2d,0x33,0x2e,0x33,0x33,0x2d,0x32,0x2e,0x36,0x37,0x6d,0x2d,0x32,0x2e,0x36,0x37,
  0x2d,0x33,0x2e,0x33,0x34,0x61,0x31,0x39,0x2e,0x37,0x39,0x20,0x31,0x39,0x2e,0x37,
  0x39,0x20,0x30,0x20,0x30,0x20,0x31,0x2d,0x33,0x2e,0x30,0x37,0x2d,0x38,0x2e,0x36,
  0x33,0x41,0x32,0x20,0x32,0x20,0x30,0x20,0x30,0x20,0x31,0x20,0x34,0x2e,0x31,0x31,
  0x20,0x32,0x68,0x33,0x61,0x32,0x20,0x32,0x20,0x30,0x20,0x30,0x20,0x31,0x20,0x32,
  0x20,0x31,0x2e,0x37,0x32,0x20,0x31,0x32,0x2e,0x38,0x34,0x20,0x31,0x32,0x2e,0x38,
  0x34,0x20,0x30,0x20,0x30,0x20,0x30,0x20,0x2e,0x37,0x20,0x32,0x2e,0x38,0x31,0x20,
  0x32,0x20,0x32,0x20,0x30,0x20,0x30,0x20,0x31,0x2d,0x2e,0x34,0x35,0x20,0x32,0x2e,
  0x31,0x31,0x4c,0x38,0x2e,0x30,0x39,0x20,0x39,0x2e,0x39,0x31,0x22,0x3e,0x3c,0x2f,
  0x70,0x61,0x74,0x68,0x3e,0x3c,0x6c,0x69,0x6e,0x65,0x20,0x78,0x31,0x3d,0x22,0x32,
  0x33,0x22,0x20,0x79,0x31,0x3d,0x22,0x31,0x22,0x20,0x78,0x32,0x3d,0x22,0x31,0x22,
  0x20,0x79,0x32,0x3d,0x22,0x32,0x33,0x22,0x3e,0x3c,0x2f,0x6c,0x69,0x6e,0x65,0x3e,
  0x3c,0x2f,0x73,0x76,0x67,0x3e,
    // thumbs-down.svg
  0x0,0x0,0x1,0x6e,
  0x3c,
  0x73,0x76,0x67,0x20,0x78,0x6d,0x6c,0x6e,0x73,0x3d,0x22,0x68,0x74,0x74,0x70,0x3a,
  0x2f,0x2f,0x77,0x77,0x77,0x2e,0x77,0x33,0x2e,0x6f,0x72,0x67,0x2f,0x32,0x30,0x30,
  0x30,0x2f,0x73,0x76,0x67,0x22,0x20,0x77,0x69,0x64,0x74,0x68,0x3d,0x22,0x32,0x34,
  0x22,0x20,0x68,0x65,0x69,0x67,0x68,0x74,0x3d,0x22,0x32,0x34,0x22,0x20,0x76,0x69,
  0x65,0x77,0x42,0x6f,0x78,0x3d,0x22,0x30,0x20,0x30,0x20,0x32,0x34,0x20,0x32,0x34,
  0x22,0x20,0x66,0x69,0x6c,0x6c,0x3d,0x22,0x6e,0x6f,0x6e,0x65,0x22,0x20,0x73,0x74,
  0x72,0x6f,0x6b,0x65,0x3d,0x22,0x23,0x66,0x66,0x66,0x22,0x20,0x73,0x74,0x72,0x6f,
  0x6b,0x65,0x2d,0x77,0x69,0x64,0x74,0x68,0x3d,0x22,0x32,0x22,0x20,0x73,0x74,0x72,
  0x6f,0x6b,0x65,0x2d,0x6c,0x69,0x6e,0x65,0x63,0x61,0x70,0x3d,0x22,0x72,0x6f,0x75,
  0x6e,0x64,0x22,0x20,0x73,0x74,0x72,0x6f,0x6b,0x65,0x2d,0x6c,0x69,0x6e,0x65,0x6a,
  0x6f,0x69,0x6e,0x3d,0x22,0x72,0x6f,0x75,0x6e,0x64,0x22,0x20,0x63,0x6c,0x61,0x73,
  0x73,0x3d,0x22,0x66,0x65,0x61,0x74,0x68,0x65,0x72,0x20,0x66,0x65,0x61,0x74,0x68,
  0x65,0x72,0x2d,0x74,0x68,0x75,0x6d,0x62,0x73,0x2d,0x64,0x6f,0x77,0x6e,0x22,0x3e,
  0x3c,0x70,0x61,0x74,0x68,0x20,0x64,0x3d,0x22,0x4d,0x31,0x30,0x20,0x31,0x35,0x76,
  0x34,0x61,0x33,0x20,0x33,0x20,0x30,0x20,0x30,0x20,0x30,0x20,0x33,0x20,0x33,0x6c,
  0x34,0x2d,0x39,0x56,0x32,0x48,0x35,0x2e,0x37,0x32,0x61,0x32,0x20,0x32,0x20,0x30,
  0x20,0x30,0x20,0x30,0x2d,0x32,0x20,0x31,0x2e,0x37,0x6c,0x2d,0x31,0x2e,0x33,0x38,
  0x20,0x39,0x61,0x32,0x20,0x32,0x20,0x30,0x20,0x30,0x20,0x30,0x20,0x32,0x20,0x32,
  0x2e,0x33,0x7a,0x6d,0x37,0x2d,0x31,0x33,0x68,0x32,0x2e,0x36,0x37,0x41,0x32,0x2e,
  0x33,0x31,0x20,0x32,0x2e,0x33,0x31,0x20,0x30,0x20,0x30,0x20,0x31,0x20,0x32,0x32,
  0x20,0x34,0x76,0x37,0x61,0x32,0x2e,0x33,0x31,0x20,0x32,0x2e,0x33,0x31,0x20,0x30,
  0x20,0x30,0x20,0x31,0x2d,0x32,0x2e,0x33,0x33,0x20,0x32,0x48,0x31,0x37,0x22,0x3e,
  0x3c,0x2f,0x70,0x61,0x74,0x68,0x3e,0x3c,0x2f,0x73,0x76,0x67,0x3e,
    // plus.svg
  0x0,0x0,0x1,0x28,
  0x3c,
  0x73,0x76,0x67,0x20,0x78,0x6d,0x6c,0x6e,0x73,0x3d,0x22,0x68,0x74,0x74,0x70,0x3a,
  0x2f,0x2f,0x77,0x77,0x77,0x2e,0x77,0x33,0x2e,0x6f,0x72,0x67,0x2f,0x32,0x30,0x30,
  0x30,0x2f,0x73,0x76,0x67,0x22,0x20,0x77,0x69,0x64,0x74,0x68,0x3d,0x22,0x32,0x34,
  0x22,0x20,0x68,0x65,0x69,0x67,0x68,0x74,0x3d,0x22,0x32,0x34,0x22,0x20,0x76,0x69,
  0x65,0x77,0x42,0x6f,0x78,0x3d,0x22,0x30,0x20,0x30,0x20,0x32,0x34,0x20,0x32,0x34,
  0x22,0x20,0x66,0x69,0x6c,0x6c,0x3d,0x22,0x6e,0x6f,0x6e,0x65,0x22,0x20,0x73,0x74,
  0x72,0x6f,0x6b,0x65,0x3d,0x22,0x23,0x66,0x66,0x66,0x22,0x20,0x73,0x74,0x72,0x6f,
  0x6b,0x65,0x2d,0x77,0x69,0x64,0x74,0x68,0x3d,0x22,0x32,0x22,0x20,0x73,0x74,0x72,
  0x6f,0x6b,0x65,0x2d,0x6c,0x69,0x6e,0x65,0x63,0x61,0x70,0x3d,0x22,0x72,0x6f,0x75,
  0x6e,0x64,0x22,0x20,0x73,0x74,0x72,0x6f,0x6b,0x65,0x2d,0x6c,0x69,0x6e,0x65,0x6a,
  0x6f,0x69,0x6e,0x3d,0x22,0x72,0x6f,0x75,0x6e,0x64,0x22,0x20,0x63,0x6c,0x61,0x73,
  0x73,0x3d,0x22,0x66,0x65,0x61,0x74,0x68,0x65,0x72,0x20,0x66,0x65,0x61,0x74,0x68,
  0x65,0x72,0x2d,0x70,0x6c,0x75,0x73,0x22,0x3e,0x3c,0x6c,0x69,0x6e,0x65,0x20,0x78,
  0x31,0x3d,0x22,0x31,0x32,0x22,0x20,0x79,0x31,0x3d,0x22,0x35,0x22,0x20,0x78,0x32,
  0x3d,0x22,0x31,0x32,0x22,0x20,0x79,0x32,0x3d,0x22,0x31,0x39,0x22,0x3e,0x3c,0x2f,
  0x6c,0x69,0x6e,0x65,0x3e,0x3c,0x6c,0x69,0x6e,0x65,0x20,0x78,0x31,0x3d,0x22,0x35,
  0x22,0x20,0x79,0x31,0x3d,0x22,0x31,0x32,0x22,0x20,0x78,0x32,0x3d,0x22,0x31,0x39,
  0x22,0x20,0x79,0x32,0x3d,0x22,0x31,0x32,0x22,0x3e,0x3c,0x2f,0x6c,0x69,0x6e,0x65,
  0x3e,0x3c,0x2f,0x73,0x76,0x67,0x3e,
    // filter.svg
  0x0,0x0,0x1,0x1a,
  0x3c,
  0x73,0x76,0x67,0x20,0x78,0x6d,0x6c,0x6e,0x73,0x3d,0x22,0x68,0x74,0x74,0x70,0x3a,
  0x2f,0x2f,0x77,0x77,0x77,0x2e,0x77,0x33,0x2e,0x6f,0x72,0x67,0x2f,0x32,0x30,0x30,
  0x30,0x2f,0x73,0x76,0x67,0x22,0x20,0x77,0x69,0x64,0x74,0x68,0x3d,0x22,0x32,0x34,
  0x22,0x20,0x68,0x65,0x69,0x67,0x68,0x74,0x3d,0x22,0x32,0x34,0x22,0x20,0x76,0x69,
  0x65,0x77,0x42,0x6f,0x78,0x3d,0x22,0x30,0x20,0x30,0x20,0x32,0x34,0x20,0x32,0x34,
  0x22,0x20,0x66,0x69,0x6c,0x6c,0x3d,0x22,0x6e,0x6f,0x6e,0x65,0x22,0x20,0x73,0x74,
  0x72,0x6f,0x6b,0x65,0x3d,0x22,0x23,0x66,0x66,0x66,0x22,0x20,0x73,0x74,0x72,0x6f,
  0x6b,0x65,0x2d,0x77,0x69,0x64,0x74,0x68,0x3d,0x22,0x32,0x22,0x20,0x73,0x74,0x72,
  0x6f,0x6b,0x65,0x2d,0x6c,0x69,0x6e,0x65,0x63,0x61,0x70,0x3d,0x22,0x72,0x6f,0x75,
  0x6e,0x64,0x22,0x20,0x73,0x74,0x72,0x6f,0x6b,0x65,0x2d,0x6c,0x69,0x6e,0x65,0x6a,
  0x6f,0x69,0x6e,0x3d,0x22,0x72,0x6f,0x75,0x6e,0x64,0x22,0x20,0x63,0x6c,0x61,0x73,
  0x73,0x3d,0x22,0x66,0x65,0x61,0x74,0x68,0x65,0x72,0x20,0x66,0x65,0x61,0x74,0x68,
  0x65,0x72,0x2d,0x66,0x69,0x6c,0x74,0x65,0x72,0x22,0x3e,0x3c,0x70,0x6f,0x6c,0x79,
  0x67,0x6f,0x6e,0x20,0x70,0x6f,0x69,0x6e,0x74,0x73,0x3d,0x22,0x32,0x32,0x20,0x33,
  0x20,0x32,0x20,0x33,0x20,0x31,0x30,0x20,0x31,0x32,0x2e,0x34,0x36,0x20,0x31,0x30,
  0x20,0x31,0x39,0x20,0x31,0x34,0x20,0x32,0x31,0x20,0x31,0x34,0x20,0x31,0x32,0x2e,
  0x34,0x36,0x20,0x32,0x32,0x20,0x33,0x22,0x3e,0x3c,0x2f,0x70,0x6f,0x6c,0x79,0x67,
  0x6f,0x6e,0x3e,0x3c,0x2f,0x73,0x76,0x67,0x3e,
    // slash.svg
  0x0,0x0,0x1,0x30,
  0x3c,
  0x73,0x76,0x67,0x20,0x78,0x6d,0x6c,0x6e,0x73,0x3d,0x22,0x68,0x74,0x74,0x70,0x3a,
  0x2f,0x2f,0x77,0x77,0x77,0x2e,0x77,0x33,0x2e,0x6f,0x72,0x67,0x2f,0x32,0x30,0x30,
  0x30,0x2f,0x73,0x76,0x67,0x22,0x20,0x77,0x69,0x64,0x74,0x68,0x3d,0x22,0x32,0x34,
  0x22,0x20,0x68,0x65,0x69,0x67,0x68,0x74,0x3d,0x22,0x32,0x34,0x22,0x20,0x76,0x69,
  0x65,0x77,0x42,0x6f,0x78,0x3d,0x22,0x30,0x20,0x30,0x20,0x32,0x34,0x20,0x32,0x34,
  0x22,0x20,0x66,0x69,0x6c,0x6c,0x3d,0x22,0x6e,0x6f,0x6e,0x65,0x22,0x20,0x73,0x74,
  0x72,0x6f,0x6b,0x65,0x3d,0x22,0x23,0x66,0x66,0x66,0x22,0x20,0x73,0x74,0x72,0x6f,
  0x6b,0x65,0x2d,0x77,0x69,0x64,0x74,0x68,0x3d,0x22,0x32,0x22,0x20,0x73,0x74,0x72,
  0x6f,0x6b,0x65,0x2d,0x6c,0x69,0x6e,0x65,0x63,0x61,0x70,0x3d,0x22,0x72,0x6f,0x75,
  0x6e,0x64,0x22,0x20,0x73,0x74,0x72,0x6f,0x6b,0x65,0x2d,0x6c,0x69,0x6e,0x65,0x6a,
  0x6f,0x69,0x6e,0x3d,0x22,0x72,0x6f,0x75,0x6e,0x64,0x22,0x20,0x63,0x6c,0x61,0x73,
  0x73,0x3d,0x22,0x66,0x65,0x61,0x74,0x68,0x65,0x72,0x20,0x66,0x65,0x61,0x74,0x68,
  0x65,0x72,0x2d,0x73,0x6c,0x61,0x73,0x68,0x22,0x3e,0x3c,0x63,0x69,0x72,0x63,0x6c,
  0x65,0x20,0x63,0x78,0x3d,0x22,0x31,0x32,0x22,0x20,0x63,0x79,0x3d,0x22,0x31,0x32,
  0x22,0x20,0x72,0x3d,0x22,0x31,0x30,0x22,0x3e,0x3c,0x2f,0x63,0x69,0x72,0x63,0x6c,
  0x65,0x3e,0x3c,0x6c,0x69,0x6e,0x65,0x20,0x78,0x31,0x3d,0x22,0x34,0x2e,0x39,0x33,
  0x22,0x20,0x79,0x31,0x3d,0x22,0x34,0x2e,0x39,0x33,0x22,0x20,0x78,0x32,0x3d,0x22,
  0x31,0x39,0x2e,0x30,0x37,0x22,0x20,0x79,0x32,0x3d,0x22,0x31,0x39,0x2e,0x30,0x37,
  0x22,0x3e,0x3c,0x2f,0x6c,0x69,0x6e,0x65,0x3e,0x3c,0x2f,0x73,0x76,0x67,0x3e,
    // percent.svg
  0x0,0x0,0x1,0x56,
  0x3c,
  0x73,0x76,0x67,0x20,0x78,0x6d,0x6c,0x6e,0x73,0x3d,0x22,0x68,0x74,0x74,0x70,0x3a,
  0x2f,0x2f,0x77,0x77,0x77,0x2e,0x77,0x33,0x2e,0x6f,0x72,0x67,0x2f,0x32,0x30,0x30,
  0x30,0x2f,0x73,0x76,0x67,0x22,0x20,0x77,0x69,0x64,0x74,0x68,0x3d,0x22,0x32,0x34,
  0x22,0x20,0x68,0x65,0x69,0x67,0x68,0x74,0x3d,0x22,0x32,0x34,0x22,0x20,0x76,0x69,
  0x65,0x77,0x42,0x6f,0x78,0x3d,0x22,0x30,0x20,0x30,0x20,0x32,0x34,0x20,0x32,0x34,
  0x22,0x20,0x66,0x69,0x6c,0x6c,0x3d,0x22,0x6e,0x6f,0x6e,0x65,0x22,0x20,0x73,0x74,
  0x72,0x6f,0x6b,0x65,0x3d,0x22,0x23,0x66,0x66,0x66,0x22,0x20,0x73,0x74,0x72,0x6f,
  0x6b,0x65,0x2d,0x77,0x69,0x64,0x74,0x68,0x3d,0x22,0x32,0x22,0x20,0x73,0x74,0x72,
  0x6f,0x6b,0x65,0x2d,0x6c,0x69,0x6e,0x65,0x63,0x61,0x70,0x3d,0x22,0x72,0x6f,0x75,
  0x6e,0x64,0x22,0x20,0x73,0x74,0x72,0x6f,0x6b,0x65,0x2d,0x6c,0x69,0x6e,0x65,0x6a,
  0x6f,0x69,0x6e,0x3d,0x22,0x72,0x6f,0x75,0x6e,0x64,0x22,0x20,0x63,0x6c,0x61,0x73,
  0x73,0x3d,0x22,0x66,0x65,0x61,0x74,0x68,0x65,0x72,0x20,0x66,0x65,0x61,0x74,0x68,
  0x65,0x72,0x2d,0x70,0x65,0x72,0x63,0x65,0x6e,0x74,0x22,0x3e,0x3c,0x6c,0x69,0x6e,
  0x65,0x20,0x78,0x31,0x3d,0x22,0x31,0x39,0x22,0x20,0x79,0x31,0x3d,0x22,0x35,0x22,
  0x20,0x78,0x32,0x3d,0x22,0x35,0x22,0x20,0x79,0x32,0x3d,0x22,0x31,0x39,0x22,0x3e,
  0x3c,0x2f,0x6c,0x69,0x6e,0x65,0x3e,0x3c,0x63,0x69,0x72,0x63,0x6c,0x65,0x20,0x63,
  0x78,0x3d,0x22,0x36,0x2e,0x35,0x22,0x20,0x63,0x79,0x3d,0x22,0x36,0x2e,0x35,0x22,
  0x20,0x72,0x3d,0x22,0x32,0x2e,0x35,0x22,0x3e,0x3c,0x2f,0x63,0x69,0x72,0x63,0x6c,
  0x65,0x3e,0x3c,0x63,0x69,0x72,0x63,0x6c,0x65,0x20,0x63,0x78,0x3d,0x22,0x31,0x37,
  0x2e,0x35,0x22,0x20,0x63,0x79,0x3d,0x22,0x31,0x37,0x2e,0x35,0x22,0x20,0x72,0x3d,
  0x22,0x32,0x2e,0x35,0x22,0x3e,0x3c,0x2f,0x63,0x69,0x72,0x63,0x6c,0x65,0x3e,0x3c,
  0x2f,0x73,0x76,0x67,0x3e,
    // radio.svg
  0x0,0x0,0x1,0x7d,
  0x3c,
  0x73,0x76,0x67,0x20,0x78,0x6d,0x6c,0x6e,0x73,0x3d,0x22,0x68,0x74,0x74,0x70,0x3a,
  0x2f,0x2f,0x77,0x77,0x77,0x2e,0x77,0x33,0x2e,0x6f,0x72,0x67,0x2f,0x32,0x30,0x30,
  0x30,0x2f,0x73,0x76,0x67,0x22,0x20,0x77,0x69,0x64,0x74,0x68,0x3d,0x22,0x32,0x34,
  0x22,0x20,0x68,0x65,0x69,0x67,0x68,0x74,0x3d,0x22,0x32,0x34,0x22,0x20,0x76,0x69,
  0x65,0x77,0x42,0x6f,0x78,0x3d,0x22,0x30,0x20,0x30,0x20,0x32,0x34,0x20,0x32,0x34,
  0x22,0x20,0x66,0x69,0x6c,0x6c,0x3d,0x22,0x6e,0x6f,0x6e,0x65,0x22,0x20,0x73,0x74,
  0x72,0x6f,0x6b,0x65,0x3d,0x22,0x23,0x66,0x66,0x66,0x22,0x20,0x73,0x74,0x72,0x6f,
  0x6b,0x65,0x2d,0x77,0x69,0x64,0x74,0x68,0x3d,0x22,0x32,0x22,0x20,0x73,0x74,0x72,
  0x6f,0x6b,0x65,0x2d,0x6c,0x69,0x6e,0x65,0x63,0x61,0x70,0x3d,0x22,0x72,0x6f,0x75,
  0x6e,0x64,0x22,0x20,0x73,0x74,0x72,0x6f,0x6b,0x65,0x2d,0x6c,0x69,0x6e,0x65,0x6a,
  0x6f,0x69,0x6e,0x3d,0x22,0x72,0x6f,0x75,0x6e,0x64,0x22,0x20,0x63,0x6c,0x61,0x73,
  0x73,0x3d,0x22,0x66,0x65,0x61,0x74,0x68,0x65,0x72,0x20,0x66,0x65,0x61,0x74,0x68,
  0x65,0x72,0x2d,0x72,0x61,0x64,0x69,0x6f,0x22,0x3e,0x3c,0x63,0x69,0x72,0x63,0x6c,
  0x65,0x20,0x63,0x78,0x3d,0x22,0x31,0x32,0x22,0x20,0x63,0x79,0x3d,0x22,0x31,0x32,
  0x22,0x20,0x72,0x3d,0x22,0x32,0x22,0x3e,0x3c,0x2f,0x63,0x69,0x72,0x63,0x6c,0x65,
  0x3e,0x3c,0x70,0x61,0x74,0x68,0x20,0x64,0x3d,0x22,0x4d,0x31,0x36,0x2e,0x32,0x34,
  0x20,0x37,0x2e,0x37,0x36,0x61,0x36,0x20,0x36,0x20,0x30,0x20,0x30,0x20,0x31,0x20,
  0x30,0x20,0x38,0x2e,0x34,0x39,0x6d,0x2d,0x38,0x2e,0x34,0x38,0x2d,0x2e,0x30,0x31,
  0x61,0x36,0x20,0x36,0x20,0x30,0x20,0x30,0x20,0x31,0x20,0x30,0x2d,0x38,0x2e,0x34,
  0x39,0x6d,0x31,0x31,0x2e,0x33,0x31,0x2d,0x32,0x2e,0x38,0x32,0x61,0x31,0x30,0x20,
  0x31,0x30,0x20,0x30,0x20,0x30,0x20,0x31,0x20,0x30,0x20,0x31,0x34,0x2e,0x31,0x34,
  0x6d,0x2d,0x31,0x34,0x2e,0x31,0x34,0x20,0x30,0x61,0x31,0x30,0x20,0x31,0x30,0x20,
  0x30,0x20,0x30,0x20,0x31,0x20,0x30,0x2d,0x31,0x34,0x2e,0x31,0x34,0x22,0x3e,0x3c,
  0x2f,0x70,0x61,0x74,0x68,0x3e,0x3c,0x2f,0x73,0x76,0x67,0x3e,
    // disc.svg
  0x0,0x0,0x1,0x1f,
  0x3c,
  0x73,0x76,0x67,0x20,0x78,0x6d,0x6c,0x6e,0x73,0x3d,0x22,0x68,0x74,0x74,0x70,0x3a,
  0x2f,0x2f,0x77,0x77,0x77,0x2e,0x77,0x33,0x2e,0x6f,0x72,0x67,0x2f,0x32,0x30,0x30,
  0x30,0x2f,0x73,0x76,0x67,0x22,0x20,0x77,0x69,0x64,0x74,0x68,0x3d,0x22,0x32,0x34,
  0x22,0x20,0x68,0x65,0x69,0x67,0x68,0x74,0x3d,0x22,0x32,0x34,0x22,0x20,0x76,0x69,
  0x65,0x77,0x42,0x6f,0x78,0x3d,0x22,0x30,0x20,0x30,0x20,0x32,0x34,0x20,0x32,0x34,
  0x22,0x20,0x66,0x69,0x6c,0x6c,0x3d,0x22,0x6e,0x6f,0x6e,0x65,0x22,0x20,0x73,0x74,
  0x72,0x6f,0x6b,0x65,0x3d,0x22,0x23,0x66,0x66,0x66,0x22,0x20,0x73,0x74,0x72,0x6f,
  0x6b,0x65,0x2d,0x77,0x69,0x64,0x74,0x68,0x3d,0x22,0x32,0x22,0x20,0x73,0x74,0x72,
  0x6f,0x6b,0x65,0x2d,0x6c,0x69,0x6e,0x65,0x63,0x61,0x70,0x3d,0x22,0x72,0x6f,0x75,
  0x6e,0x64,0x22,0x20,0x73,0x74,0x72,0x6f,0x6b,0x65,0x2d,0x6c,0x69,0x6e,0x65,0x6a,
  0x6f,0x69,0x6e,0x3d,0x22,0x72,0x6f,0x75,0x6e,0x64,0x22,0x20,0x63,0x6c,0x61,0x73,
  0x73,0x3d,0x22,0x66,0x65,0x61,0x74,0x68,0x65,0x72,0x20,0x66,0x65,0x61,0x74,0x68,
  0x65,0x72,0x2d,0x64,0x69,0x73,0x63,0x22,0x3e,0x3c,0x63,0x69,0x72,0x63,0x6c,0x65,
  0x20,0x63,0x78,0x3d,0x22,0x31,0x32,0x22,0x20,0x63,0x79,0x3d,0x22,0x31,0x32,0x22,
  0x20,0x72,0x3d,0x22,0x31,0x30,0x22,0x3e,0x3c,0x2f,0x63,0x69,0x72,0x63,0x6c,0x65,
  0x3e,0x3c,0x63,0x69,0x72,0x63,0x6c,0x65,0x20,0x63,0x78,0x3d,0x22,0x31,0x32,0x22,
  0x20,0x63,0x79,0x3d,0x22,0x31,0x32,0x22,0x20,0x72,0x3d,0x22,0x33,0x22,0x3e,0x3c,
  0x2f,0x63,0x69,0x72,0x63,0x6c,0x65,0x3e,0x3c,0x2f,0x73,0x76,0x67,0x3e,
    // navigation.svg
  0x0,0x0,0x1,0xd,
  0x3c,
  0x73,0x76,0x67,0x20,0x78,0x6d,0x6c,0x6e,0x73,0x3d,0x22,0x68,0x74,0x74,0x70,0x3a,
  0x2f,0x2f,0x77,0x77,0x77,0x2e,0x77,0x33,0x2e,0x6f,0x72,0x67,0x2f,0x32,0x30,0x30,
  0x30,0x2f,0x73,0x76,0x67,0x22,0x20,0x77,0x69,0x64,0x74,0x68,0x3d,0x22,0x32,0x34,
  0x22,0x20,0x68,0x65,0x69,0x67,0x68,0x74,0x3d,0x22,0x32,0x34,0x22,0x20,0x76,0x69,
  0x65,0x77,0x42,0x6f,0x78,0x3d,0x22,0x30,0x20,0x30,0x20,0x32,0x34,0x20,0x32,0x34,
  0x22,0x20,0x66,0x69,0x6c,0x6c,0x3d,0x22,0x6e,0x6f,0x6e,0x65,0x22,0x20,0x73,0x74,
  0x72,0x6f,0x6b,0x65,0x3d,0x22,0x23,0x66,0x66,0x66,0x22,0x20,0x73,0x74,0x72,0x6f,
  0x6b,0x65,0x2d,0x77,0x69,0x64,0x74,0x68,0x3d,0x22,0x32,0x22,0x20,0x73,0x74,0x72,
  0x6f,0x6b,0x65,0x2d,0x6c,0x69,0x6e,0x65,0x63,0x61,0x70,0x3d,0x22,0x72,0x6f,0x75,
  0x6e,0x64,0x22,0x20,0x73,0x74,0x72,0x6f,0x6b,0x65,0x2d,0x6c,0x69,0x6e,0x65,0x6a,
  0x6f,0x69,0x6e,0x3d,0x22,0x72,0x6f,0x75,0x6e,0x64,0x22,0x20,0x63,0x6c,0x61,0x73,
  0x73,0x3d,0x22,0x66,0x65,0x61,0x74,0x68,0x65,0x72,0x20,0x66,0x65,0x61,0x74,0x68,
  0x65,0x72,0x2d,0x6e,0x61,0x76,0x69,0x67,0x61,0x74,0x69,0x6f,0x6e,0x22,0x3e,0x3c,
  0x70,0x6f,0x6c,0x79,0x67,0x6f,0x6e,0x20,0x70,0x6f,0x69,0x6e,0x74,0x73,0x3d,0x22,
  0x33,0x20,0x31,0x31,0x20,0x32,0x32,0x20,0x32,0x20,0x31,0x33,0x20,0x32,0x31,0x20,
  0x31,0x31,0x20,0x31,0x33,0x20,0x33,0x20,0x31,0x31,0x22,0x3e,0x3c,0x2f,0x70,0x6f,
  0x6c,0x79,0x67,0x6f,0x6e,0x3e,0x3c,0x2f,0x73,0x76,0x67,0x3e,
    // divide-circle.svg
  0x0,0x0,0x1,0x85,
  0x3c,
  0x73,0x76,0x67,0x20,0x78,0x6d,0x6c,0x6e,0x73,0x3d,0x22,0x68,0x74,0x74,0x70,0x3a,
  0x2f,0x2f,0x77,0x77,0x77,0x2e,0x77,0x33,0x2e,0x6f,0x72,0x67,0x2f,0x32,0x30,0x30,
  0x30,0x2f,0x73,0x76,0x67,0x22,0x20,0x77,0x69,0x64,0x74,0x68,0x3d,0x22,0x32,0x34,
  0x22,0x20,0x68,0x65,0x69,0x67,0x68,0x74,0x3d,0x22,0x32,0x34,0x22,0x20,0x76,0x69,
  0x65,0x77,0x42,0x6f,0x78,0x3d,0x22,0x30,0x20,0x30,0x20,0x32,0x34,0x20,0x32,0x34,
  0x22,0x20,0x66,0x69,0x6c,0x6c,0x3d,0x22,0x6e,0x6f,0x6e,0x65,0x22,0x20,0x73,0x74,
  0x72,0x6f,0x6b,0x65,0x3d,0x22,0x23,0x66,0x66,0x66,0x22,0x20,0x73,0x74,0x72,0x6f,
  0x6b,0x65,0x2d,0x77,0x69,0x64,0x74,0x68,0x3d,0x22,0x32,0x22,0x20,0x73,0x74,0x72,
  0x6f,0x6b,0x65,0x2d,0x6c,0x69,0x6e,0x65,0x63,0x61,0x70,0x3d,0x22,0x72,0x6f,0x75,
  0x6e,0x64,0x22,0x20,0x73,0x74,0x72,0x6f,0x6b,0x65,0x2d,0x6c,0x69,0x6e,0x65,0x6a,
  0x6f,0x69,0x6e,0x3d,0x22,0x72,0x6f,0x75,0x6e,0x64,0x22,0x20,0x63,0x6c,0x61,0x73,
  0x73,0x3d,0x22,0x66,0x65,0x61,0x74,0x68,0x65,0x72,0x20,0x66,0x65,0x61,0x74,0x68,
  0x65,0x72,0x2d,0x64,0x69,0x76,0x69,0x64,0x65,0x2d,0x63,0x69,0x72,0x63,0x6c,0x65,
  0x22,0x3e,0x3c,0x6c,0x69,0x6e,0x65,0x20,0x78,0x31,0x3d,0x22,0x38,0x22,0x20,0x79,
  0x31,0x3d,0x22,0x31,0x32,0x22,0x20,0x78,0x32,0x3d,0x22,0x31,0x36,0x22,0x20,0x79,
  0x32,0x3d,0x22,0x31,0x32,0x22,0x3e,0x3c,0x2f,0x6c,0x69,0x6e,0x65,0x3e,0x3c,0x6c,
  0x69,0x6e,0x65,0x20,0x78,0x31,0x3d,0x22,0x31,0x32,0x22,0x20,0x79,0x31,0x3d,0x22,
  0x31,0x36,0x22,0x20,0x78,0x32,0x3d,0x22,0x31,0x32,0x22,0x20,0x79,0x32,0x3d,0x22,
  0x31,0x36,0x22,0x3e,0x3c,0x2f,0x6c,0x69,0x6e,0x65,0x3e,0x3c,0x6c,0x69,0x6e,0x65,
  0x20,0x78,0x31,0x3d,0x22,0x31,0x32,0x22,0x20,0x79,0x31,0x3d,0x22,0x38,0x22,0x20,
  0x78,0x32,0x3d,0x22,0x31,0x32,0x22,0x20,0x79,0x32,0x3d,0x22,0x38,0x22,0x3e,0x3c,
  0x2f,0x6c,0x69,0x6e,0x65,0x3e,0x3c,0x63,0x69,0x72,0x63,0x6c,0x65,0x20,0x63,0x78,
  0x3d,0x22,0x31,0x32,0x22,0x20,0x63,0x79,0x3d,0x22,0x31,0x32,0x22,0x20,0x72,0x3d,
  0x22,0x31,0x30,0x22,0x3e,0x3c,0x2f,0x63,0x69,0x72,0x63,0x6c,0x65,0x3e,0x3c,0x2f,
  0x73,0x76,0x67,0x3e,
    // wifi.svg
  0x0,0x0,0x1,0x89,
  0x3c,
  0x73,0x76,0x67,0x20,0x78,0x6d,0x6c,0x6e,0x73,0x3d,0x22,0x68,0x74,0x74,0x70,0x3a,
  0x2f,0x2f,0x77,0x77,0x77,0x2e,0x77,0x33,0x2e,0x6f,0x72,0x67,0x2f,0x32,0x30,0x30,
  0x30,0x2f,0x73,0x76,0x67,0x22,0x20,0x77,0x69,0x64,0x74,0x68,0x3d,0x22,0x32,0x34,
  0x22,0x20,0x68,0x65,0x69,0x67,0x68,0x74,0x3d,0x22,0x32,0x34,0x22,0x20,0x76,0x69,
  0x65,0x77,0x42,0x6f,0x78,0x3d,0x22,0x30,0x20,0x30,0x20,0x32,0x34,0x20,0x32,0x34,
  0x22,0x20,0x66,0x69,0x6c,0x6c,0x3d,0x22,0x6e,0x6f,0x6e,0x65,0x22,0x20,0x73,0x74,
  0x72,0x6f,0x6b,0x65,0x3d,0x22,0x23,0x66,0x66,0x66,0x22,0x20,0x73,0x74,0x72,0x6f,
  0x6b,0x65,0x2d,0x77,0x69,0x64,0x74,0x68,0x3d,0x22,0x32,0x22,0x20,0x73,0x74,0x72,
  0x6f,0x6b,0x65,0x2d,0x6c,0x69,0x6e,0x65,0x63,0x61,0x70,0x3d,0x22,0x72,0x6f,0x75,
  0x6e,0x64,0x22,0x20,0x73,0x74,0x72,0x6f,0x6b,0x65,0x2d,0x6c,0x69,0x6e,0x65,0x6a,
  0x6f,0x69,0x6e,0x3d,0x22,0x72,0x6f,0x75,0x6e,0x64,0x22,0x20,0x63,0x6c,0x61,0x73,
  0x73,0x3d,0x22,0x66,0x65,0x61,0x74,0x68,0x65,0x72,0x20,0x66,0x65,0x61,0x74,0x68,
  0x65,0x72,0x2d,0x77,0x69,0x66,0x69,0x22,0x3e,0x3c,0x70,0x61,0x74,0x68,0x20,0x64,
  0x3d,0x22,0x4d,0x35,0x20,0x31,0x32,0x2e,0x35,0x35,0x61,0x31,0x31,0x20,0x31,0x31,
  0x20,0x30,0x20,0x30,0x20,0x31,0x20,0x31,0x34,0x2e,0x30,0x38,0x20,0x30,0x22,0x3e,
  0x3c,0x2f,0x70,0x61,0x74,0x68,0x3e,0x3c,0x70,0x61,0x74,0x68,0x20,0x64,0x3d,0x22,
  0x4d,0x31,0x2e,0x34,0x32,0x20,0x39,0x61,0x31,0x36,0x20,0x31,0x36,0x20,0x30,0x20,
  0x30,0x20,0x31,0x20,0x32,0x31,0x2e,0x31,0x36,0x20,0x30,0x22,0x3e,0x3c,0x2f,0x70,
  0x61,0x74,0x68,0x3e,0x3c,0x70,0x61,0x74,0x68,0x20,0x64,0x3d,0x22,0x4d,0x38,0x2e,
  0x35,0x33,0x20,0x31,0x36,0x2e,0x31,0x31,0x61,0x36,0x20,0x36,0x20,0x30,0x20,0x30,
  0x20,0x31,0x20,0x36,0x2e,0x39,0x35,0x20,0x30,0x22,0x3e,0x3c,0x2f,0x70,0x61,0x74,
  0x68,0x3e,0x3c,0x6c,0x69,0x6e,0x65,0x20,0x78,0x31,0x3d,0x22,0x31,0x32,0x22,0x20,
  0x79,0x31,0x3d,0x22,0x32,0x30,0x22,0x20,0x78,0x32,0x3d,0x22,0x31,0x32,0x2e,0x30,
  0x31,0x22,0x20,0x79,0x32,0x3d,0x22,0x32,0x30,0x22,0x3e,0x3c,0x2f,0x6c,0x69,0x6e,
  0x65,0x3e,0x3c,0x2f,0x73,0x76,0x67,0x3e,
    // cloud-off.svg
  0x0,0x0,0x1,0x6b,
  0x3c,
  0x73,0x76,0x67,0x20,0x78,0x6d,0x6c,0x6e,0x73,0x3d,0x22,0x68,0x74,0x74,0x70,0x3a,
  0x2f,0x2f,0x77,0x77,0x77,0x2e,0x77,0x33,0x2e,0x6f,0x72,0x67,0x2f,0x32,0x30,0x30,
  0x30,0x2f,0x73,0x76,0x67,0x22,0x20,0x77,0x69,0x64,0x74,0x68,0x3d,0x22,0x32,0x34,
  0x22,0x20,0x68,0x65,0x69,0x67,0x68,0x74,0x3d,0x22,0x32,0x34,0x22,0x20,0x76,0x69,
  0x65,0x77,0x42,0x6f,0x78,0x3d,0x22,0x30,0x20,0x30,0x20,0x32,0x34,0x20,0x32,0x34,
  0x22,0x20,0x66,0x69,0x6c,0x6c,0x3d,0x22,0x6e,0x6f,0x6e,0x65,0x22,0x20,0x73,0x74,
  0x72,0x6f,0x6b,0x65,0x3d,0x22,0x23,0x66,0x66,0x66,0x22,0x20,0x73,0x74,0x72,0x6f,
  0x6b,0x65,0x2d,0x77,0x69,0x64,0x74,0x68,0x3d,0x22,0x32,0x22,0x20,0x73,0x74,0x72,
  0x6f,0x6b,0x65,0x2d,0x6c,0x69,0x6e,0x65,0x63,0x61,0x70,0x3d,0x22,0x72,0x6f,0x75,
  0x6e,0x64,0x22,0x20,0x73,0x74,0x72,0x6f,0x6b,0x65,0x2d,0x6c,0x69,0x6e,0x65,0x6a,
  0x6f,0x69,0x6e,0x3d,0x22,0x72,0x6f,0x75,0x6e,0x64,0x22,0x20,0x63,0x6c,0x61,0x73,
  0x73,0x3d,0x22,0x66,0x65,0x61,0x74,0x68,0x65,0x72,0x20,0x66,0x65,0x61,0x74,0x68,
  0x65,0x72,0x2d,0x63,0x6c,0x6f,0x75,0x64,0x2d,0x6f,0x66,0x66,0x22,0x3e,0x3c,0x70,
  0x61,0x74,0x68,0x20,0x64,0x3d,0x22,0x4d,0x32,0x32,0x2e,0x36,0x31,0x20,0x31,0x36,
  0x2e,0x39,0x35,0x41,0x35,0x20,0x35,0x20,0x30,0x20,0x30,0x20,0x30,0x20,0x31,0x38,
  0x20,0x31,0x30,0x68,0x2d,0x31,0x2e,0x32,0x36,0x61,0x38,0x20,0x38,0x20,0x30,0x20,
  0x30,0x20,0x30,0x2d,0x37,0x2e,0x30,0x35,0x2d,0x36,0x4d,0x35,0x20,0x35,0x61,0x38,
  0x20,0x38,0x20,0x30,0x20,0x30,0x20,0x30,0x20,0x34,0x20,0x31,0x35,0x68,0x39,0x61,
  0x35,0x20,0x35,0x20,0x30,0x20,0x30,0x20,0x30,0x20,0x31,0x2e,0x37,0x2d,0x2e,0x33,
  0x22,0x3e,0x3c,0x2f,0x70,0x61,0x74,0x68,0x3e,0x3c,0x6c,0x69,0x6e,0x65,0x20,0x78,
  0x31,0x3d,0x22,0x31,0x22,0x20,0x79,0x31,0x3d,0x22,0x31,0x22,0x20,0x78,0x32,0x3d,
  0x22,0x32,0x33,0x22,0x20,0x79,0x32,0x3d,0x22,0x32,0x33,0x22,0x3e,0x3c,0x2f,0x6c,
  0x69,0x6e,0x65,0x3e,0x3c,0x2f,0x73,0x76,0x67,0x3e,
    // layers.svg
  0x0,0x0,0x1,0x65,
  0x3c,
  0x73,0x76,0x67,0x20,0x78,0x6d,0x6c,0x6e,0x73,0x3d,0x22,0x68,0x74,0x74,0x70,0x3a,
  0x2f,0x2f,0x77,0x77,0x77,0x2e,0x77,0x33,0x2e,0x6f,0x72,0x67,0x2f,0x32,0x30,0x30,
  0x30,0x2f,0x73,0x76,0x67,0x22,0x20,0x77,0x69,0x64,0x74,0x68,0x3d,0x22,0x32,0x34,
  0x22,0x20,0x68,0x65,0x69,0x67,0x68,0x74,0x3d,0x22,0x32,0x34,0x22,0x20,0x76,0x69,
  0x65,0x77,0x42,0x6f,0x78,0x3d,0x22,0x30,0x20,0x30,0x20,0x32,0x34,0x20,0x32,0x34,
  0x22,0x20,0x66,0x69,0x6c,0x6c,0x3d,0x22,0x6e,0x6f,0x6e,0x65,0x22,0x20,0x73,0x74,
  0x72,0x6f,0x6b,0x65,0x3d,0x22,0x23,0x66,0x66,0x66,0x22,0x20,0x73,0x74,0x72,0x6f,
  0x6b,0x65,0x2d,0x77,0x69,0x64,0x74,0x68,0x3d,0x22,0x32,0x22,0x20,0x73,0x74,0x72,
  0x6f,0x6b,0x65,0x2d,0x6c,0x69,0x6e,0x65,0x63,0x61,0x70,0x3d,0x22,0x72,0x6f,0x75,
  0x6e,0x64,0x22,0x20,0x73,0x74,0x72,0x6f,0x6b,0x65,0x2d,0x6c,0x69,0x6e,0x65,0x6a,
  0x6f,0x69,0x6e,0x3d,0x22,0x72,0x6f,0x75,0x6e,0x64,0x22,0x20,0x63,0x6c,0x61,0x73,
  0x73,0x3d,0x22,0x66,0x65,0x61,0x74,0x68,0x65,0x72,0x20,0x66,0x65,0x61,0x74,0x68,
  0x65,0x72,0x2d,0x6c,0x61,0x79,0x65,0x72,0x73,0x22,0x3e,0x3c,0x70,0x6f,0x6c,0x79,
  0x67,0x6f,0x6e,0x20,0x70,0x6f,0x69,0x6e,0x74,0x73,0x3d,0x22,0x31,0x32,0x20,0x32,
  0x20,0x32,0x20,0x37,0x20,0x31,0x32,0x20,0x31,0x32,0x20,0x32,0x32,0x20,0x37,0x20,
  0x31,0x32,0x20,0x32,0x22,0x3e,0x3c,0x2f,0x70,0x6f,0x6c,0x79,0x67,0x6f,0x6e,0x3e,
  0x3c,0x70,0x6f,0x6c,0x79,0x6c,0x69,0x6e,0x65,0x20,0x70,0x6f,0x69,0x6e,0x74,0x73,
  0x3d,0x22,0x32,0x20,0x31,0x37,0x20,0x31,0x32,0x20,0x32,0x32,0x20,0x32,0x32,0x20,
  0x31,0x37,0x22,0x3e,0x3c,0x2f,0x70,0x6f,0x6c,0x79,0x6c,0x69,0x6e,0x65,0x3e,0x3c,
  0x70,0x6f,0x6c,0x79,0x6c,0x69,0x6e,0x65,0x20,0x70,0x6f,0x69,0x6e,0x74,0x73,0x3d,
  0x22,0x32,0x20,0x31,0x32,0x20,0x31,0x32,0x20,0x31,0x37,0x20,0x32,0x32,0x20,0x31,
  0x32,0x22,0x3e,0x3c,0x2f,0x70,0x6f,0x6c,0x79,0x6c,0x69,0x6e,0x65,0x3e,0x3c,0x2f,
  0x73,0x76,0x67,0x3e,
    // sunrise.svg
  0x0,0x0,0x2,0x45,
  0x3c,
  0x73,0x76,0x67,0x20,0x78,0x6d,0x6c,0x6e,0x73,0x3d,0x22,0x68,0x74,0x74,0x70,0x3a,
  0x2f,0x2f,0x77,0x77,0x77,0x2e,0x77,0x33,0x2e,0x6f,0x72,0x67,0x2f,0x32,0x30,0x30,
  0x30,0x2f,0x73,0x76,0x67,0x22,0x20,0x77,0x69,0x64,0x74,0x68,0x3d,0x22,0x32,0x34,
  0x22,0x20,0x68,0x65,0x69,0x67,0x68,0x74,0x3d,0x22,0x32,0x34,0x22,0x20,0x76,0x69,
  0x65,0x77,0x42,0x6f,0x78,0x3d,0x22,0x30,0x20,0x30,0x20,0x32,0x34,0x20,0x32,0x34,
  0x22,0x20,0x66,0x69,0x6c,0x6c,0x3d,0x22,0x6e,0x6f,0x6e,0x65,0x22,0x20,0x73,0x74,
  0x72,0x6f,0x6b,0x65,0x3d,0x22,0x23,0x66,0x66,0x66,0x22,0x20,0x73,0x74,0x72,0x6f,
  0x6b,0x65,0x2d,0x77,0x69,0x64,0x74,0x68,0x3d,0x22,0x32,0x22,0x20,0x73,0x74,0x72,
  0x6f,0x6b,0x65,0x2d,0x6c,0x69,0x6e,0x65,0x63,0x61,0x70,0x3d,0x22,0x72,0x6f,0x75,
  0x6e,0x64,0x22,0x20,0x73,0x74,0x72,0x6f,0x6b,0x65,0x2d,0x6c,0x69,0x6e,0x65,0x6a,
  0x6f,0x69,0x6e,0x3d,0x22,0x72,0x6f,0x75,0x6e,0x64,0x22,0x20,0x63,0x6c,0x61,0x73,
  0x73,0x3d,0x22,0x66,0x65,0x61,0x74,0x68,0x65,0x72,0x20,0x66,0x65,0x61,0x74,0x68,
  0x65,0x72,0x2d,0x73,0x75,0x6e,0x72,0x69,0x73,0x65,0x22,0x3e,0x3c,0x70,0x61,0x74,
  0x68,0x20,0x64,0x3d,0x22,0x4d,0x31,0x37,0x20,0x31,0x38,0x61,0x35,0x20,0x35,0x20,
  0x30,0x20,0x30,0x20,0x30,0x2d,0x31,0x30,0x20,0x30,0x22,0x3e,0x3c,0x2f,0x70,0x61,
  0x74,0x68,0x3e,0x3c,0x6c,0x69,0x6e,0x65,0x20,0x78,0x31,0x3d,0x22,0x31,0x32,0x22,
  0x20,0x79,0x31,0x3d,0x22,0x32,0x22,0x20,0x78,0x32,0x3d,0x22,0x31,0x32,0x22,0x20,
  0x79,0x32,0x3d,0x22,0x39,0x22,0x3e,0x3c,0x2f,0x6c,0x69,0x6e,0x65,0x3e,0x3c,0x6c,
  0x69,0x6e,0x65,0x20,0x78,0x31,0x3d,0x22,0x34,0x2e,0x32,0x32,0x22,0x20,0x79,0x31,
  0x3d,0x22,0x31,0x30,0x2e,0x32,0x32,0x22,0x20,0x78,0x32,0x3d,0x22,0x35,0x2e,0x36,
  0x34,0x22,0x20,0x79,0x32,0x3d,0x22,0x31,0x31,0x2e,0x36,0x34,0x22,0x3e,0x3c,0x2f,
  0x6c,0x69,0x6e,0x65,0x3e,0x3c,0x6c,0x69,0x6e,0x65,0x20,0x78,0x31,0x3d,0x22,0x31,
  0x22,0x20,0x79,0x31,0x3d,0x22,0x31,0x38,0x22,0x20,0x78,0x32,0x3d,0x22,0x33,0x22,
  0x20,0x79,0x32,0x3d,0x22,0x31,0x38,0x22,0x3e,0x3c,0x2f,0x6c,0x69,0x6e,0x65,0x3e,
  0x3c,0x6c,0x69,0x6e,0x65,0x20,0x78,0x31,0x3d,0x22,0x32,0x31,0x22,0x20,0x79,0x31,
  0x3d,0x22,0x31,0x38,0x22,0x20,0x78,0x32,0x3d,0x22,0x32,0x33,0x22,0x20,0x79,0x32,
  0x3d,0x22,0x31,0x38,0x22,0x3e,0x3c,0x2f,0x6c,0x69,0x6e,0x65,0x3e,0x3c,0x6c,0x69,
  0x6e,0x65,0x20,0x78,0x31,0x3d,0x22,0x31,0x38,0x2e,0x33,0x36,0x22,0x20,0x79,0x31,
  0x3d,0x22,0x31,0x31,0x2e,0x36,0x34,0x22,0x20,0x78,0x32,0x3d,0x22,0x31,0x39,0x2e,
  0x37,0x38,0x22,0x20,0x79,0x32,0x3d,0x22,0x31,0x30,0x2e,0x32,0x32,0x22,0x3e,0x3c,
  0x2f,0x6c,0x69,0x6e,0x65,0x3e,0x3c,0x6c,0x69,0x6e,0x65,0x20,0x78,0x31,0x3d,0x22,
  0x32,0x33,0x22,0x20,0x79,0x31,0x3d,0x22,0x32,0x32,0x22,0x20,0x78,0x32,0x3d,0x22,
  0x31,0x22,0x20,0x79,0x32,0x3d,0x22,0x32,0x32,0x22,0x3e,0x3c,0x2f,0x6c,0x69,0x6e,
  0x65,0x3e,0x3c,0x70,0x6f,0x6c,0x79,0x6c,0x69,0x6e,0x65,0x20,0x70,0x6f,0x69,0x6e,
  0x74,0x73,0x3d,0x22,0x38,0x20,0x36,0x20,0x31,0x32,0x20,0x32,0x20,0x31,0x36,0x20,
  0x36,0x22,0x3e,0x3c,0x2f,0x70,0x6f,0x6c,0x79,0x6c,0x69,0x6e,0x65,0x3e,0x3c,0x2f,
  0x73,0x76,0x67,0x3e,
    // truck.svg
  0x0,0x0,0x1,0x97,
  0x3c,
  0x73,0x76,0x67,0x20,0x78,0x6d,0x6c,0x6e,0x73,0x3d,0x22,0x68,0x74,0x74,0x70,0x3a,
  0x2f,0x2f,0x77,0x77,0x77,0x2e,0x77,0x33,0x2e,0x6f,0x72,0x67,0x2f,0x32,0x30,0x30,
  0x30,0x2f,0x73,0x76,0x67,0x22,0x20,0x77,0x69,0x64,0x74,0x68,0x3d,0x22,0x32,0x34,
  0x22,0x20,0x68,0x65,0x69,0x67,0x68,0x74,0x3d,0x22,0x32,0x34,0x22,0x20,0x76,0x69,
  0x65,0x77,0x42,0x6f,0x78,0x3d,0x22,0x30,0x20,0x30,0x20,0x32,0x34,0x20,0x32,0x34,
  0x22,0x20,0x66,0x69,0x6c,0x6c,0x3d,0x22,0x6e,0x6f,0x6e,0x65,0x22,0x20,0x73,0x74,
  0x72,0x6f,0x6b,0x65,0x3d,0x22,0x23,0x66,0x66,0x66,0x22,0x20,0x73,0x74,0x72,0x6f,
  0x6b,0x65,0x2d,0x77,0x69,0x64,0x74,0x68,0x3d,0x22,0x32,0x22,0x20,0x73,0x74,0x72,
  0x6f,0x6b,0x65,0x2d,0x6c,0x69,0x6e,0x65,0x63,0x61,0x70,0x3d,0x22,0x72,0x6f,0x75,
  0x6e,0x64,0x22,0x20,0x73,0x74,0x72,0x6f,0x6b,0x65,0x2d,0x6c,0x69,0x6e,0x65,0x6a,
  0x6f,0x69,0x6e,0x3d,0x22,0x72,0x6f,0x75,0x6e,0x64,0x22,0x20,0x63,0x6c,0x61,0x73,
  0x73,0x3d,0x22,0x66,0x65,0x61,0x74,0x68,0x65,0x72,0x20,0x66,0x65,0x61,0x74,0x68,
  0x65,0x72,0x2d,0x74,0x72,0x75,0x63,0x6b,0x22,0x3e,0x3c,0x72,0x65,0x63,0x74,0x20,
  0x78,0x3d,0x22,0x31,0x22,0x20,0x79,0x3d,0x22,0x33,0x22,0x20,0x77,0x69,0x64,0x74,
  0x68,0x3d,0x22,0x31,0x35,0x22,0x20,0x68,0x65,0x69,0x67,0x68,0x74,0x3d,0x22,0x31,
  0x33,0x22,0x3e,0x3c,0x2f,0x72,0x65,0x63,0x74,0x3e,0x3c,0x70,0x6f,0x6c,0x79,0x67,
  0x6f,0x6e,0x20,0x70,0x6f,0x69,0x6e,0x74,0x73,0x3d,0x22,0x31,0x36,0x20,0x38,0x20,
  0x32,0x30,0x20,0x38,0x20,0x32,0x33,0x20,0x31,0x31,0x20,0x32,0x33,0x20,0x31,0x36,
  0x20,0x31,0x36,0x20,0x31,0x36,0x20,0x31,0x36,0x20,0x38,0x22,0x3e,0x3c,0x2f,0x70,
  0x6f,0x6c,0x79,0x67,0x6f,0x6e,0x3e,0x3c,0x63,0x69,0x72,0x63,0x6c,0x65,0x20,0x63,
  0x78,0x3d,0x22,0x35,0x2e,0x35,0x22,0x20,0x63,0x79,0x3d,0x22,0x31,0x38,0x2e,0x35,
  0x22,0x20,0x72,0x3d,0x22,0x32,0x2e,0x35,0x22,0x3e,0x3c,0x2f,0x63,0x69,0x72,0x63,
  0x6c,0x65,0x3e,0x3c,0x63,0x69,0x72,0x63,0x6c,0x65,0x20,0x63,0x78,0x3d,0x22,0x31,
  0x38,0x2e,0x35,0x22,0x20,0x63,0x79,0x3d,0x22,0x31,0x38,0x2e,0x35,0x22,0x20,0x72,
  0x3d,0x22,0x32,0x2e,0x35,0x22,0x3e,0x3c,0x2f,0x63,0x69,0x72,0x63,0x6c,0x65,0x3e,
  0x3c,0x2f,0x73,0x76,0x67,0x3e,
    // check-circle.svg
  0x0,0x0,0x1,0x40,
  0x3c,
  0x73,0x76,0x67,0x20,0x78,0x6d,0x6c,0x6e,0x73,0x3d,0x22,0x68,0x74,0x74,0x70,0x3a,
  0x2f,0x2f,0x77,0x77,0x77,0x2e,0x77,0x33,0x2e,0x6f,0x72,0x67,0x2f,0x32,0x30,0x30,
  0x30,0x2f,0x73,0x76,0x67,0x22,0x20,0x77,0x69,0x64,0x74,0x68,0x3d,0x22,0x32,0x34,
  0x22,0x20,0x68,0x65,0x69,0x67,0x68,0x74,0x3d,0x22,0x32,0x34,0x22,0x20,0x76,0x69,
  0x65,0x77,0x42,0x6f,0x78,0x3d,0x22,0x30,0x20,0x30,0x20,0x32,0x34,0x20,0x32,0x34,
  0x22,0x20,0x66,0x69,0x6c,0x6c,0x3d,0x22,0x6e,0x6f,0x6e,0x65,0x22,0x20,0x73,0x74,
  0x72,0x6f,0x6b,0x65,0x3d,0x22,0x23,0x66,0x66,0x66,0x22,0x20,0x73,0x74,0x72,0x6f,
  0x6b,0x65,0x2d,0x77,0x69,0x64,0x74,0x68,0x3d,0x22,0x32,0x22,0x20,0x73,0x74,0x72,
  0x6f,0x6b,0x65,0x2d,0x6c,0x69,0x6e,0x65,0x63,0x61,0x70,0x3d,0x22,0x72,0x6f,0x75,
  0x6e,0x64,0x22,0x20,0x73,0x74,0x72,0x6f,0x6b,0x65,0x2d,0x6c,0x69,0x6e,0x65,0x6a,
  0x6f,0x69,0x6e,0x3d,0x22,0x72,0x6f,0x75,0x6e,0x64,0x22,0x20,0x63,0x6c,0x61,0x73,
  0x73,0x3d,0x22,0x66,0x65,0x61,0x74,0x68,0x65,0x72,0x20,0x66,0x65,0x61,0x74,0x68,
  0x65,0x72,0x2d,0x63,0x68,0x65,0x63,0x6b,0x2d,0x63,0x69,0x72,0x63,0x6c,0x65,0x22,
  0x3e,0x3c,0x70,0x61,0x74,0x68,0x20,0x64,0x3d,0x22,0x4d,0x32,0x32,0x20,0x31,0x31,
  0x2e,0x30,0x38,0x56,0x31,0x32,0x61,0x31,0x30,0x20,0x31,0x30,0x20,0x30,0x20,0x31,
  0x20,0x31,0x2d,0x35,0x2e,0x39,0x33,0x2d,0x39,0x2e,0x31,0x34,0x22,0x3e,0x3c,0x2f,
  0x70,0x61,0x74,0x68,0x3e,0x3c,0x70,0x6f,0x6c,0x79,0x6c,0x69,0x6e,0x65,0x20,0x70,
  0x6f,0x69,0x6e,0x74,0x73,0x3d,0x22,0x32,0x32,0x20,0x34,0x20,0x31,0x32,0x20,0x31,
  0x34,0x2e,0x30,0x31,0x20,0x39,0x20,0x31,0x31,0x2e,0x30,0x31,0x22,0x3e,0x3c,0x2f,
  0x70,0x6f,0x6c,0x79,0x6c,0x69,0x6e,0x65,0x3e,0x3c,0x2f,0x73,0x76,0x67,0x3e,
    // gift.svg
  0x0,0x0,0x1,0xd9,
  0x3c,
  0x73,0x76,0x67,0x20,0x78,0x6d,0x6c,0x6e,0x73,0x3d,0x22,0x68,0x74,0x74,0x70,0x3a,
  0x2f,0x2f,0x77,0x77,0x77,0x2e,0x77,0x33,0x2e,0x6f,0x72,0x67,0x2f,0x32,0x30,0x30,
  0x30,0x2f,0x73,0x76,0x67,0x22,0x20,0x77,0x69,0x64,0x74,0x68,0x3d,0x22,0x32,0x34,
  0x22,0x20,0x68,0x65,0x69,0x67,0x68,0x74,0x3d,0x22,0x32,0x34,0x22,0x20,0x76,0x69,
  0x65,0x77,0x42,0x6f,0x78,0x3d,0x22,0x30,0x20,0x30,0x20,0x32,0x34,0x20,0x32,0x34,
  0x22,0x20,0x66,0x69,0x6c,0x6c,0x3d,0x22,0x6e,0x6f,0x6e,0x65,0x22,0x20,0x73,0x74,
  0x72,0x6f,0x6b,0x65,0x3d,0x22,0x23,0x66,0x66,0x66,0x22,0x20,0x73,0x74,0x72,0x6f,
  0x6b,0x65,0x2d,0x77,0x69,0x64,0x74,0x68,0x3d,0x22,0x32,0x22,0x20,0x73,0x74,0x72,
  0x6f,0x6b,0x65,0x2d,0x6c,0x69,0x6e,0x65,0x63,0x61,0x70,0x3d,0x22,0x72,0x6f,0x75,
  0x6e,0x64,0x22,0x20,0x73,0x74,0x72,0x6f,0x6b,0x65,0x2d,0x6c,0x69,0x6e,0x65,0x6a,
  0x6f,0x69,0x6e,0x3d,0x22,0x72,0x6f,0x75,0x6e,0x64,0x22,0x20,0x63,0x6c,0x61,0x73,
  0x73,0x3d,0x22,0x66,0x65,0x61,0x74,0x68,0x65,0x72,0x20,0x66,0x65,0x61,0x74,0x68,
  0x65,0x72,0x2d,0x67,0x69,0x66,0x74,0x22,0x3e,0x3c,0x70,0x6f,0x6c,0x79,0x6c,0x69,
  0x6e,0x65,0x20,0x70,0x6f,0x69,0x6e,0x74,0x73,0x3d,0x22,0x32,0x30,0x20,0x31,0x32,
  0x20,0x32,0x30,0x20,0x32,0x32,0x20,0x34,0x20,0x32,0x32,0x20,0x34,0x20,0x31,0x32,
  0x22,0x3e,0x3c,0x2f,0x70,0x6f,0x6c,0x79,0x6c,0x69,0x6e,0x65,0x3e,0x3c,0x72,0x65,
  0x63,0x74,0x20,0x78,0x3d,0x22,0x32,0x22,0x20,0x79,0x3d,0x22,0x37,0x22,0x20,0x77,
  0x69,0x64,0x74,0x68,0x3d,0x22,0x32,0x30,0x22,0x20,0x68,0x65,0x69,0x67,0x68,0x74,
  0x3d,0x22,0x35,0x22,0x3e,0x3c,0x2f,0x72,0x65,0x63,0x74,0x3e,0x3c,0x6c,0x69,0x6e,
  0x65,0x20,0x78,0x31,0x3d,0x22,0x31,0x32,0x22,0x20,0x79,0x31,0x3d,0x22,0x32,0x32,
  0x22,0x20,0x78,0x32,0x3d,0x22,0x31,0x32,0x22,0x20,0x79,0x32,0x3d,0x22,0x37,0x22,
  0x3e,0x3c,0x2f,0x6c,0x69,0x6e,0x65,0x3e,0x3c,0x70,0x61,0x74,0x68,0x20,0x64,0x3d,
  0x22,0x4d,0x31,0x32,0x20,0x37,0x48,0x37,0x2e,0x35,0x61,0x32,0x2e,0x35,0x20,0x32,
  0x2e,0x35,0x20,0x30,0x20,0x30,0x20,0x31,0x20,0x30,0x2d,0x35,0x43,0x31,0x31,0x20,
  0x32,0x20,0x31,0x32,0x20,0x37,0x20,0x31,0x32,0x20,0x37,0x7a,0x22,0x3e,0x3c,0x2f,
  0x70,0x61,0x74,0x68,0x3e,0x3c,0x70,0x61,0x74,0x68,0x20,0x64,0x3d,0x22,0x4d,0x31,
  0x32,0x20,0x37,0x68,0x34,0x2e,0x35,0x61,0x32,0x2e,0x35,0x20,0x32,0x2e,0x35,0x20,
  0x30,0x20,0x30,0x20,0x30,0x20,0x30,0x2d,0x35,0x43,0x31,0x33,0x20,0x32,0x20,0x31,
  0x32,0x20,0x37,0x20,0x31,0x32,0x20,0x37,0x7a,0x22,0x3e,0x3c,0x2f,0x70,0x61,0x74,
  0x68,0x3e,0x3c,0x2f,0x73,0x76,0x67,0x3e,
    // info.svg
  0x0,0x0,0x1,0x53,
  0x3c,
  0x73,0x76,0x67,0x20,0x78,0x6d,0x6c,0x6e,0x73,0x3d,0x22,0x68,0x74,0x74,0x70,0x3a,
  0x2f,0x2f,0x77,0x77,0x77,0x2e,0x77,0x33,0x2e,0x6f,0x72,0x67,0x2f,0x32,0x30,0x30,
  0x30,0x2f,0x73,0x76,0x67,0x22,0x20,0x77,0x69,0x64,0x74,0x68,0x3d,0x22,0x32,0x34,
  0x22,0x20,0x68,0x65,0x69,0x67,0x68,0x74,0x3d,0x22,0x32,0x34,0x22,0x20,0x76,0x69,
  0x65,0x77,0x42,0x6f,0x78,0x3d,0x22,0x30,0x20,0x30,0x20,0x32,0x34,0x20,0x32,0x34,
  0x22,0x20,0x66,0x69,0x6c,0x6c,0x3d,0x22,0x6e,0x6f,0x6e,0x65,0x22,0x20,0x73,0x74,
  0x72,0x6f,0x6b,0x65,0x3d,0x22,0x23,0x66,0x66,0x66,0x22,0x20,0x73,0x74,0x72,0x6f,
  0x6b,0x65,0x2d,0x77,0x69,0x64,0x74,0x68,0x3d,0x22,0x32,0x22,0x20,0x73,0x74,0x72,
  0x6f,0x6b,0x65,0x2d,0x6c,0x69,0x6e,0x65,0x63,0x61,0x70,0x3d,0x22,0x72,0x6f,0x75,
  0x6e,0x64,0x22,0x20,0x73,0x74,0x72,0x6f,0x6b,0x65,0x2d,0x6c,0x69,0x6e,0x65,0x6a,
  0x6f,0x69,0x6e,0x3d,0x22,0x72,0x6f,0x75,0x6e,0x64,0x22,0x20,0x63,0x6c,0x61,0x73,
  0x73,0x3d,0x22,0x66,0x65,0x61,0x74,0x68,0x65,0x72,0x20,0x66,0x65,0x61,0x74,0x68,
  0x65,0x72,0x2d,0x69,0x6e,0x66,0x6f,0x22,0x3e,0x3c,0x63,0x69,0x72,0x63,0x6c,0x65,
  0x20,0x63,0x78,0x3d,0x22,0x31,0x32,0x22,0x20,0x63,0x79,0x3d,0x22,0x31,0x32,0x22,
  0x20,0x72,0x3d,0x22,0x31,0x30,0x22,0x3e,0x3c,0x2f,0x63,0x69,0x72,0x63,0x6c,0x65,
  0x3e,0x3c,0x6c,0x69,0x6e,0x65,0x20,0x78,0x31,0x3d,0x22,0x31,0x32,0x22,0x20,0x79,
  0x31,0x3d,0x22,0x31,0x36,0x22,0x20,0x78,0x32,0x3d,0x22,0x31,0x32,0x22,0x20,0x79,
  0x32,0x3d,0x22,0x31,0x32,0x22,0x3e,0x3c,0x2f,0x6c,0x69,0x6e,0x65,0x3e,0x3c,0x6c,
  0x69,0x6e,0x65,0x20,0x78,0x31,0x3d,0x22,0x31,0x32,0x22,0x20,0x79,0x31,0x3d,0x22,
  0x38,0x22,0x20,0x78,0x32,0x3d,0x22,0x31,0x32,0x2e,0x30,0x31,0x22,0x20,0x79,0x32,
  0x3d,0x22,0x38,0x22,0x3e,0x3c,0x2f,0x6c,0x69,0x6e,0x65,0x3e,0x3c,0x2f,0x73,0x76,
  0x67,0x3e,
    // phone-forwarded.svg
  0x0,0x0,0x2,0x62,
  0x3c,
  0x73,0x76,0x67,0x20,0x78,0x6d,0x6c,0x6e,0x73,0x3d,0x22,0x68,0x74,0x74,0x70,0x3a,
  0x2f,0x2f,0x77,0x77,0x77,0x2e,0x77,0x33,0x2e,0x6f,0x72,0x67,0x2f,0x32,0x30,0x30,
  0x30,0x2f,0x73,0x76,0x67,0x22,0x20,0x77,0x69,0x64,0x74,0x68,0x3d,0x22,0x32,0x34,
  0x22,0x20,0x68,0x65,0x69,0x67,0x68,0x74,0x3d,0x22,0x32,0x34,0x22,0x20,0x76,0x69,
  0x65,0x77,0x42,0x6f,0x78,0x3d,0x22,0x30,0x20,0x30,0x20,0x32,0x34,0x20,0x32,0x34,
  0x22,0x20,0x66,0x69,0x6c,0x6c,0x3d,0x22,0x6e,0x6f,0x6e,0x65,0x22,0x20,0x73,0x74,
  0x72,0x6f,0x6b,0x65,0x3d,0x22,0x23,0x66,0x66,0x66,0x22,0x20,0x73,0x74,0x72,0x6f,
  0x6b,0x65,0x2d,0x77,0x69,0x64,0x74,0x68,0x3d,0x22,0x32,0x22,0x20,0x73,0x74,0x72,
  0x6f,0x6b,0x65,0x2d,0x6c,0x69,0x6e,0x65,0x63,0x61,0x70,0x3d,0x22,0x72,0x6f,0x75,
  0x6e,0x64,0x22,0x20,0x73,0x74,0x72,0x6f,0x6b,0x65,0x2d,0x6c,0x69,0x6e,0x65,0x6a,
  0x6f,0x69,0x6e,0x3d,0x22,0x72,0x6f,0x75,0x6e,0x64,0x22,0x20,0x63,0x6c,0x61,0x73,
  0x73,0x3d,0x22,0x66,0x65,0x61,0x74,0x68,0x65,0x72,0x20,0x66,0x65,0x61,0x74,0x68,
  0x65,0x72,0x2d,0x70,0x68,0x6f,0x6e,0x65,0x2d,0x66,0x6f,0x72,0x77,0x61,0x72,0x64,
  0x65,0x64,0x22,0x3e,0x3c,0x70,0x6f,0x6c,0x79,0x6c,0x69,0x6e,0x65,0x20,0x70,0x6f,
  0x69,0x6e,0x74,0x73,0x3d,0x22,0x31,0x39,0x20,0x31,0x20,0x32,0x33,0x20,0x35,0x20,
  0x31,0x39,0x20,0x39,0x22,0x3e,0x3c,0x2f,0x70,0x6f,0x6c,0x79,0x6c,0x69,0x6e,0x65,
  0x3e,0x3c,0x6c,0x69,0x6e,0x65,0x20,0x78,0x31,0x3d,0x22,0x31,0x35,0x22,0x20,0x79,
  0x31,0x3d,0x22,0x35,0x22,0x20,0x78,0x32,0x3d,0x22,0x32,0x33,0x22,0x20,0x79,0x32,
  0x3d,0x22,0x35,0x22,0x3e,0x3c,0x2f,0x6c,0x69,0x6e,0x65,0x3e,0x3c,0x70,0x61,0x74,
  0x68,0x20,0x64,0x3d,0x22,0x4d,0x32,0x32,0x20,0x31,0x36,0x2e,0x39,0x32,0x76,0x33,
  0x61,0x32,0x20,0x32,0x20,0x30,0x20,0x30,0x20,0x31,0x2d,0x32,0x2e,0x31,0x38,0x20,
  0x32,0x20,0x31,0x39,0x2e,0x37,0x39,0x20,0x31,0x39,0x2e,0x37,0x39,0x20,0x30,0x20,
  0x30,0x20,0x31,0x2d,0x38,0x2e,0x36,0x33,0x2d,0x33,0x2e,0x30,0x37,0x20,0x31,0x39,
  0x2e,0x35,0x20,0x31,0x39,0x2e,0x35,0x20,0x30,0x20,0x30,0x20,0x31,0x2d,0x36,0x2d,
  0x36,0x20,0x31,0x39,0x2e,0x37,0x39,0x20,0x31,0x39,0x2e,0x37,0x39,0x20,0x30,0x20,
  0x30,0x20,0x31,0x2d,0x33,0x2e,0x30,0x37,0x2d,0x38,0x2e,0x36,0x37,0x41,0x32,0x20,
  0x32,0x20,0x30,0x20,0x30,0x20,0x31,0x20,0x34,0x2e,0x31,0x31,0x20,0x32,0x68,0x33,
  0x61,0x32,0x20,0x32,0x20,0x30,0x20,0x30,0x20,0x31,0x20,0x32,0x20,0x31,0x2e,0x37,
  0x32,0x20,0x31,0x32,0x2e,0x38,0x34,0x20,0x31,0x32,0x2e,0x38,0x34,0x20,0x30,0x20,
  0x30,0x20,0x30,0x20,0x2e,0x37,0x20,0x32,0x2e,0x38,0x31,0x20,0x32,0x20,0x32,0x20,
  0x30,0x20,0x30,0x20,0x31,0x2d,0x2e,0x34,0x35,0x20,0x32,0x2e,0x31,0x31,0x4c,0x38,
  0x2e,0x30,0x39,0x20,0x39,0x2e,0x39,0x31,0x61,0x31,0x36,0x20,0x31,0x36,0x20,0x30,
  0x20,0x30,0x20,0x30,0x20,0x36,0x20,0x36,0x6c,0x31,0x2e,0x32,0x37,0x2d,0x31,0x2e,
  0x32,0x37,0x61,0x32,0x20,0x32,0x20,0x30,0x20,0x30,0x20,0x31,0x20,0x32,0x2e,0x31,
  0x31,0x2d,0x2e,0x34,0x35,0x20,0x31,0x32,0x2e,0x38,0x34,0x20,0x31,0x32,0x2e,0x38,
  0x34,0x20,0x30,0x20,0x30,0x20,0x30,0x20,0x32,0x2e,0x38,0x31,0x2e,0x37,0x41,0x32,
  0x20,0x32,0x20,0x30,0x20,0x30,0x20,0x31,0x20,0x32,0x32,0x20,0x31,0x36,0x2e,0x39,
  0x32,0x7a,0x22,0x3e,0x3c,0x2f,0x70,0x61,0x74,0x68,0x3e,0x3c,0x2f,0x73,0x76,0x67,
  0x3e,
    // triangle.svg
  0x0,0x0,0x1,0x3e,
  0x3c,
  0x73,0x76,0x67,0x20,0x78,0x6d,0x6c,0x6e,0x73,0x3d,0x22,0x68,0x74,0x74,0x70,0x3a,
  0x2f,0x2f,0x77,0x77,0x77,0x2e,0x77,0x33,0x2e,0x6f,0x72,0x67,0x2f,0x32,0x30,0x30,
  0x30,0x2f,0x73,0x76,0x67,0x22,0x20,0x77,0x69,0x64,0x74,0x68,0x3d,0x22,0x32,0x34,
  0x22,0x20,0x68,0x65,0x69,0x67,0x68,0x74,0x3d,0x22,0x32,0x34,0x22,0x20,0x76,0x69,
  0x65,0x77,0x42,0x6f,0x78,0x3d,0x22,0x30,0x20,0x30,0x20,0x32,0x34,0x20,0x32,0x34,
  0x22,0x20,0x66,0x69,0x6c,0x6c,0x3d,0x22,0x6e,0x6f,0x6e,0x65,0x22,0x20,0x73,0x74,
  0x72,0x6f,0x6b,0x65,0x3d,0x22,0x23,0x66,0x66,0x66,0x22,0x20,0x73,0x74,0x72,0x6f,
  0x6b,0x65,0x2d,0x77,0x69,0x64,0x74,0x68,0x3d,0x22,0x32,0x22,0x20,0x73,0x74,0x72,
  0x6f,0x6b,0x65,0x2d,0x6c,0x69,0x6e,0x65,0x63,0x61,0x70,0x3d,0x22,0x72,0x6f,0x75,
  0x6e,0x64,0x22,0x20,0x73,0x74,0x72,0x6f,0x6b,0x65,0x2d,0x6c,0x69,0x6e,0x65,0x6a,
  0x6f,0x69,0x6e,0x3d,0x22,0x72,0x6f,0x75,0x6e,0x64,0x22,0x20,0x63,0x6c,0x61,0x73,
  0x73,0x3d,0x22,0x66,0x65,0x61,0x74,0x68,0x65,0x72,0x20,0x66,0x65,0x61,0x74,0x68,
  0x65,0x72,0x2d,0x74,0x72,0x69,0x61,0x6e,0x67,0x6c,0x65,0x22,0x3e,0x3c,0x70,0x61,
  0x74,0x68,0x20,0x64,0x3d,0x22,0x4d,0x31,0x30,0x2e,0x32,0x39,0x20,0x33,0x2e,0x38,
  0x36,0x4c,0x31,0x2e,0x38,0x32,0x20,0x31,0x38,0x61,0x32,0x20,0x32,0x20,0x30,0x20,
  0x30,0x20,0x30,0x20,0x31,0x2e,0x37,0x31,0x20,0x33,0x68,0x31,0x36,0x2e,0x39,0x34,
  0x61,0x32,0x20,0x32,0x20,0x30,0x20,0x30,0x20,0x30,0x20,0x31,0x2e,0x37,0x31,0x2d,
  0x33,0x4c,0x31,0x33,0x2e,0x37,0x31,0x20,0x33,0x2e,0x38,0x36,0x61,0x32,0x20,0x32,
  0x20,0x30,0x20,0x30,0x20,0x30,0x2d,0x33,0x2e,0x34,0x32,0x20,0x30,0x7a,0x22,0x3e,
  0x3c,0x2f,0x70,0x61,0x74,0x68,0x3e,0x3c,0x2f,0x73,0x76,0x67,0x3e,
    // git-pull-request.svg
  0x0,0x0,0x1,0x7b,
  0x3c,
  0x73,0x76,0x67,0x20,0x78,0x6d,0x6c,0x6e,0x73,0x3d,0x22,0x68,0x74,0x74,0x70,0x3a,
  0x2f,0x2f,0x77,0x77,0x77,0x2e,0x77,0x33,0x2e,0x6f,0x72,0x67,0x2f,0x32,0x30,0x30,
  0x30,0x2f,0x73,0x76,0x67,0x22,0x20,0x77,0x69,0x64,0x74,0x68,0x3d,0x22,0x32,0x34,
  0x22,0x20,0x68,0x65,0x69,0x67,0x68,0x74,0x3d,0x22,0x32,0x34,0x22,0x20,0x76,0x69,
  0x65,0x77,0x42,0x6f,0x78,0x3d,0x22,0x30,0x20,0x30,0x20,0x32,0x34,0x20,0x32,0x34,
  0x22,0x20,0x66,0x69,0x6c,0x6c,0x3d,0x22,0x6e,0x6f,0x6e,0x65,0x22,0x20,0x73,0x74,
  0x72,0x6f,0x6b,0x65,0x3d,0x22,0x23,0x66,0x66,0x66,0x22,0x20,0x73,0x74,0x72,0x6f,
  0x6b,0x65,0x2d,0x77,0x69,0x64,0x74,0x68,0x3d,0x22,0x32,0x22,0x20,0x73,0x74,0x72,
  0x6f,0x6b,0x65,0x2d,0x6c,0x69,0x6e,0x65,0x63,0x61,0x70,0x3d,0x22,0x72,0x6f,0x75,
  0x6e,0x64,0x22,0x20,0x73,0x74,0x72,0x6f,0x6b,0x65,0x2d,0x6c,0x69,0x6e,0x65,0x6a,
  0x6f,0x69,0x6e,0x3d,0x22,0x72,0x6f,0x75,0x6e,0x64,0x22,0x20,0x63,0x6c,0x61,0x73,
  0x73,0x3d,0x22,0x66,0x65,0x61,0x74,0x68,0x65,0x72,0x20,0x66,0x65,0x61,0x74,0x68,
  0x65,0x72,0x2d,0x67,0x69,0x74,0x2d,0x70,0x75,0x6c,0x6c,0x2d,0x72,0x65,0x71,0x75,
  0x65,0x73,0x74,0x22,0x3e,0x3c,0x63,0x69,0x72,0x63,0x6c,0x65,0x20,0x63,0x78,0x3d,
  0x22,0x31,0x38,0x22,0x20,0x63,0x79,0x3d,0x22,0x31,0x38,0x22,0x20,0x72,0x3d,0x22,
  0x33,0x22,0x3e,0x3c,0x2f,0x63,0x69,0x72,0x63,0x6c,0x65,0x3e,0x3c,0x63,0x69,0x72,
  0x63,0x6c,0x65,0x20,0x63,0x78,0x3d,0x22,0x36,0x22,0x20,0x63,0x79,0x3d,0x22,0x36,
  0x22,0x20,0x72,0x3d,0x22,0x33,0x22,0x3e,0x3c,0x2f,0x63,0x69,0x72,0x63,0x6c,0x65,
  0x3e,0x3c,0x70,0x61,0x74,0x68,0x20,0x64,0x3d,0x22,0x4d,0x31,0x33,0x20,0x36,0x68,
  0x33,0x61,0x32,0x20,0x32,0x20,0x30,0x20,0x30,0x20,0x31,0x20,0x32,0x20,0x32,0x76,
  0x37,0x22,0x3e,0x3c,0x2f,0x70,0x61,0x74,0x68,0x3e,0x3c,0x6c,0x69,0x6e,0x65,0x20,
  0x78,0x31,0x3d,0x22,0x36,0x22,0x20,0x79,0x31,0x3d,0x22,0x39,0x22,0x20,0x78,0x32,
  0x3d,0x22,0x36,0x22,0x20,0x79,0x32,0x3d,0x22,0x32,0x31,0x22,0x3e,0x3c,0x2f,0x6c,
  0x69,0x6e,0x65,0x3e,0x3c,0x2f,0x73,0x76,0x67,0x3e,
    // message-circle.svg
  0x0,0x0,0x1,0xa4,
  0x3c,
  0x73,0x76,0x67,0x20,0x78,0x6d,0x6c,0x6e,0x73,0x3d,0x22,0x68,0x74,0x74,0x70,0x3a,
  0x2f,0x2f,0x77,0x77,0x77,0x2e,0x77,0x33,0x2e,0x6f,0x72,0x67,0x2f,0x32,0x30,0x30,
  0x30,0x2f,0x73,0x76,0x67,0x22,0x20,0x77,0x69,0x64,0x74,0x68,0x3d,0x22,0x32,0x34,
  0x22,0x20,0x68,0x65,0x69,0x67,0x68,0x74,0x3d,0x22,0x32,0x34,0x22,0x20,0x76,0x69,
  0x65,0x77,0x42,0x6f,0x78,0x3d,0x22,0x30,0x20,0x30,0x20,0x32,0x34,0x20,0x32,0x34,
  0x22,0x20,0x66,0x69,0x6c,0x6c,0x3d,0x22,0x6e,0x6f,0x6e,0x65,0x22,0x20,0x73,0x74,
  0x72,0x6f,0x6b,0x65,0x3d,0x22,0x23,0x66,0x66,0x66,0x22,0x20,0x73,0x74,0x72,0x6f,
  0x6b,0x65,0x2d,0x77,0x69,0x64,0x74,0x68,0x3d,0x22,0x32,0x22,0x20,0x73,0x74,0x72,
  0x6f,0x6b,0x65,0x2d,0x6c,0x69,0x6e,0x65,0x63,0x61,0x70,0x3d,0x22,0x72,0x6f,0x75,
  0x6e,0x64,0x22,0x20,0x73,0x74,0x72,0x6f,0x6b,0x65,0x2d,0x6c,0x69,0x6e,0x65,0x6a,
  0x6f,0x69,0x6e,0x3d,0x22,0x72,0x6f,0x75,0x6e,0x64,0x22,0x20,0x63,0x6c,0x61,0x73,
  0x73,0x3d,0x22,0x66,0x65,0x61,0x74,0x68,0x65,0x72,0x20,0x66,0x65,0x61,0x74,0x68,
  0x65,0x72,0x2d,0x6d,0x65,0x73,0x73,0x61,0x67,0x65,0x2d,0x63,0x69,0x72,0x63,0x6c,
  0x65,0x22,0x3e,0x3c,0x70,0x61,0x74,0x68,0x20,0x64,0x3d,0x22,0x4d,0x32,0x31,0x20,
  0x31,0x31,0x2e,0x35,0x61,0x38,0x2e,0x33,0x38,0x20,0x38,0x2e,0x33,0x38,0x20,0x30,
  0x20,0x30,0x20,0x31,0x2d,0x2e,0x39,0x20,0x33,0x2e,0x38,0x20,0x38,0x2e,0x35,0x20,
  0x38,0x2e,0x35,0x20,0x30,0x20,0x30,0x20,0x31,0x2d,0x37,0x2e,0x36,0x20,0x34,0x2e,
  0x37,0x20,0x38,0x2e,0x33,0x38,0x20,0x38,0x2e,0x33,0x38,0x20,0x30,0x20,0x30,0x20,
  0x31,0x2d,0x33,0x2e,0x38,0x2d,0x2e,0x39,0x4c,0x33,0x20,0x32,0x31,0x6c,0x31,0x2e,
  0x39,0x2d,0x35,0x2e,0x37,0x61,0x38,0x2e,0x33,0x38,0x20,0x38,0x2e,0x33,0x38,0x20,
  0x30,0x20,0x30,0x20,0x31,0x2d,0x2e,0x39,0x2d,0x33,0x2e,0x38,0x20,0x38,0x2e,0x35,
  0x20,0x38,0x2e,0x35,0x20,0x30,0x20,0x30,0x20,0x31,0x20,0x34,0x2e,0x37,0x2d,0x37,
  0x2e,0x36,0x20,0x38,0x2e,0x33,0x38,0x20,0x38,0x2e,0x33,0x38,0x20,0x30,0x20,0x30,
  0x20,0x31,0x20,0x33,0x2e,0x38,0x2d,0x2e,0x39,0x68,0x2e,0x35,0x61,0x38,0x2e,0x34,
  0x38,0x20,0x38,0x2e,0x34,0x38,0x20,0x30,0x20,0x30,0x20,0x31,0x20,0x38,0x20,0x38,
  0x76,0x2e,0x35,0x7a,0x22,0x3e,0x3c,0x2f,0x70,0x61,0x74,0x68,0x3e,0x3c,0x2f,0x73,
  0x76,0x67,0x3e,
    // clock.svg
  0x0,0x0,0x1,0x28,
  0x3c,
  0x73,0x76,0x67,0x20,0x78,0x6d,0x6c,0x6e,0x73,0x3d,0x22,0x68,0x74,0x74,0x70,0x3a,
  0x2f,0x2f,0x77,0x77,0x77,0x2e,0x77,0x33,0x2e,0x6f,0x72,0x67,0x2f,0x32,0x30,0x30,
  0x30,0x2f,0x73,0x76,0x67,0x22,0x20,0x77,0x69,0x64,0x74,0x68,0x3d,0x22,0x32,0x34,
  0x22,0x20,0x68,0x65,0x69,0x67,0x68,0x74,0x3d,0x22,0x32,0x34,0x22,0x20,0x76,0x69,
  0x65,0x77,0x42,0x6f,0x78,0x3d,0x22,0x30,0x20,0x30,0x20,0x32,0x34,0x20,0x32,0x34,
  0x22,0x20,0x66,0x69,0x6c,0x6c,0x3d,0x22,0x6e,0x6f,0x6e,0x65,0x22,0x20,0x73,0x74,
  0x72,0x6f,0x6b,0x65,0x3d,0x22,0x23,0x66,0x66,0x66,0x22,0x20,0x73,0x74,0x72,0x6f,
  0x6b,0x65,0x2d,0x77,0x69,0x64,0x74,0x68,0x3d,0x22,0x32,0x22,0x20,0x73,0x74,0x72,
  0x6f,0x6b,0x65,0x2d,0x6c,0x69,0x6e,0x65,0x63,0x61,0x70,0x3d,0x22,0x72,0x6f,0x75,
  0x6e,0x64,0x22,0x20,0x73,0x74,0x72,0x6f,0x6b,0x65,0x2d,0x6c,0x69,0x6e,0x65,0x6a,
  0x6f,0x69,0x6e,0x3d,0x22,0x72,0x6f,0x75,0x6e,0x64,0x22,0x20,0x63,0x6c,0x61,0x73,
  0x73,0x3d,0x22,0x66,0x65,0x61,0x74,0x68,0x65,0x72,0x20,0x66,0x65,0x61,0x74,0x68,
  0x65,0x72,0x2d,0x63,0x6c,0x6f,0x63,0x6b,0x22,0x3e,0x3c,0x63,0x69,0x72,0x63,0x6c,
  0x65,0x20,0x63,0x78,0x3d,0x22,0x31,0x32,0x22,0x20,0x63,0x79,0x3d,0x22,0x31,0x32,
  0x22,0x20,0x72,0x3d,0x22,0x31,0x30,0x22,0x3e,0x3c,0x2f,0x63,0x69,0x72,0x63,0x6c,
  0x65,0x3e,0x3c,0x70,0x6f,0x6c,0x79,0x6c,0x69,0x6e,0x65,0x20,0x70,0x6f,0x69,0x6e,
  0x74,0x73,0x3d,0x22,0x31,0x32,0x20,0x36,0x20,0x31,0x32,0x20,0x31,0x32,0x20,0x31,
  0x36,0x20,0x31,0x34,0x22,0x3e,0x3c,0x2f,0x70,0x6f,0x6c,0x79,0x6c,0x69,0x6e,0x65,
  0x3e,0x3c,0x2f,0x73,0x76,0x67,0x3e,
    // chevrons-right.svg
  0x0,0x0,0x1,0x36,
  0x3c,
  0x73,0x76,0x67,0x20,0x78,0x6d,0x6c,0x6e,0x73,0x3d,0x22,0x68,0x74,0x74,0x70,0x3a,
  0x2f,0x2f,0x77,0x77,0x77,0x2e,0x77,0x33,0x2e,0x6f,0x72,0x67,0x2f,0x32,0x30,0x30,
  0x30,0x2f,0x73,0x76,0x67,0x22,0x20,0x77,0x69,0x64,0x74,0x68,0x3d,0x22,0x32,0x34,
  0x22,0x20,0x68,0x65,0x69,0x67,0x68,0x74,0x3d,0x22,0x32,0x34,0x22,0x20,0x76,0x69,
  0x65,0x77,0x42,0x6f,0x78,0x3d,0x22,0x30,0x20,0x30,0x20,0x32,0x34,0x20,0x32,0x34,
  0x22,0x20,0x66,0x69,0x6c,0x6c,0x3d,0x22,0x6e,0x6f,0x6e,0x65,0x22,0x20,0x73,0x74,
  0x72,0x6f,0x6b,0x65,0x3d,0x22,0x23,0x66,0x66,0x66,0x22,0x20,0x73,0x74,0x72,0x6f,
  0x6b,0x65,0x2d,0x77,0x69,0x64,0x74,0x68,0x3d,0x22,0x32,0x22,0x20,0x73,0x74,0x72,
  0x6f,0x6b,0x65,0x2d,0x6c,0x69,0x6e,0x65,0x63,0x61,0x70,0x3d,0x22,0x72,0x6f,0x75,
  0x6e,0x64,0x22,0x20,0x73,0x74,0x72,0x6f,0x6b,0x65,0x2d,0x6c,0x69,0x6e,0x65,0x6a,
  0x6f,0x69,0x6e,0x3d,0x22,0x72,0x6f,0x75,0x6e,0x64,0x22,0x20,0x63,0x6c,0x61,0x73,
  0x73,0x3d,0x22,0x66,0x65,0x61,0x74,0x68,0x65,0x72,0x20,0x66,0x65,0x61,0x74,0x68,
  0x65,0x72,0x2d,0x63,0x68,0x65,0x76,0x72,0x6f,0x6e,0x73,0x2d,0x72,0x69,0x67,0x68,
  0x74,0x22,0x3e,0x3c,0x70,0x6f,0x6c,0x79,0x6c,0x69,0x6e,0x65,0x20,0x70,0x6f,0x69,
  0x6e,0x74,0x73,0x3d,0x22,0x31,0x33,0x20,0x31,0x37,0x20,0x31,0x38,0x20,0x31,0x32,
  0x20,0x31,0x33,0x20,0x37,0x22,0x3e,0x3c,0x2f,0x70,0x6f,0x6c,0x79,0x6c,0x69,0x6e,
  0x65,0x3e,0x3c,0x70,0x6f,0x6c,0x79,0x6c,0x69,0x6e,0x65,0x20,0x70,0x6f,0x69,0x6e,
  0x74,0x73,0x3d,0x22,0x36,0x20,0x31,0x37,0x20,0x31,0x31,0x20,0x31,0x32,0x20,0x36,
  0x20,0x37,0x22,0x3e,0x3c,0x2f,0x70,0x6f,0x6c,0x79,0x6c,0x69,0x6e,0x65,0x3e,0x3c,
  0x2f,0x73,0x76,0x67,0x3e,
    // table.svg
  0x0,0x0,0x1,0x4c,
  0x3c,
  0x73,0x76,0x67,0x20,0x78,0x6d,0x6c,0x6e,0x73,0x3d,0x22,0x68,0x74,0x74,0x70,0x3a,
  0x2f,0x2f,0x77,0x77,0x77,0x2e,0x77,0x33,0x2e,0x6f,0x72,0x67,0x2f,0x32,0x30,0x30,
  0x30,0x2f,0x73,0x76,0x67,0x22,0x20,0x77,0x69,0x64,0x74,0x68,0x3d,0x22,0x32,0x34,
  0x22,0x20,0x68,0x65,0x69,0x67,0x68,0x74,0x3d,0x22,0x32,0x34,0x22,0x20,0x76,0x69,
  0x65,0x77,0x42,0x6f,0x78,0x3d,0x22,0x30,0x20,0x30,0x20,0x32,0x34,0x20,0x32,0x34,
  0x22,0x20,0x66,0x69,0x6c,0x6c,0x3d,0x22,0x6e,0x6f,0x6e,0x65,0x22,0x20,0x73,0x74,
  0x72,0x6f,0x6b,0x65,0x3d,0x22,0x23,0x66,0x66,0x66,0x22,0x20,0x73,0x74,0x72,0x6f,
  0x6b,0x65,0x2d,0x77,0x69,0x64,0x74,0x68,0x3d,0x22,0x32,0x22,0x20,0x73,0x74,0x72,
  0x6f,0x6b,0x65,0x2d,0x6c,0x69,0x6e,0x65,0x63,0x61,0x70,0x3d,0x22,0x72,0x6f,0x75,
  0x6e,0x64,0x22,0x20,0x73,0x74,0x72,0x6f,0x6b,0x65,0x2d,0x6c,0x69,0x6e,0x65,0x6a,
  0x6f,0x69,0x6e,0x3d,0x22,0x72,0x6f,0x75,0x6e,0x64,0x22,0x20,0x63,0x6c,0x61,0x73,
  0x73,0x3d,0x22,0x66,0x65,0x61,0x74,0x68,0x65,0x72,0x20,0x66,0x65,0x61,0x74,0x68,
  0x65,0x72,0x2d,0x74,0x61,0x62,0x6c,0x65,0x22,0x3e,0x3c,0x70,0x61,0x74,0x68,0x20,
  0x64,0x3d,0x22,0x4d,0x39,0x20,0x33,0x48,0x35,0x61,0x32,0x20,0x32,0x20,0x30,0x20,
  0x30,0x20,0x30,0x2d,0x32,0x20,0x32,0x76,0x34,0x6d,0x36,0x2d,0x36,0x68,0x31,0x30,
  0x61,0x32,0x20,0x32,0x20,0x30,0x20,0x30,0x20,0x31,0x20,0x32,0x20,0x32,0x76,0x34,
  0x4d,0x39,0x20,0x33,0x76,0x31,0x38,0x6d,0x30,0x20,0x30,0x68,0x31,0x30,0x61,0x32,
  0x20,0x32,0x20,0x30,0x20,0x30,0x20,0x30,0x20,0x32,0x2d,0x32,0x56,0x39,0x4d,0x39,
  0x20,0x32,0x31,0x48,0x35,0x61,0x32,0x20,0x32,0x20,0x30,0x20,0x30,0x20,0x31,0x2d,
  0x32,0x2d,0x32,0x56,0x39,0x6d,0x30,0x20,0x30,0x68,0x31,0x38,0x22,0x3e,0x3c,0x2f,
  0x70,0x61,0x74,0x68,0x3e,0x3c,0x2f,0x73,0x76,0x67,0x3e,
    // align-justify.svg
  0x0,0x0,0x1,0x87,
  0x3c,
  0x73,0x76,0x67,0x20,0x78,0x6d,0x6c,0x6e,0x73,0x3d,0x22,0x68,0x74,0x74,0x70,0x3a,
  0x2f,0x2f,0x77,0x77,0x77,0x2e,0x77,0x33,0x2e,0x6f,0x72,0x67,0x2f,0x32,0x30,0x30,
  0x30,0x2f,0x73,0x76,0x67,0x22,0x20,0x77,0x69,0x64,0x74,0x68,0x3d,0x22,0x32,0x34,
  0x22,0x20,0x68,0x65,0x69,0x67,0x68,0x74,0x3d,0x22,0x32,0x34,0x22,0x20,0x76,0x69,
  0x65,0x77,0x42,0x6f,0x78,0x3d,0x22,0x30,0x20,0x30,0x20,0x32,0x34,0x20,0x32,0x34,
  0x22,0x20,0x66,0x69,0x6c,0x6c,0x3d,0x22,0x6e,0x6f,0x6e,0x65,0x22,0x20,0x73,0x74,
  0x72,0x6f,0x6b,0x65,0x3d,0x22,0x23,0x66,0x66,0x66,0x22,0x20,0x73,0x74,0x72,0x6f,
  0x6b,0x65,0x2d,0x77,0x69,0x64,0x74,0x68,0x3d,0x22,0x32,0x22,0x20,0x73,0x74,0x72,
  0x6f,0x6b,0x65,0x2d,0x6c,0x69,0x6e,0x65,0x63,0x61,0x70,0x3d,0x22,0x72,0x6f,0x75,
  0x6e,0x64,0x22,0x20,0x73,0x74,0x72,0x6f,0x6b,0x65,0x2d,0x6c,0x69,0x6e,0x65,0x6a,
  0x6f,0x69,0x6e,0x3d,0x22,0x72,0x6f,0x75,0x6e,0x64,0x22,0x20,0x63,0x6c,0x61,0x73,
  0x73,0x3d,0x22,0x66,0x65,0x61,0x74,0x68,0x65,0x72,0x20,0x66,0x65,0x61,0x74,0x68,
  0x65,0x72,0x2d,0x61,0x6c,0x69,0x67,0x6e,0x2d,0x6a,0x75,0x73,0x74,0x69,0x66,0x79,
  0x22,0x3e,0x3c,0x6c,0x69,0x6e,0x65,0x20,0x78,0x31,0x3d,0x22,0x32,0x31,0x22,0x20,
  0x79,0x31,0x3d,0x22,0x31,0x30,0x22,0x20,0x78,0x32,0x3d,0x22,0x33,0x22,0x20,0x79,
  0x32,0x3d,0x22,0x31,0x30,0x22,0x3e,0x3c,0x2f,0x6c,0x69,0x6e,0x65,0x3e,0x3c,0x6c,
  0x69,0x6e,0x65,0x20,0x78,0x31,0x3d,0x22,0x32,0x31,0x22,0x20,0x79,0x31,0x3d,0x22,
  0x36,0x22,0x20,0x78,0x32,0x3d,0x22,0x33,0x22,0x20,0x79,0x32,0x3d,0x22,0x36,0x22,
  0x3e,0x3c,0x2f,0x6c,0x69,0x6e,0x65,0x3e,0x3c,0x6c,0x69,0x6e,0x65,0x20,0x78,0x31,
  0x3d,0x22,0x32,0x31,0x22,0x20,0x79,0x31,0x3d,0x22,0x31,0x34,0x22,0x20,0x78,0x32,
  0x3d,0x22,0x33,0x22,0x20,0x79,0x32,0x3d,0x22,0x31,0x34,0x22,0x3e,0x3c,0x2f,0x6c,
  0x69,0x6e,0x65,0x3e,0x3c,0x6c,0x69,0x6e,0x65,0x20,0x78,0x31,0x3d,0x22,0x32,0x31,
  0x22,0x20,0x79,0x31,0x3d,0x22,0x31,0x38,0x22,0x20,0x78,0x32,0x3d,0x22,0x33,0x22,
  0x20,0x79,0x32,0x3d,0x22,0x31,0x38,0x22,0x3e,0x3c,0x2f,0x6c,0x69,0x6e,0x65,0x3e,
  0x3c,0x2f,0x73,0x76,0x67,0x3e,
    // hard-drive.svg
  0x0,0x0,0x1,0xdc,
  0x3c,
  0x73,0x76,0x67,0x20,0x78,0x6d,0x6c,0x6e,0x73,0x3d,0x22,0x68,0x74,0x74,0x70,0x3a,
  0x2f,0x2f,0x77,0x77,0x77,0x2e,0x77,0x33,0x2e,0x6f,0x72,0x67,0x2f,0x32,0x30,0x30,
  0x30,0x2f,0x73,0x76,0x67,0x22,0x20,0x77,0x69,0x64,0x74,0x68,0x3d,0x22,0x32,0x34,
  0x22,0x20,0x68,0x65,0x69,0x67,0x68,0x74,0x3d,0x22,0x32,0x34,0x22,0x20,0x76,0x69,
  0x65,0x77,0x42,0x6f,0x78,0x3d,0x22,0x30,0x20,0x30,0x20,0x32,0x34,0x20,0x32,0x34,
  0x22,0x20,0x66,0x69,0x6c,0x6c,0x3d,0x22,0x6e,0x6f,0x6e,0x65,0x22,0x20,0x73,0x74,
  0x72,0x6f,0x6b,0x65,0x3d,0x22,0x23,0x66,0x66,0x66,0x22,0x20,0x73,0x74,0x72,0x6f,
  0x6b,0x65,0x2d,0x77,0x69,0x64,0x74,0x68,0x3d,0x22,0x32,0x22,0x20,0x73,0x74,0x72,
  0x6f,0x6b,0x65,0x2d,0x6c,0x69,0x6e,0x65,0x63,0x61,0x70,0x3d,0x22,0x72,0x6f,0x75,
  0x6e,0x64,0x22,0x20,0x73,0x74,0x72,0x6f,0x6b,0x65,0x2d,0x6c,0x69,0x6e,0x65,0x6a,
  0x6f,0x69,0x6e,0x3d,0x22,0x72,0x6f,0x75,0x6e,0x64,0x22,0x20,0x63,0x6c,0x61,0x73,
  0x73,0x3d,0x22,0x66,0x65,0x61,0x74,0x68,0x65,0x72,0x20,0x66,0x65,0x61,0x74,0x68,
  0x65,0x72,0x2d,0x68,0x61,0x72,0x64,0x2d,0x64,0x72,0x69,0x76,0x65,0x22,0x3e,0x3c,
  0x6c,0x69,0x6e,0x65,0x20,0x78,0x31,0x3d,0x22,0x32,0x32,0x22,0x20,0x79,0x31,0x3d,
  0x22,0x31,0x32,0x22,0x20,0x78,0x32,0x3d,0x22,0x32,0x22,0x20,0x79,0x32,0x3d,0x22,
  0x31,0x32,0x22,0x3e,0x3c,0x2f,0x6c,0x69,0x6e,0x65,0x3e,0x3c,0x70,0x61,0x74,0x68,
  0x20,0x64,0x3d,0x22,0x4d,0x35,0x2e,0x34,0x35,0x20,0x35,0x2e,0x31,0x31,0x4c,0x32,
  0x20,0x31,0x32,0x76,0x36,0x61,0x32,0x20,0x32,0x20,0x30,0x20,0x30,0x20,0x30,0x20,
  0x32,0x20,0x32,0x68,0x31,0x36,0x61,0x32,0x20,0x32,0x20,0x30,0x20,0x30,0x20,0x30,
  0x20,0x32,0x2d,0x32,0x76,0x2d,0x36,0x6c,0x2d,0x33,0x2e,0x34,0x35,0x2d,0x36,0x2e,
  0x38,0x39,0x41,0x32,0x20,0x32,0x20,0x30,0x20,0x30,0x20,0x30,0x20,0x31,0x36,0x2e,
  0x37,0x36,0x20,0x34,0x48,0x37,0x2e,0x32,0x34,0x61,0x32,0x20,0x32,0x20,0x30,0x20,
  0x30,0x20,0x30,0x2d,0x31,0x2e,0x37,0x39,0x20,0x31,0x2e,0x31,0x31,0x7a,0x22,0x3e,
  0x3c,0x2f,0x70,0x61,0x74,0x68,0x3e,0x3c,0x6c,0x69,0x6e,0x65,0x20,0x78,0x31,0x3d,
  0x22,0x36,0x22,0x20,0x79,0x31,0x3d,0x22,0x31,0x36,0x22,0x20,0x78,0x32,0x3d,0x22,
  0x36,0x2e,0x30,0x31,0x22,0x20,0x79,0x32,0x3d,0x22,0x31,0x36,0x22,0x3e,0x3c,0x2f,
  0x6c,0x69,0x6e,0x65,0x3e,0x3c,0x6c,0x69,0x6e,0x65,0x20,0x78,0x31,0x3d,0x22,0x31,
  0x30,0x22,0x20,0x79,0x31,0x3d,0x22,0x31,0x36,0x22,0x20,0x78,0x32,0x3d,0x22,0x31,
  0x30,0x2e,0x30,0x31,0x22,0x20,0x79,0x32,0x3d,0x22,0x31,0x36,0x22,0x3e,0x3c,0x2f,
  0x6c,0x69,0x6e,0x65,0x3e,0x3c,0x2f,0x73,0x76,0x67,0x3e,
    // aperture.svg
  0x0,0x0,0x2,0x30,
  0x3c,
  0x73,0x76,0x67,0x20,0x78,0x6d,0x6c,0x6e,0x73,0x3d,0x22,0x68,0x74,0x74,0x70,0x3a,
  0x2f,0x2f,0x77,0x77,0x77,0x2e,0x77,0x33,0x2e,0x6f,0x72,0x67,0x2f,0x32,0x30,0x30,
  0x30,0x2f,0x73,0x76,0x67,0x22,0x20,0x77,0x69,0x64,0x74,0x68,0x3d,0x22,0x32,0x34,
  0x22,0x20,0x68,0x65,0x69,0x67,0x68,0x74,0x3d,0x22,0x32,0x34,0x22,0x20,0x76,0x69,
  0x65,0x77,0x42,0x6f,0x78,0x3d,0x22,0x30,0x20,0x30,0x20,0x32,0x34,0x20,0x32,0x34,
  0x22,0x20,0x66,0x69,0x6c,0x6c,0x3d,0x22,0x6e,0x6f,0x6e,0x65,0x22,0x20,0x73,0x74,
  0x72,0x6f,0x6b,0x65,0x3d,0x22,0x23,0x66,0x66,0x66,0x22,0x20,0x73,0x74,0x72,0x6f,
  0x6b,0x65,0x2d,0x77,0x69,0x64,0x74,0x68,0x3d,0x22,0x32,0x22,0x20,0x73,0x74,0x72,
  0x6f,0x6b,0x65,0x2d,0x6c,0x69,0x6e,0x65,0x63,0x61,0x70,0x3d,0x22,0x72,0x6f,0x75,
  0x6e,0x64,0x22,0x20,0x73,0x74,0x72,0x6f,0x6b,0x65,0x2d,0x6c,0x69,0x6e,0x65,0x6a,
  0x6f,0x69,0x6e,0x3d,0x22,0x72,0x6f,0x75,0x6e,0x64,0x22,0x20,0x63,0x6c,0x61,0x73,
  0x73,0x3d,0x22,0x66,0x65,0x61,0x74,0x68,0x65,0x72,0x20,0x66,0x65,0x61,0x74,0x68,
  0x65,0x72,0x2d,0x61,0x70,0x65,0x72,0x74,0x75,0x72,0x65,0x22,0x3e,0x3c,0x63,0x69,
  0x72,0x63,0x6c,0x65,0x20,0x63,0x78,0x3d,0x22,0x31,0x32,0x22,0x20,0x63,0x79,0x3d,
  0x22,0x31,0x32,0x22,0x20,0x72,0x3d,0x22,0x31,0x30,0x22,0x3e,0x3c,0x2f,0x63,0x69,
  0x72,0x63,0x6c,0x65,0x3e,0x3c,0x6c,0x69,0x6e,0x65,0x20,0x78,0x31,0x3d,0x22,0x31,
  0x34,0x2e,0x33,0x31,0x22,0x20,0x79,0x31,0x3d,0x22,0x38,0x22,0x20,0x78,0x32,0x3d,
  0x22,0x32,0x30,0x2e,0x30,0x35,0x22,0x20,0x79,0x32,0x3d,0x22,0x31,0x37,0x2e,0x39,
  0x34,0x22,0x3e,0x3c,0x2f,0x6c,0x69,0x6e,0x65,0x3e,0x3c,0x6c,0x69,0x6e,0x65,0x20,
  0x78,0x31,0x3d,0x22,0x39,0x2e,0x36,0x39,0x22,0x20,0x79,0x31,0x3d,0x22,0x38,0x22,
  0x20,0x78,0x32,0x3d,0x22,0x32,0x31,0x2e,0x31,0x37,0x22,0x20,0x79,0x32,0x3d,0x22,
  0x38,0x22,0x3e,0x3c,0x2f,0x6c,0x69,0x6e,0x65,0x3e,0x3c,0x6c,0x69,0x6e,0x65,0x20,
  0x78,0x31,0x3d,0x22,0x37,0x2e,0x33,0x38,0x22,0x20,0x79,0x31,0x3d,0x22,0x31,0x32,
  0x22,0x20,0x78,0x32,0x3d,0x22,0x31,0x33,0x2e,0x31,0x32,0x22,0x20,0x79,0x32,0x3d,
  0x22,0x32,0x2e,0x30,0x36,0x22,0x3e,0x3c,0x2f,0x6c,0x69,0x6e,0x65,0x3e,0x3c,0x6c,
  0x69,0x6e,0x65,0x20,0x78,0x31,0x3d,0x22,0x39,0x2e,0x36,0x39,0x22,0x20,0x79,0x31,
  0x3d,0x22,0x31,0x36,0x22,0x20,0x78,0x32,0x3d,0x22,0x33,0x2e,0x39,0x35,0x22,0x20,
  0x79,0x32,0x3d,0x22,0x36,0x2e,0x30,0x36,0x22,0x3e,0x3c,0x2f,0x6c,0x69,0x6e,0x65,
  0x3e,0x3c,0x6c,0x69,0x6e,0x65,0x20,0x78,0x31,0x3d,0x22,0x31,0x34,0x2e,0x33,0x31,
  0x22,0x20,0x79,0x31,0x3d,0x22,0x31,0x36,0x22,0x20,0x78,0x32,0x3d,0x22,0x32,0x2e,
  0x38,0x33,0x22,0x20,0x79,0x32,0x3d,0x22,0x31,0x36,0x22,0x3e,0x3c,0x2f,0x6c,0x69,
  0x6e,0x65,0x3e,0x3c,0x6c,0x69,0x6e,0x65,0x20,0x78,0x31,0x3d,0x22,0x31,0x36,0x2e,
  0x36,0x32,0x22,0x20,0x79,0x31,0x3d,0x22,0x31,0x32,0x22,0x20,0x78,0x32,0x3d,0x22,
  0x31,0x30,0x2e,0x38,0x38,0x22,0x20,0x79,0x32,0x3d,0x22,0x32,0x31,0x2e,0x39,0x34,
  0x22,0x3e,0x3c,0x2f,0x6c,0x69,0x6e,0x65,0x3e,0x3c,0x2f,0x73,0x76,0x67,0x3e,
    // linkedin.svg
  0x0,0x0,0x1,0x88,
  0x3c,
  0x73,0x76,0x67,0x20,0x78,0x6d,0x6c,0x6e,0x73,0x3d,0x22,0x68,0x74,0x74,0x70,0x3a,
  0x2f,0x2f,0x77,0x77,0x77,0x2e,0x77,0x33,0x2e,0x6f,0x72,0x67,0x2f,0x32,0x30,0x30,
  0x30,0x2f,0x73,0x76,0x67,0x22,0x20,0x77,0x69,0x64,0x74,0x68,0x3d,0x22,0x32,0x34,
  0x22,0x20,0x68,0x65,0x69,0x67,0x68,0x74,0x3d,0x22,0x32,0x34,0x22,0x20,0x76,0x69,
  0x65,0x77,0x42,0x6f,0x78,0x3d,0x22,0x30,0x20,0x30,0x20,0x32,0x34,0x20,0x32,0x34,
  0x22,0x20,0x66,0x69,0x6c,0x6c,0x3d,0x22,0x6e,0x6f,0x6e,0x65,0x22,0x20,0x73,0x74,
  0x72,0x6f,0x6b,0x65,0x3d,0x22,0x23,0x66,0x66,0x66,0x22,0x20,0x73,0x74,0x72,0x6f,
  0x6b,0x65,0x2d,0x77,0x69,0x64,0x74,0x68,0x3d,0x22,0x32,0x22,0x20,0x73,0x74,0x72,
  0x6f,0x6b,0x65,0x2d,0x6c,0x69,0x6e,0x65,0x63,0x61,0x70,0x3d,0x22,0x72,0x6f,0x75,
  0x6e,0x64,0x22,0x20,0x73,0x74,0x72,0x6f,0x6b,0x65,0x2d,0x6c,0x69,0x6e,0x65,0x6a,
  0x6f,0x69,0x6e,0x3d,0x22,0x72,0x6f,0x75,0x6e,0x64,0x22,0x20,0x63,0x6c,0x61,0x73,
  0x73,0x3d,0x22,0x66,0x65,0x61,0x74,0x68,0x65,0x72,0x20,0x66,0x65,0x61,0x74,0x68,
  0x65,0x72,0x2d,0x6c,0x69,0x6e,0x6b,0x65,0x64,0x69,0x6e,0x22,0x3e,0x3c,0x70,0x61,
  0x74,0x68,0x20,0x64,0x3d,0x22,0x4d,0x31,0x36,0x20,0x38,0x61,0x36,0x20,0x36,0x20,
  0x30,0x20,0x30,0x20,0x31,0x20,0x36,0x20,0x36,0x76,0x37,0x68,0x2d,0x34,0x76,0x2d,
  0x37,0x61,0x32,0x20,0x32,0x20,0x30,0x20,0x30,0x20,0x30,0x2d,0x32,0x2d,0x32,0x20,
  0x32,0x20,0x32,0x20,0x30,0x20,0x30,0x20,0x30,0x2d,0x32,0x20,0x32,0x76,0x37,0x68,
  0x2d,0x34,0x76,0x2d,0x37,0x61,0x36,0x20,0x36,0x20,0x30,0x20,0x30,0x20,0x31,0x20,
  0x36,0x2d,0x36,0x7a,0x22,0x3e,0x3c,0x2f,0x70,0x61,0x74,0x68,0x3e,0x3c,0x72,0x65,
  0x63,0x74,0x20,0x78,0x3d,0x22,0x32,0x22,0x20,0x79,0x3d,0x22,0x39,0x22,0x20,0x77,
  0x69,0x64,0x74,0x68,0x3d,0x22,0x34,0x22,0x20,0x68,0x65,0x69,0x67,0x68,0x74,0x3d,
  0x22,0x31,0x32,0x22,0x3e,0x3c,0x2f,0x72,0x65,0x63,0x74,0x3e,0x3c,0x63,0x69,0x72,
  0x63,0x6c,0x65,0x20,0x63,0x78,0x3d,0x22,0x34,0x22,0x20,0x63,0x79,0x3d,0x22,0x34,
  0x22,0x20,0x72,0x3d,0x22,0x32,0x22,0x3e,0x3c,0x2f,0x63,0x69,0x72,0x63,0x6c,0x65,
  0x3e,0x3c,0x2f,0x73,0x76,0x67,0x3e,
    // tablet.svg
  0x0,0x0,0x1,0x40,
  0x3c,
  0x73,0x76,0x67,0x20,0x78,0x6d,0x6c,0x6e,0x73,0x3d,0x22,0x68,0x74,0x74,0x70,0x3a,
  0x2f,0x2f,0x77,0x77,0x77,0x2e,0x77,0x33,0x2e,0x6f,0x72,0x67,0x2f,0x32,0x30,0x30,
  0x30,0x2f,0x73,0x76,0x67,0x22,0x20,0x77,0x69,0x64,0x74,0x68,0x3d,0x22,0x32,0x34,
  0x22,0x20,0x68,0x65,0x69,0x67,0x68,0x74,0x3d,0x22,0x32,0x34,0x22,0x20,0x76,0x69,
  0x65,0x77,0x42,0x6f,0x78,0x3d,0x22,0x30,0x20,0x30,0x20,0x32,0x34,0x20,0x32,0x34,
  0x22,0x20,0x66,0x69,0x6c,0x6c,0x3d,0x22,0x6e,0x6f,0x6e,0x65,0x22,0x20,0x73,0x74,
  0x72,0x6f,0x6b,0x65,0x3d,0x22,0x23,0x66,0x66,0x66,0x22,0x20,0x73,0x74,0x72,0x6f,
  0x6b,0x65,0x2d,0x77,0x69,0x64,0x74,0x68,0x3d,0x22,0x32,0x22,0x20,0x73,0x74,0x72,
  0x6f,0x6b,0x65,0x2d,0x6c,0x69,0x6e,0x65,0x63,0x61,0x70,0x3d,0x22,0x72,0x6f,0x75,
  0x6e,0x64,0x22,0x20,0x73,0x74,0x72,0x6f,0x6b,0x65,0x2d,0x6c,0x69,0x6e,0x65,0x6a,
  0x6f,0x69,0x6e,0x3d,0x22,0x72,0x6f,0x75,0x6e,0x64,0x22,0x20,0x63,0x6c,0x61,0x73,
  0x73,0x3d,0x22,0x66,0x65,0x61,0x74,0x68,0x65,0x72,0x20,0x66,0x65,0x61,0x74,0x68,
  0x65,0x72,0x2d,0x74,0x61,0x62,0x6c,0x65,0x74,0x22,0x3e,0x3c,0x72,0x65,0x63,0x74,
  0x20,0x78,0x3d,0x22,0x34,0x22,0x20,0x79,0x3d,0x22,0x32,0x22,0x20,0x77,0x69,0x64,
  0x74,0x68,0x3d,0x22,0x31,0x36,0x22,0x20,0x68,0x65,0x69,0x67,0x68,0x74,0x3d,0x22,
  0x32,0x30,0x22,0x20,0x72,0x78,0x3d,0x22,0x32,0x22,0x20,0x72,0x79,0x3d,0x22,0x32,
  0x22,0x3e,0x3c,0x2f,0x72,0x65,0x63,0x74,0x3e,0x3c,0x6c,0x69,0x6e,0x65,0x20,0x78,
  0x31,0x3d,0x22,0x31,0x32,0x22,0x20,0x79,0x31,0x3d,0x22,0x31,0x38,0x22,0x20,0x78,
  0x32,0x3d,0x22,0x31,0x32,0x2e,0x30,0x31,0x22,0x20,0x79,0x32,0x3d,0x22,0x31,0x38,
  0x22,0x3e,0x3c,0x2f,0x6c,0x69,0x6e,0x65,0x3e,0x3c,0x2f,0x73,0x76,0x67,0x3e,
    // copy.svg
  0x0,0x0,0x1,0x57,
  0x3c,
  0x73,0x76,0x67,0x20,0x78,0x6d,0x6c,0x6e,0x73,0x3d,0x22,0x68,0x74,0x74,0x70,0x3a,
  0x2f,0x2f,0x77,0x77,0x77,0x2e,0x77,0x33,0x2e,0x6f,0x72,0x67,0x2f,0x32,0x30,0x30,
  0x30,0x2f,0x73,0x76,0x67,0x22,0x20,0x77,0x69,0x64,0x74,0x68,0x3d,0x22,0x32,0x34,
  0x22,0x20,0x68,0x65,0x69,0x67,0x68,0x74,0x3d,0x22,0x32,0x34,0x22,0x20,0x76,0x69,
  0x65,0x77,0x42,0x6f,0x78,0x3d,0x22,0x30,0x20,0x30,0x20,0x32,0x34,0x20,0x32,0x34,
  0x22,0x20,0x66,0x69,0x6c,0x6c,0x3d,0x22,0x6e,0x6f,0x6e,0x65,0x22,0x20,0x73,0x74,
  0x72,0x6f,0x6b,0x65,0x3d,0x22,0x23,0x66,0x66,0x66,0x22,0x20,0x73,0x74,0x72,0x6f,
  0x6b,0x65,0x2d,0x77,0x69,0x64,0x74,0x68,0x3d,0x22,0x32,0x22,0x20,0x73,0x74,0x72,
  0x6f,0x6b,0x65,0x2d,0x6c,0x69,0x6e,0x65,0x63,0x61,0x70,0x3d,0x22,0x72,0x6f,0x75,
  0x6e,0x64,0x22,0x20,0x73,0x74,0x72,0x6f,0x6b,0x65,0x2d,0x6c,0x69,0x6e,0x65,0x6a,
  0x6f,0x69,0x6e,0x3d,0x22,0x72,0x6f,0x75,0x6e,0x64,0x22,0x20,0x63,0x6c,0x61,0x73,
  0x73,0x3d,0x22,0x66,0x65,0x61,0x74,0x68,0x65,0x72,0x20,0x66,0x65,0x61,0x74,0x68,
  0x65,0x72,0x2d,0x63,0x6f,0x70,0x79,0x22,0x3e,0x3c,0x72,0x65,0x63,0x74,0x20,0x78,
  0x3d,0x22,0x39,0x22,0x20,0x79,0x3d,0x22,0x39,0x22,0x20,0x77,0x69,0x64,0x74,0x68,
  0x3d,0x22,0x31,0x33,0x22,0x20,0x68,0x65,0x69,0x67,0x68,0x74,0x3d,0x22,0x31,0x33,
  0x22,0x20,0x72,0x78,0x3d,0x22,0x32,0x22,0x20,0x72,0x79,0x3d,0x22,0x32,0x22,0x3e,
  0x3c,0x2f,0x72,0x65,0x63,0x74,0x3e,0x3c,0x70,0x61,0x74,0x68,0x20,0x64,0x3d,0x22,
  0x4d,0x35,0x20,0x31,0x35,0x48,0x34,0x61,0x32,0x20,0x32,0x20,0x30,0x20,0x30,0x20,
  0x31,0x2d,0x32,0x2d,0x32,0x56,0x34,0x61,0x32,0x20,0x32,0x20,0x30,0x20,0x30,0x20,
  0x31,0x20,0x32,0x2d,0x32,0x68,0x39,0x61,0x32,0x20,0x32,0x20,0x30,0x20,0x30,0x20,
  0x31,0x20,0x32,0x20,0x32,0x76,0x31,0x22,0x3e,0x3c,0x2f,0x70,0x61,0x74,0x68,0x3e,
  0x3c,0x2f,0x73,0x76,0x67,0x3e,
    // speaker.svg
  0x0,0x0,0x1,0x66,
  0x3c,
  0x73,0x76,0x67,0x20,0x78,0x6d,0x6c,0x6e,0x73,0x3d,0x22,0x68,0x74,0x74,0x70,0x3a,
  0x2f,0x2f,0x77,0x77,0x77,0x2e,0x77,0x33,0x2e,0x6f,0x72,0x67,0x2f,0x32,0x30,0x30,
  0x30,0x2f,0x73,0x76,0x67,0x22,0x20,0x77,0x69,0x64,0x74,0x68,0x3d,0x22,0x32,0x34,
  0x22,0x20,0x68,0x65,0x69,0x67,0x68,0x74,0x3d,0x22,0x32,0x34,0x22,0x20,0x76,0x69,
  0x65,0x77,0x42,0x6f,0x78,0x3d,0x22,0x30,0x20,0x30,0x20,0x32,0x34,0x20,0x32,0x34,
  0x22,0x20,0x66,0x69,0x6c,0x6c,0x3d,0x22,0x6e,0x6f,0x6e,0x65,0x22,0x20,0x73,0x74,
  0x72,0x6f,0x6b,0x65,0x3d,0x22,0x23,0x66,0x66,0x66,0x22,0x20,0x73,0x74,0x72,0x6f,
  0x6b,0x65,0x2d,0x77,0x69,0x64,0x74,0x68,0x3d,0x22,0x32,0x22,0x20,0x73,0x74,0x72,
  0x6f,0x6b,0x65,0x2d,0x6c,0x69,0x6e,0x65,0x63,0x61,0x70,0x3d,0x22,0x72,0x6f,0x75,
  0x6e,0x64,0x22,0x20,0x73,0x74,0x72,0x6f,0x6b,0x65,0x2d,0x6c,0x69,0x6e,0x65,0x6a,
  0x6f,0x69,0x6e,0x3d,0x22,0x72,0x6f,0x75,0x6e,0x64,0x22,0x20,0x63,0x6c,0x61,0x73,
  0x73,0x3d,0x22,0x66,0x65,0x61,0x74,0x68,0x65,0x72,0x20,0x66,0x65,0x61,0x74,0x68,
  0x65,0x72,0x2d,0x73,0x70,0x65,0x61,0x6b,0x65,0x72,0x22,0x3e,0x3c,0x72,0x65,0x63,
  0x74,0x20,0x78,0x3d,0x22,0x34,0x22,0x20,0x79,0x3d,0x22,0x32,0x22,0x20,0x77,0x69,
  0x64,0x74,0x68,0x3d,0x22,0x31,0x36,0x22,0x20,0x68,0x65,0x69,0x67,0x68,0x74,0x3d,
  0x22,0x32,0x30,0x22,0x20,0x72,0x78,0x3d,0x22,0x32,0x22,0x20,0x72,0x79,0x3d,0x22,
  0x32,0x22,0x3e,0x3c,0x2f,0x72,0x65,0x63,0x74,0x3e,0x3c,0x63,0x69,0x72,0x63,0x6c,
  0x65,0x20,0x63,0x78,0x3d,0x22,0x31,0x32,0x22,0x20,0x63,0x79,0x3d,0x22,0x31,0x34,
  0x22,0x20,0x72,0x3d,0x22,0x34,0x22,0x3e,0x3c,0x2f,0x63,0x69,0x72,0x63,0x6c,0x65,
  0x3e,0x3c,0x6c,0x69,0x6e,0x65,0x20,0x78,0x31,0x3d,0x22,0x31,0x32,0x22,0x20,0x79,
  0x31,0x3d,0x22,0x36,0x22,0x20,0x78,0x32,0x3d,0x22,0x31,0x32,0x2e,0x30,0x31,0x22,
  0x20,0x79,0x32,0x3d,0x22,0x36,0x22,0x3e,0x3c,0x2f,0x6c,0x69,0x6e,0x65,0x3e,0x3c,
  0x2f,0x73,0x76,0x67,0x3e,
    // corner-up-right.svg
  0x0,0x0,0x1,0x34,
  0x3c,
  0x73,0x76,0x67,0x20,0x78,0x6d,0x6c,0x6e,0x73,0x3d,0x22,0x68,0x74,0x74,0x70,0x3a,
  0x2f,0x2f,0x77,0x77,0x77,0x2e,0x77,0x33,0x2e,0x6f,0x72,0x67,0x2f,0x32,0x30,0x30,
  0x30,0x2f,0x73,0x76,0x67,0x22,0x20,0x77,0x69,0x64,0x74,0x68,0x3d,0x22,0x32,0x34,
  0x22,0x20,0x68,0x65,0x69,0x67,0x68,0x74,0x3d,0x22,0x32,0x34,0x22,0x20,0x76,0x69,
  0x65,0x77,0x42,0x6f,0x78,0x3d,0x22,0x30,0x20,0x30,0x20,0x32,0x34,0x20,0x32,0x34,
  0x22,0x20,0x66,0x69,0x6c,0x6c,0x3d,0x22,0x6e,0x6f,0x6e,0x65,0x22,0x20,0x73,0x74,
  0x72,0x6f,0x6b,0x65,0x3d,0x22,0x23,0x66,0x66,0x66,0x22,0x20,0x73,0x74,0x72,0x6f,
  0x6b,0x65,0x2d,0x77,0x69,0x64,0x74,0x68,0x3d,0x22,0x32,0x22,0x20,0x73,0x74,0x72,
  0x6f,0x6b,0x65,0x2d,0x6c,0x69,0x6e,0x65,0x63,0x61,0x70,0x3d,0x22,0x72,0x6f,0x75,
  0x6e,0x64,0x22,0x20,0x73,0x74,0x72,0x6f,0x6b,0x65,0x2d,0x6c,0x69,0x6e,0x65,0x6a,
  0x6f,0x69,0x6e,0x3d,0x22,0x72,0x6f,0x75,0x6e,0x64,0x22,0x20,0x63,0x6c,0x61,0x73,
  0x73,0x3d,0x22,0x66,0x65,0x61,0x74,0x68,0x65,0x72,0x20,0x66,0x65,0x61,0x74,0x68,
  0x65,0x72,0x2d,0x63,0x6f,0x72,0x6e,0x65,0x72,0x2d,0x75,0x70,0x2d,0x72,0x69,0x67,
  0x68,0x74,0x22,0x3e,0x3c,0x70,0x6f,0x6c,0x79,0x6c,0x69,0x6e,0x65,0x20,0x70,0x6f,
  0x69,0x6e,0x74,0x73,0x3d,0x22,0x31,0x35,0x20,0x31,0x34,0x20,0x32,0x30,0x20,0x39,
  0x20,0x31,0x35,0x20,0x34,0x22,0x3e,0x3c,0x2f,0x70,0x6f,0x6c,0x79,0x6c,0x69,0x6e,
  0x65,0x3e,0x3c,0x70,0x61,0x74,0x68,0x20,0x64,0x3d,0x22,0x4d,0x34,0x20,0x32,0x30,
  0x76,0x2d,0x37,0x61,0x34,0x20,0x34,0x20,0x30,0x20,0x30,0x20,0x31,0x20,0x34,0x2d,
  0x34,0x68,0x31,0x32,0x22,0x3e,0x3c,0x2f,0x70,0x61,0x74,0x68,0x3e,0x3c,0x2f,0x73,
  0x76,0x67,0x3e,
    // film.svg
  0x0,0x0,0x2,0x42,
  0x3c,
  0x73,0x76,0x67,0x20,0x78,0x6d,0x6c,0x6e,0x73,0x3d,0x22,0x68,0x74,0x74,0x70,0x3a,
  0x2f,0x2f,0x77,0x77,0x77,0x2e,0x77,0x33,0x2e,0x6f,0x72,0x67,0x2f,0x32,0x30,0x30,
  0x30,0x2f,0x73,0x76,0x67,0x22,0x20,0x77,0x69,0x64,0x74,0x68,0x3d,0x22,0x32,0x34,
  0x22,0x20,0x68,0x65,0x69,0x67,0x68,0x74,0x3d,0x22,0x32,0x34,0x22,0x20,0x76,0x69,
  0x65,0x77,0x42,0x6f,0x78,0x3d,0x22,0x30,0x20,0x30,0x20,0x32,0x34,0x20,0x32,0x34,
  0x22,0x20,0x66,0x69,0x6c,0x6c,0x3d,0x22,0x6e,0x6f,0x6e,0x65,0x22,0x20,0x73,0x74,
  0x72,0x6f,0x6b,0x65,0x3d,0x22,0x23,0x66,0x66,0x66,0x22,0x20,0x73,0x74,0x72,0x6f,
  0x6b,0x65,0x2d,0x77,0x69,0x64,0x74,0x68,0x3d,0x22,0x32,0x22,0x20,0x73,0x74,0x72,
  0x6f,0x6b,0x65,0x2d,0x6c,0x69,0x6e,0x65,0x63,0x61,0x70,0x3d,0x22,0x72,0x6f,0x75,
  0x6e,0x64,0x22,0x20,0x73,0x74,0x72,0x6f,0x6b,0x65,0x2d,0x6c,0x69,0x6e,0x65,0x6a,
  0x6f,0x69,0x6e,0x3d,0x22,0x72,0x6f,0x75,0x6e,0x64,0x22,0x20,0x63,0x6c,0x61,0x73,
  0x73,0x3d,0x22,0x66,0x65,0x61,0x74,0x68,0x65,0x72,0x20,0x66,0x65,0x61,0x74,0x68,
  0x65,0x72,0x2d,0x66,0x69,0x6c,0x6d,0x22,0x3e,0x3c,0x72,0x65,0x63,0x74,0x20,0x78,
  0x3d,0x22,0x32,0x22,0x20,0x79,0x3d,0x22,0x32,0x22,0x20,0x77,0x69,0x64,0x74,0x68,
  0x3d,0x22,0x32,0x30,0x22,0x20,0x68,0x65,0x69,0x67,0x68,0x74,0x3d,0x22,0x32,0x30,
  0x22,0x20,0x72,0x78,0x3d,0x22,0x32,0x2e,0x31,0x38,0x22,0x20,0x72,0x79,0x3d,0x22,
  0x32,0x2e,0x31,0x38,0x22,0x3e,0x3c,0x2f,0x72,0x65,0x63,0x74,0x3e,0x3c,0x6c,0x69,
  0x6e,0x65,0x20,0x78,0x31,0x3d,0x22,0x37,0x22,0x20,0x79,0x31,0x3d,0x22,0x32,0x22,
  0x20,0x78,0x32,0x3d,0x22,0x37,0x22,0x20,0x79,0x32,0x3d,0x22,0x32,0x32,0x22,0x3e,
  0x3c,0x2f,0x6c,0x69,0x6e,0x65,0x3e,0x3c,0x6c,0x69,0x6e,0x65,0x20,0x78,0x31,0x3d,
  0x22,0x31,0x37,0x22,0x20,0x79,0x31,0x3d,0x22,0x32,0x22,0x20,0x78,0x32,0x3d,0x22,
  0x31,0x37,0x22,0x20,0x79,0x32,0x3d,0x22,0x32,0x32,0x22,0x3e,0x3c,0x2f,0x6c,0x69,
  0x6e,0x65,0x3e,0x3c,0x6c,0x69,0x6e,0x65,0x20,0x78,0x31,0x3d,0x22,0x32,0x22,0x20,
  0x79,0x31,0x3d,0x22,0x31,0x32,0x22,0x20,0x78,0x32,0x3d,0x22,0x32,0x32,0x22,0x20,
  0x79,0x32,0x3d,0x22,0x31,0x32,0x22,0x3e,0x3c,0x2f,0x6c,0x69,0x6e,0x65,0x3e,0x3c,
  0x6c,0x69,0x6e,0x65,0x20,0x78,0x31,0x3d,0x22,0x32,0x22,0x20,0x79,0x31,0x3d,0x22,
  0x37,0x22,0x20,0x78,0x32,0x3d,0x22,0x37,0x22,0x20,0x79,0x32,0x3d,0x22,0x37,0x22,
  0x3e,0x3c,0x2f,0x6c,0x69,0x6e,0x65,0x3e,0x3c,0x6c,0x69,0x6e,0x65,0x20,0x78,0x31,
  0x3d,0x22,0x32,0x22,0x20,0x79,0x31,0x3d,0x22,0x31,0x37,0x22,0x20,0x78,0x32,0x3d,
  0x22,0x37,0x22,0x20,0x79,0x32,0x3d,0x22,0x31,0x37,0x22,0x3e,0x3c,0x2f,0x6c,0x69,
  0x6e,0x65,0x3e,0x3c,0x6c,0x69,0x6e,0x65,0x20,0x78,0x31,0x3d,0x22,0x31,0x37,0x22,
  0x20,0x79,0x31,0x3d,0x22,0x31,0x37,0x22,0x20,0x78,0x32,0x3d,0x22,0x32,0x32,0x22,
  0x20,0x79,0x32,0x3d,0x22,0x31,0x37,0x22,0x3e,0x3c,0x2f,0x6c,0x69,0x6e,0x65,0x3e,
  0x3c,0x6c,0x69,0x6e,0x65,0x20,0x78,0x31,0x3d,0x22,0x31,0x37,0x22,0x20,0x79,0x31,
  0x3d,0x22,0x37,0x22,0x20,0x78,0x32,0x3d,0x22,0x32,0x32,0x22,0x20,0x79,0x32,0x3d,
  0x22,0x37,0x22,0x3e,0x3c,0x2f,0x6c,0x69,0x6e,0x65,0x3e,0x3c,0x2f,0x73,0x76,0x67,
  0x3e,
    // phone-call.svg
  0x0,0x0,0x2,0x38,
  0x3c,
  0x73,0x76,0x67,0x20,0x78,0x6d,0x6c,0x6e,0x73,0x3d,0x22,0x68,0x74,0x74,0x70,0x3a,
  0x2f,0x2f,0x77,0x77,0x77,0x2e,0x77,0x33,0x2e,0x6f,0x72,0x67,0x2f,0x32,0x30,0x30,
  0x30,0x2f,0x73,0x76,0x67,0x22,0x20,0x77,0x69,0x64,0x74,0x68,0x3d,0x22,0x32,0x34,
  0x22,0x20,0x68,0x65,0x69,0x67,0x68,0x74,0x3d,0x22,0x32,0x34,0x22,0x20,0x76,0x69,
  0x65,0x77,0x42,0x6f,0x78,0x3d,0x22,0x30,0x20,0x30,0x20,0x32,0x34,0x20,0x32,0x34,
  0x22,0x20,0x66,0x69,0x6c,0x6c,0x3d,0x22,0x6e,0x6f,0x6e,0x65,0x22,0x20,0x73,0x74,
  0x72,0x6f,0x6b,0x65,0x3d,0x22,0x23,0x66,0x66,0x66,0x22,0x20,0x73,0x74,0x72,0x6f,
  0x6b,0x65,0x2d,0x77,0x69,0x64,0x74,0x68,0x3d,0x22,0x32,0x22,0x20,0x73,0x74,0x72,
  0x6f,0x6b,0x65,0x2d,0x6c,0x69,0x6e,0x65,0x63,0x61,0x70,0x3d,0x22,0x72,0x6f,0x75,
  0x6e,0x64,0x22,0x20,0x73,0x74,0x72,0x6f,0x6b,0x65,0x2d,0x6c,0x69,0x6e,0x65,0x6a,
  0x6f,0x69,0x6e,0x3d,0x22,0x72,0x6f,0x75,0x6e,0x64,0x22,0x20,0x63,0x6c,0x61,0x73,
  0x73,0x3d,0x22,0x66,0x65,0x61,0x74,0x68,0x65,0x72,0x20,0x66,0x65,0x61,0x74,0x68,
  0x65,0x72,0x2d,0x70,0x68,0x6f,0x6e,0x65,0x2d,0x63,0x61,0x6c,0x6c,0x22,0x3e,0x3c,
  0x70,0x61,0x74,0x68,0x20,0x64,0x3d,0x22,0x4d,0x31,0x35,0x2e,0x30,0x35,0x20,0x35,
  0x41,0x35,0x20,0x35,0x20,0x30,0x20,0x30,0x20,0x31,0x20,0x31,0x39,0x20,0x38,0x2e,
  0x39,0x35,0x4d,0x31,0x35,0x2e,0x30,0x35,0x20,0x31,0x41,0x39,0x20,0x39,0x20,0x30,
  0x20,0x30,0x20,0x31,0x20,0x32,0x33,0x20,0x38,0x2e,0x39,0x34,0x6d,0x2d,0x31,0x20,
  0x37,0x2e,0x39,0x38,0x76,0x33,0x61,0x32,0x20,0x32,0x20,0x30,0x20,0x30,0x20,0x31,
  0x2d,0x32,0x2e,0x31,0x38,0x20,0x32,0x20,0x31,0x39,0x2e,0x37,0x39,0x20,0x31,0x39,
  0x2e,0x37,0x39,0x20,0x30,0x20,0x30,0x20,0x31,0x2d,0x38,0x2e,0x36,0x33,0x2d,0x33,
  0x2e,0x30,0x37,0x20,0x31,0x39,0x2e,0x35,0x20,0x31,0x39,0x2e,0x35,0x20,0x30,0x20,
  0x30,0x20,0x31,0x2d,0x36,0x2d,0x36,0x20,0x31,0x39,0x2e,0x37,0x39,0x20,0x31,0x39,
  0x2e,0x37,0x39,0x20,0x30,0x20,0x30,0x20,0x31,0x2d,0x33,0x2e,0x30,0x37,0x2d,0x38,
  0x2e,0x36,0x37,0x41,0x32,0x20,0x32,0x20,0x30,0x20,0x30,0x20,0x31,0x20,0x34,0x2e,
  0x31,0x31,0x20,0x32,0x68,0x33,0x61,0x32,0x20,0x32,0x20,0x30,0x20,0x30,0x20,0x31,
  0x20,0x32,0x20,0x31,0x2e,0x37,0x32,0x20,0x31,0x32,0x2e,0x38,0x34,0x20,0x31,0x32,
  0x2e,0x38,0x34,0x20,0x30,0x20,0x30,0x20,0x30,0x20,0x2e,0x37,0x20,0x32,0x2e,0x38,
  0x31,0x20,0x32,0x20,0x32,0x20,0x30,0x20,0x30,0x20,0x31,0x2d,0x2e,0x34,0x35,0x20,
  0x32,0x2e,0x31,0x31,0x4c,0x38,0x2e,0x30,0x39,0x20,0x39,0x2e,0x39,0x31,0x61,0x31,
  0x36,0x20,0x31,0x36,0x20,0x30,0x20,0x30,0x20,0x30,0x20,0x36,0x20,0x36,0x6c,0x31,
  0x2e,0x32,0x37,0x2d,0x31,0x2e,0x32,0x37,0x61,0x32,0x20,0x32,0x20,0x30,0x20,0x30,
  0x20,0x31,0x20,0x32,0x2e,0x31,0x31,0x2d,0x2e,0x34,0x35,0x20,0x31,0x32,0x2e,0x38,
  0x34,0x20,0x31,0x32,0x2e,0x38,0x34,0x20,0x30,0x20,0x30,0x20,0x30,0x20,0x32,0x2e,
  0x38,0x31,0x2e,0x37,0x41,0x32,0x20,0x32,0x20,0x30,0x20,0x30,0x20,0x31,0x20,0x32,
  0x32,0x20,0x31,0x36,0x2e,0x39,0x32,0x7a,0x22,0x3e,0x3c,0x2f,0x70,0x61,0x74,0x68,
  0x3e,0x3c,0x2f,0x73,0x76,0x67,0x3e,
    // arrow-right.svg
  0x0,0x0,0x1,0x32,
  0x3c,
  0x73,0x76,0x67,0x20,0x78,0x6d,0x6c,0x6e,0x73,0x3d,0x22,0x68,0x74,0x74,0x70,0x3a,
  0x2f,0x2f,0x77,0x77,0x77,0x2e,0x77,0x33,0x2e,0x6f,0x72,0x67,0x2f,0x32,0x30,0x30,
  0x30,0x2f,0x73,0x76,0x67,0x22,0x20,0x77,0x69,0x64,0x74,0x68,0x3d,0x22,0x32,0x34,
  0x22,0x20,0x68,0x65,0x69,0x67,0x68,0x74,0x3d,0x22,0x32,0x34,0x22,0x20,0x76,0x69,
  0x65,0x77,0x42,0x6f,0x78,0x3d,0x22,0x30,0x20,0x30,0x20,0x32,0x34,0x20,0x32,0x34,
  0x22,0x20,0x66,0x69,0x6c,0x6c,0x3d,0x22,0x6e,0x6f,0x6e,0x65,0x22,0x20,0x73,0x74,
  0x72,0x6f,0x6b,0x65,0x3d,0x22,0x23,0x66,0x66,0x66,0x22,0x20,0x73,0x74,0x72,0x6f,
  0x6b,0x65,0x2d,0x77,0x69,0x64,0x74,0x68,0x3d,0x22,0x32,0x22,0x20,0x73,0x74,0x72,
  0x6f,0x6b,0x65,0x2d,0x6c,0x69,0x6e,0x65,0x63,0x61,0x70,0x3d,0x22,0x72,0x6f,0x75,
  0x6e,0x64,0x22,0x20,0x73,0x74,0x72,0x6f,0x6b,0x65,0x2d,0x6c,0x69,0x6e,0x65,0x6a,
  0x6f,0x69,0x6e,0x3d,0x22,0x72,0x6f,0x75,0x6e,0x64,0x22,0x20,0x63,0x6c,0x61,0x73,
  0x73,0x3d,0x22,0x66,0x65,0x61,0x74,0x68,0x65,0x72,0x20,0x66,0x65,0x61,0x74,0x68,
  0x65,0x72,0x2d,0x61,0x72,0x72,0x6f,0x77,0x2d,0x72,0x69,0x67,0x68,0x74,0x22,0x3e,
  0x3c,0x6c,0x69,0x6e,0x65,0x20,0x78,0x31,0x3d,0x22,0x35,0x22,0x20,0x79,0x31,0x3d,
  0x22,0x31,0x32,0x22,0x20,0x78,0x32,0x3d,0x22,0x31,0x39,0x22,0x20,0x79,0x32,0x3d,
  0x22,0x31,0x32,0x22,0x3e,0x3c,0x2f,0x6c,0x69,0x6e,0x65,0x3e,0x3c,0x70,0x6f,0x6c,
  0x79,0x6c,0x69,0x6e,0x65,0x20,0x70,0x6f,0x69,0x6e,0x74,0x73,0x3d,0x22,0x31,0x32,
  0x20,0x35,0x20,0x31,0x39,0x20,0x31,0x32,0x20,0x31,0x32,0x20,0x31,0x39,0x22,0x3e,
  0x3c,0x2f,0x70,0x6f,0x6c,0x79,0x6c,0x69,0x6e,0x65,0x3e,0x3c,0x2f,0x73,0x76,0x67,
  0x3e,
    // arrow-left.svg
  0x0,0x0,0x1,0x30,
  0x3c,
  0x73,0x76,0x67,0x20,0x78,0x6d,0x6c,0x6e,0x73,0x3d,0x22,0x68,0x74,0x74,0x70,0x3a,
  0x2f,0x2f,0x77,0x77,0x77,0x2e,0x77,0x33,0x2e,0x6f,0x72,0x67,0x2f,0x32,0x30,0x30,
  0x30,0x2f,0x73,0x76,0x67,0x22,0x20,0x77,0x69,0x64,0x74,0x68,0x3d,0x22,0x32,0x34,
  0x22,0x20,0x68,0x65,0x69,0x67,0x68,0x74,0x3d,0x22,0x32,0x34,0x22,0x20,0x76,0x69,
  0x65,0x77,0x42,0x6f,0x78,0x3d,0x22,0x30,0x20,0x30,0x20,0x32,0x34,0x20,0x32,0x34,
  0x22,0x20,0x66,0x69,0x6c,0x6c,0x3d,0x22,0x6e,0x6f,0x6e,0x65,0x22,0x20,0x73,0x74,
  0x72,0x6f,0x6b,0x65,0x3d,0x22,0x23,0x66,0x66,0x66,0x22,0x20,0x73,0x74,0x72,0x6f,
  0x6b,0x65,0x2d,0x77,0x69,0x64,0x74,0x68,0x3d,0x22,0x32,0x22,0x20,0x73,0x74,0x72,
  0x6f,0x6b,0x65,0x2d,0x6c,0x69,0x6e,0x65,0x63,0x61,0x70,0x3d,0x22,0x72,0x6f,0x75,
  0x6e,0x64,0x22,0x20,0x73,0x74,0x72,0x6f,0x6b,0x65,0x2d,0x6c,0x69,0x6e,0x65,0x6a,
  0x6f,0x69,0x6e,0x3d,0x22,0x72,0x6f,0x75,0x6e,0x64,0x22,0x20,0x63,0x6c,0x61,0x73,
  0x73,0x3d,0x22,0x66,0x65,0x61,0x74,0x68,0x65,0x72,0x20,0x66,0x65,0x61,0x74,0x68,
  0x65,0x72,0x2d,0x61,0x72,0x72,0x6f,0x77,0x2d,0x6c,0x65,0x66,0x74,0x22,0x3e,0x3c,
  0x6c,0x69,0x6e,0x65,0x20,0x78,0x31,0x3d,0x22,0x31,0x39,0x22,0x20,0x79,0x31,0x3d,
  0x22,0x31,0x32,0x22,0x20,0x78,0x32,0x3d,0x22,0x35,0x22,0x20,0x79,0x32,0x3d,0x22,
  0x31,0x32,0x22,0x3e,0x3c,0x2f,0x6c,0x69,0x6e,0x65,0x3e,0x3c,0x70,0x6f,0x6c,0x79,
  0x6c,0x69,0x6e,0x65,0x20,0x70,0x6f,0x69,0x6e,0x74,0x73,0x3d,0x22,0x31,0x32,0x20,
  0x31,0x39,0x20,0x35,0x20,0x31,0x32,0x20,0x31,0x32,0x20,0x35,0x22,0x3e,0x3c,0x2f,
  0x70,0x6f,0x6c,0x79,0x6c,0x69,0x6e,0x65,0x3e,0x3c,0x2f,0x73,0x76,0x67,0x3e,
    // dollar-sign.svg
  0x0,0x0,0x1,0x46,
  0x3c,
  0x73,0x76,0x67,0x20,0x78,0x6d,0x6c,0x6e,0x73,0x3d,0x22,0x68,0x74,0x74,0x70,0x3a,
  0x2f,0x2f,0x77,0x77,0x77,0x2e,0x77,0x33,0x2e,0x6f,0x72,0x67,0x2f,0x32,0x30,0x30,
  0x30,0x2f,0x73,0x76,0x67,0x22,0x20,0x77,0x69,0x64,0x74,0x68,0x3d,0x22,0x32,0x34,
  0x22,0x20,0x68,0x65,0x69,0x67,0x68,0x74,0x3d,0x22,0x32,0x34,0x22,0x20,0x76,0x69,
  0x65,0x77,0x42,0x6f,0x78,0x3d,0x22,0x30,0x20,0x30,0x20,0x32,0x34,0x20,0x32,0x34,
  0x22,0x20,0x66,0x69,0x6c,0x6c,0x3d,0x22,0x6e,0x6f,0x6e,0x65,0x22,0x20,0x73,0x74,
  0x72,0x6f,0x6b,0x65,0x3d,0x22,0x23,0x66,0x66,0x66,0x22,0x20,0x73,0x74,0x72,0x6f,
  0x6b,0x65,0x2d,0x77,0x69,0x64,0x74,0x68,0x3d,0x22,0x32,0x22,0x20,0x73,0x74,0x72,
  0x6f,0x6b,0x65,0x2d,0x6c,0x69,0x6e,0x65,0x63,0x61,0x70,0x3d,0x22,0x72,0x6f,0x75,
  0x6e,0x64,0x22,0x20,0x73,0x74,0x72,0x6f,0x6b,0x65,0x2d,0x6c,0x69,0x6e,0x65,0x6a,
  0x6f,0x69,0x6e,0x3d,0x22,0x72,0x6f,0x75,0x6e,0x64,0x22,0x20,0x63,0x6c,0x61,0x73,
  0x73,0x3d,0x22,0x66,0x65,0x61,0x74,0x68,0x65,0x72,0x20,0x66,0x65,0x61,0x74,0x68,
  0x65,0x72,0x2d,0x64,0x6f,0x6c,0x6c,0x61,0x72,0x2d,0x73,0x69,0x67,0x6e,0x22,0x3e,
  0x3c,0x6c,0x69,0x6e,0x65,0x20,0x78,0x31,0x3d,0x22,0x31,0x32,0x22,0x20,0x79,0x31,
  0x3d,0x22,0x31,0x22,0x20,0x78,0x32,0x3d,0x22,0x31,0x32,0x22,0x20,0x79,0x32,0x3d,
  0x22,0x32,0x33,0x22,0x3e,0x3c,0x2f,0x6c,0x69,0x6e,0x65,0x3e,0x3c,0x70,0x61,0x74,
  0x68,0x20,0x64,0x3d,0x22,0x4d,0x31,0x37,0x20,0x35,0x48,0x39,0x2e,0x35,0x61,0x33,
  0x2e,0x35,0x20,0x33,0x2e,0x35,0x20,0x30,0x20,0x30,0x20,0x30,0x20,0x30,0x20,0x37,
  0x68,0x35,0x61,0x33,0x2e,0x35,0x20,0x33,0x2e,0x35,0x20,0x30,0x20,0x30,0x20,0x31,
  0x20,0x30,0x20,0x37,0x48,0x36,0x22,0x3e,0x3c,0x2f,0x70,0x61,0x74,0x68,0x3e,0x3c,
  0x2f,0x73,0x76,0x67,0x3e,
    // fast-forward.svg
  0x0,0x0,0x1,0x3b,
  0x3c,
  0x73,0x76,0x67,0x20,0x78,0x6d,0x6c,0x6e,0x73,0x3d,0x22,0x68,0x74,0x74,0x70,0x3a,
  0x2f,0x2f,0x77,0x77,0x77,0x2e,0x77,0x33,0x2e,0x6f,0x72,0x67,0x2f,0x32,0x30,0x30,
  0x30,0x2f,0x73,0x76,0x67,0x22,0x20,0x77,0x69,0x64,0x74,0x68,0x3d,0x22,0x32,0x34,
  0x22,0x20,0x68,0x65,0x69,0x67,0x68,0x74,0x3d,0x22,0x32,0x34,0x22,0x20,0x76,0x69,
  0x65,0x77,0x42,0x6f,0x78,0x3d,0x22,0x30,0x20,0x30,0x20,0x32,0x34,0x20,0x32,0x34,
  0x22,0x20,0x66,0x69,0x6c,0x6c,0x3d,0x22,0x6e,0x6f,0x6e,0x65,0x22,0x20,0x73,0x74,
  0x72,0x6f,0x6b,0x65,0x3d,0x22,0x23,0x66,0x66,0x66,0x22,0x20,0x73,0x74,0x72,0x6f,
  0x6b,0x65,0x2d,0x77,0x69,0x64,0x74,0x68,0x3d,0x22,0x32,0x22,0x20,0x73,0x74,0x72,
  0x6f,0x6b,0x65,0x2d,0x6c,0x69,0x6e,0x65,0x63,0x61,0x70,0x3d,0x22,0x72,0x6f,0x75,
  0x6e,0x64,0x22,0x20,0x73,0x74,0x72,0x6f,0x6b,0x65,0x2d,0x6c,0x69,0x6e,0x65,0x6a,
  0x6f,0x69,0x6e,0x3d,0x22,0x72,0x6f,0x75,0x6e,0x64,0x22,0x20,0x63,0x6c,0x61,0x73,
  0x73,0x3d,0x22,0x66,0x65,0x61,0x74,0x68,0x65,0x72,0x20,0x66,0x65,0x61,0x74,0x68,
  0x65,0x72,0x2d,0x66,0x61,0x73,0x74,0x2d,0x66,0x6f,0x72,0x77,0x61,0x72,0x64,0x22,
  0x3e,0x3c,0x70,0x6f,0x6c,0x79,0x67,0x6f,0x6e,0x20,0x70,0x6f,0x69,0x6e,0x74,0x73,
  0x3d,0x22,0x31,0x33,0x20,0x31,0x39,0x20,0x32,0x32,0x20,0x31,0x32,0x20,0x31,0x33,
  0x20,0x35,0x20,0x31,0x33,0x20,0x31,0x39,0x22,0x3e,0x3c,0x2f,0x70,0x6f,0x6c,0x79,
  0x67,0x6f,0x6e,0x3e,0x3c,0x70,0x6f,0x6c,0x79,0x67,0x6f,0x6e,0x20,0x70,0x6f,0x69,
  0x6e,0x74,0x73,0x3d,0x22,0x32,0x20,0x31,0x39,0x20,0x31,0x31,0x20,0x31,0x32,0x20,
  0x32,0x20,0x35,0x20,0x32,0x20,0x31,0x39,0x22,0x3e,0x3c,0x2f,0x70,0x6f,0x6c,0x79,
  0x67,0x6f,0x6e,0x3e,0x3c,0x2f,0x73,0x76,0x67,0x3e,
    // bluetooth.svg
  0x0,0x0,0x1,0x22,
  0x3c,
  0x73,0x76,0x67,0x20,0x78,0x6d,0x6c,0x6e,0x73,0x3d,0x22,0x68,0x74,0x74,0x70,0x3a,
  0x2f,0x2f,0x77,0x77,0x77,0x2e,0x77,0x33,0x2e,0x6f,0x72,0x67,0x2f,0x32,0x30,0x30,
  0x30,0x2f,0x73,0x76,0x67,0x22,0x20,0x77,0x69,0x64,0x74,0x68,0x3d,0x22,0x32,0x34,
  0x22,0x20,0x68,0x65,0x69,0x67,0x68,0x74,0x3d,0x22,0x32,0x34,0x22,0x20,0x76,0x69,
  0x65,0x77,0x42,0x6f,0x78,0x3d,0x22,0x30,0x20,0x30,0x20,0x32,0x34,0x20,0x32,0x34,
  0x22,0x20,0x66,0x69,0x6c,0x6c,0x3d,0x22,0x6e,0x6f,0x6e,0x65,0x22,0x20,0x73,0x74,
  0x72,0x6f,0x6b,0x65,0x3d,0x22,0x23,0x66,0x66,0x66,0x22,0x20,0x73,0x74,0x72,0x6f,
  0x6b,0x65,0x2d,0x77,0x69,0x64,0x74,0x68,0x3d,0x22,0x32,0x22,0x20,0x73,0x74,0x72,
  0x6f,0x6b,0x65,0x2d,0x6c,0x69,0x6e,0x65,0x63,0x61,0x70,0x3d,0x22,0x72,0x6f,0x75,
  0x6e,0x64,0x22,0x20,0x73,0x74,0x72,0x6f,0x6b,0x65,0x2d,0x6c,0x69,0x6e,0x65,0x6a,
  0x6f,0x69,0x6e,0x3d,0x22,0x72,0x6f,0x75,0x6e,0x64,0x22,0x20,0x63,0x6c,0x61,0x73,
  0x73,0x3d,0x22,0x66,0x65,0x61,0x74,0x68,0x65,0x72,0x20,0x66,0x65,0x61,0x74,0x68,
  0x65,0x72,0x2d,0x62,0x6c,0x75,0x65,0x74,0x6f,0x6f,0x74,0x68,0x22,0x3e,0x3c,0x70,
  0x6f,0x6c,0x79,0x6c,0x69,0x6e,0x65,0x20,0x70,0x6f,0x69,0x6e,0x74,0x73,0x3d,0x22,
  0x36,0x2e,0x35,0x20,0x36,0x2e,0x35,0x20,0x31,0x37,0x2e,0x35,0x20,0x31,0x37,0x2e,
  0x35,0x20,0x31,0x32,0x20,0x32,0x33,0x20,0x31,0x32,0x20,0x31,0x20,0x31,0x37,0x2e,
  0x35,0x20,0x36,0x2e,0x35,0x20,0x36,0x2e,0x35,0x20,0x31,0x37,0x2e,0x35,0x22,0x3e,
  0x3c,0x2f,0x70,0x6f,0x6c,0x79,0x6c,0x69,0x6e,0x65,0x3e,0x3c,0x2f,0x73,0x76,0x67,
  0x3e,
    // pocket.svg
  0x0,0x0,0x1,0x5e,
  0x3c,
  0x73,0x76,0x67,0x20,0x78,0x6d,0x6c,0x6e,0x73,0x3d,0x22,0x68,0x74,0x74,0x70,0x3a,
  0x2f,0x2f,0x77,0x77,0x77,0x2e,0x77,0x33,0x2e,0x6f,0x72,0x67,0x2f,0x32,0x30,0x30,
  0x30,0x2f,0x73,0x76,0x67,0x22,0x20,0x77,0x69,0x64,0x74,0x68,0x3d,0x22,0x32,0x34,
  0x22,0x20,0x68,0x65,0x69,0x67,0x68,0x74,0x3d,0x22,0x32,0x34,0x22,0x20,0x76,0x69,
  0x65,0x77,0x42,0x6f,0x78,0x3d,0x22,0x30,0x20,0x30,0x20,0x32,0x34,0x20,0x32,0x34,
  0x22,0x20,0x66,0x69,0x6c,0x6c,0x3d,0x22,0x6e,0x6f,0x6e,0x65,0x22,0x20,0x73,0x74,
  0x72,0x6f,0x6b,0x65,0x3d,0x22,0x23,0x66,0x66,0x66,0x22,0x20,0x73,0x74,0x72,0x6f,
  0x6b,0x65,0x2d,0x77,0x69,0x64,0x74,0x68,0x3d,0x22,0x32,0x22,0x20,0x73,0x74,0x72,
  0x6f,0x6b,0x65,0x2d,0x6c,0x69,0x6e,0x65,0x63,0x61,0x70,0x3d,0x22,0x72,0x6f,0x75,
  0x6e,0x64,0x22,0x20,0x73,0x74,0x72,0x6f,0x6b,0x65,0x2d,0x6c,0x69,0x6e,0x65,0x6a,
  0x6f,0x69,0x6e,0x3d,0x22,0x72,0x6f,0x75,0x6e,0x64,0x22,0x20,0x63,0x6c,0x61,0x73,
  0x73,0x3d,0x22,0x66,0x65,0x61,0x74,0x68,0x65,0x72,0x20,0x66,0x65,0x61,0x74,0x68,
  0x65,0x72,0x2d,0x70,0x6f,0x63,0x6b,0x65,0x74,0x22,0x3e,0x3c,0x70,0x61,0x74,0x68,
  0x20,0x64,0x3d,0x22,0x4d,0x34,0x20,0x33,0x68,0x31,0x36,0x61,0x32,0x20,0x32,0x20,
  0x30,0x20,0x30,0x20,0x31,0x20,0x32,0x20,0x32,0x76,0x36,0x61,0x31,0x30,0x20,0x31,
  0x30,0x20,0x30,0x20,0x30,0x20,0x31,0x2d,0x31,0x30,0x20,0x31,0x30,0x41,0x31,0x30,
  0x20,0x31,0x30,0x20,0x30,0x20,0x30,0x20,0x31,0x20,0x32,0x20,0x31,0x31,0x56,0x35,
  0x61,0x32,0x20,0x32,0x20,0x30,0x20,0x30,0x20,0x31,0x20,0x32,0x2d,0x32,0x7a,0x22,
  0x3e,0x3c,0x2f,0x70,0x61,0x74,0x68,0x3e,0x3c,0x70,0x6f,0x6c,0x79,0x6c,0x69,0x6e,
  0x65,0x20,0x70,0x6f,0x69,0x6e,0x74,0x73,0x3d,0x22,0x38,0x20,0x31,0x30,0x20,0x31,
  0x32,0x20,0x31,0x34,0x20,0x31,0x36,0x20,0x31,0x30,0x22,0x3e,0x3c,0x2f,0x70,0x6f,
  0x6c,0x79,0x6c,0x69,0x6e,0x65,0x3e,0x3c,0x2f,0x73,0x76,0x67,0x3e,
    // minus-square.svg
  0x0,0x0,0x1,0x42,
  0x3c,
  0x73,0x76,0x67,0x20,0x78,0x6d,0x6c,0x6e,0x73,0x3d,0x22,0x68,0x74,0x74,0x70,0x3a,
  0x2f,0x2f,0x77,0x77,0x77,0x2e,0x77,0x33,0x2e,0x6f,0x72,0x67,0x2f,0x32,0x30,0x30,
  0x30,0x2f,0x73,0x76,0x67,0x22,0x20,0x77,0x69,0x64,0x74,0x68,0x3d,0x22,0x32,0x34,
  0x22,0x20,0x68,0x65,0x69,0x67,0x68,0x74,0x3d,0x22,0x32,0x34,0x22,0x20,0x76,0x69,
  0x65,0x77,0x42,0x6f,0x78,0x3d,0x22,0x30,0x20,0x30,0x20,0x32,0x34,0x20,0x32,0x34,
  0x22,0x20,0x66,0x69,0x6c,0x6c,0x3d,0x22,0x6e,0x6f,0x6e,0x65,0x22,0x20,0x73,0x74,
  0x72,0x6f,0x6b,0x65,0x3d,0x22,0x23,0x66,0x66,0x66,0x22,0x20,0x73,0x74,0x72,0x6f,
  0x6b,0x65,0x2d,0x77,0x69,0x64,0x74,0x68,0x3d,0x22,0x32,0x22,0x20,0x73,0x74,0x72,
  0x6f,0x6b,0x65,0x2d,0x6c,0x69,0x6e,0x65,0x63,0x61,0x70,0x3d,0x22,0x72,0x6f,0x75,
  0x6e,0x64,0x22,0x20,0x73,0x74,0x72,0x6f,0x6b,0x65,0x2d,0x6c,0x69,0x6e,0x65,0x6a,
  0x6f,0x69,0x6e,0x3d,0x22,0x72,0x6f,0x75,0x6e,0x64,0x22,0x20,0x63,0x6c,0x61,0x73,
  0x73,0x3d,0x22,0x66,0x65,0x61,0x74,0x68,0x65,0x72,0x20,0x66,0x65,0x61,0x74,0x68,
  0x65,0x72,0x2d,0x6d,0x69,0x6e,0x75,0x73,0x2d,0x73,0x71,0x75,0x61,0x72,0x65,0x22,
  0x3e,0x3c,0x72,0x65,0x63,0x74,0x20,0x78,0x3d,0x22,0x33,0x22,0x20,0x79,0x3d,0x22,
  0x33,0x22,0x20,0x77,0x69,0x64,0x74,0x68,0x3d,0x22,0x31,0x38,0x22,0x20,0x68,0x65,
  0x69,0x67,0x68,0x74,0x3d,0x22,0x31,0x38,0x22,0x20,0x72,0x78,0x3d,0x22,0x32,0x22,
  0x20,0x72,0x79,0x3d,0x22,0x32,0x22,0x3e,0x3c,0x2f,0x72,0x65,0x63,0x74,0x3e,0x3c,
  0x6c,0x69,0x6e,0x65,0x20,0x78,0x31,0x3d,0x22,0x38,0x22,0x20,0x79,0x31,0x3d,0x22,
  0x31,0x32,0x22,0x20,0x78,0x32,0x3d,0x22,0x31,0x36,0x22,0x20,0x79,0x32,0x3d,0x22,
  0x31,0x32,0x22,0x3e,0x3c,0x2f,0x6c,0x69,0x6e,0x65,0x3e,0x3c,0x2f,0x73,0x76,0x67,
  0x3e,
    // arrow-down-circle.svg
  0x0,0x0,0x1,0x60,
  0x3c,
  0x73,0x76,0x67,0x20,0x78,0x6d,0x6c,0x6e,0x73,0x3d,0x22,0x68,0x74,0x74,0x70,0x3a,
  0x2f,0x2f,0x77,0x77,0x77,0x2e,0x77,0x33,0x2e,0x6f,0x72,0x67,0x2f,0x32,0x30,0x30,
  0x30,0x2f,0x73,0x76,0x67,0x22,0x20,0x77,0x69,0x64,0x74,0x68,0x3d,0x22,0x32,0x34,
  0x22,0x20,0x68,0x65,0x69,0x67,0x68,0x74,0x3d,0x22,0x32,0x34,0x22,0x20,0x76,0x69,
  0x65,0x77,0x42,0x6f,0x78,0x3d,0x22,0x30,0x20,0x30,0x20,0x32,0x34,0x20,0x32,0x34,
  0x22,0x20,0x66,0x69,0x6c,0x6c,0x3d,0x22,0x6e,0x6f,0x6e,0x65,0x22,0x20,0x73,0x74,
  0x72,0x6f,0x6b,0x65,0x3d,0x22,0x23,0x66,0x66,0x66,0x22,0x20,0x73,0x74,0x72,0x6f,
  0x6b,0x65,0x2d,0x77,0x69,0x64,0x74,0x68,0x3d,0x22,0x32,0x22,0x20,0x73,0x74,0x72,
  0x6f,0x6b,0x65,0x2d,0x6c,0x69,0x6e,0x65,0x63,0x61,0x70,0x3d,0x22,0x72,0x6f,0x75,
  0x6e,0x64,0x22,0x20,0x73,0x74,0x72,0x6f,0x6b,0x65,0x2d,0x6c,0x69,0x6e,0x65,0x6a,
  0x6f,0x69,0x6e,0x3d,0x22,0x72,0x6f,0x75,0x6e,0x64,0x22,0x20,0x63,0x6c,0x61,0x73,
  0x73,0x3d,0x22,0x66,0x65,0x61,0x74,0x68,0x65,0x72,0x20,0x66,0x65,0x61,0x74,0x68,
  0x65,0x72,0x2d,0x61,0x72,0x72,0x6f,0x77,0x2d,0x64,0x6f,0x77,0x6e,0x2d,0x63,0x69,
  0x72,0x63,0x6c,0x65,0x22,0x3e,0x3c,0x63,0x69,0x72,0x63,0x6c,0x65,0x20,0x63,0x78,
  0x3d,0x22,0x31,0x32,0x22,0x20,0x63,0x79,0x3d,0x22,0x31,0x32,0x22,0x20,0x72,0x3d,
  0x22,0x31,0x30,0x22,0x3e,0x3c,0x2f,0x63,0x69,0x72,0x63,0x6c,0x65,0x3e,0x3c,0x70,
  0x6f,0x6c,0x79,0x6c,0x69,0x6e,0x65,0x20,0x70,0x6f,0x69,0x6e,0x74,0x73,0x3d,0x22,
  0x38,0x20,0x31,0x32,0x20,0x31,0x32,0x20,0x31,0x36,0x20,0x31,0x36,0x20,0x31,0x32,
  0x22,0x3e,0x3c,0x2f,0x70,0x6f,0x6c,0x79,0x6c,0x69,0x6e,0x65,0x3e,0x3c,0x6c,0x69,
  0x6e,0x65,0x20,0x78,0x31,0x3d,0x22,0x31,0x32,0x22,0x20,0x79,0x31,0x3d,0x22,0x38,
  0x22,0x20,0x78,0x32,0x3d,0x22,0x31,0x32,0x22,0x20,0x79,0x32,0x3d,0x22,0x31,0x36,
  0x22,0x3e,0x3c,0x2f,0x6c,0x69,0x6e,0x65,0x3e,0x3c,0x2f,0x73,0x76,0x67,0x3e,
    // align-center.svg
  0x0,0x0,0x1,0x86,
  0x3c,
  0x73,0x76,0x67,0x20,0x78,0x6d,0x6c,0x6e,0x73,0x3d,0x22,0x68,0x74,0x74,0x70,0x3a,
  0x2f,0x2f,0x77,0x77,0x77,0x2e,0x77,0x33,0x2e,0x6f,0x72,0x67,0x2f,0x32,0x30,0x30,
  0x30,0x2f,0x73,0x76,0x67,0x22,0x20,0x77,0x69,0x64,0x74,0x68,0x3d,0x22,0x32,0x34,
  0x22,0x20,0x68,0x65,0x69,0x67,0x68,0x74,0x3d,0x22,0x32,0x34,0x22,0x20,0x76,0x69,
  0x65,0x77,0x42,0x6f,0x78,0x3d,0x22,0x30,0x20,0x30,0x20,0x32,0x34,0x20,0x32,0x34,
  0x22,0x20,0x66,0x69,0x6c,0x6c,0x3d,0x22,0x6e,0x6f,0x6e,0x65,0x22,0x20,0x73,0x74,
  0x72,0x6f,0x6b,0x65,0x3d,0x22,0x23,0x66,0x66,0x66,0x22,0x20,0x73,0x74,0x72,0x6f,
  0x6b,0x65,0x2d,0x77,0x69,0x64,0x74,0x68,0x3d,0x22,0x32,0x22,0x20,0x73,0x74,0x72,
  0x6f,0x6b,0x65,0x2d,0x6c,0x69,0x6e,0x65,0x63,0x61,0x70,0x3d,0x22,0x72,0x6f,0x75,
  0x6e,0x64,0x22,0x20,0x73,0x74,0x72,0x6f,0x6b,0x65,0x2d,0x6c,0x69,0x6e,0x65,0x6a,
  0x6f,0x69,0x6e,0x3d,0x22,0x72,0x6f,0x75,0x6e,0x64,0x22,0x20,0x63,0x6c,0x61,0x73,
  0x73,0x3d,0x22,0x66,0x65,0x61,0x74,0x68,0x65,0x72,0x20,0x66,0x65,0x61,0x74,0x68,
  0x65,0x72,0x2d,0x61,0x6c,0x69,0x67,0x6e,0x2d,0x63,0x65,0x6e,0x74,0x65,0x72,0x22,
  0x3e,0x3c,0x6c,0x69,0x6e,0x65,0x20,0x78,0x31,0x3d,0x22,0x31,0x38,0x22,0x20,0x79,
  0x31,0x3d,0x22,0x31,0x30,0x22,0x20,0x78,0x32,0x3d,0x22,0x36,0x22,0x20,0x79,0x32,
  0x3d,0x22,0x31,0x30,0x22,0x3e,0x3c,0x2f,0x6c,0x69,0x6e,0x65,0x3e,0x3c,0x6c,0x69,
  0x6e,0x65,0x20,0x78,0x31,0x3d,0x22,0x32,0x31,0x22,0x20,0x79,0x31,0x3d,0x22,0x36,
  0x22,0x20,0x78,0x32,0x3d,0x22,0x33,0x22,0x20,0x79,0x32,0x3d,0x22,0x36,0x22,0x3e,
  0x3c,0x2f,0x6c,0x69,0x6e,0x65,0x3e,0x3c,0x6c,0x69,0x6e,0x65,0x20,0x78,0x31,0x3d,
  0x22,0x32,0x31,0x22,0x20,0x79,0x31,0x3d,0x22,0x31,0x34,0x22,0x20,0x78,0x32,0x3d,
  0x22,0x33,0x22,0x20,0x79,0x32,0x3d,0x22,0x31,0x34,0x22,0x3e,0x3c,0x2f,0x6c,0x69,
  0x6e,0x65,0x3e,0x3c,0x6c,0x69,0x6e,0x65,0x20,0x78,0x31,0x3d,0x22,0x31,0x38,0x22,
  0x20,0x79,0x31,0x3d,0x22,0x31,0x38,0x22,0x20,0x78,0x32,0x3d,0x22,0x36,0x22,0x20,
  0x79,0x32,0x3d,0x22,0x31,0x38,0x22,0x3e,0x3c,0x2f,0x6c,0x69,0x6e,0x65,0x3e,0x3c,
  0x2f,0x73,0x76,0x67,0x3e,
    // thumbs-up.svg
  0x0,0x0,0x1,0x5a,
  0x3c,
  0x73,0x76,0x67,0x20,0x78,0x6d,0x6c,0x6e,0x73,0x3d,0x22,0x68,0x74,0x74,0x70,0x3a,
  0x2f,0x2f,0x77,0x77,0x77,0x2e,0x77,0x33,0x2e,0x6f,0x72,0x67,0x2f,0x32,0x30,0x30,
  0x30,0x2f,0x73,0x76,0x67,0x22,0x20,0x77,0x69,0x64,0x74,0x68,0x3d,0x22,0x32,0x34,
  0x22,0x20,0x68,0x65,0x69,0x67,0x68,0x74,0x3d,0x22,0x32,0x34,0x22,0x20,0x76,0x69,
  0x65,0x77,0x42,0x6f,0x78,0x3d,0x22,0x30,0x20,0x30,0x20,0x32,0x34,0x20,0x32,0x34,
  0x22,0x20,0x66,0x69,0x6c,0x6c,0x3d,0x22,0x6e,0x6f,0x6e,0x65,0x22,0x20,0x73,0x74,
  0x72,0x6f,0x6b,0x65,0x3d,0x22,0x23,0x66,0x66,0x66,0x22,0x20,0x73,0x74,0x72,0x6f,
  0x6b,0x65,0x2d,0x77,0x69,0x64,0x74,0x68,0x3d,0x22,0x32,0x22,0x20,0x73,0x74,0x72,
  0x6f,0x6b,0x65,0x2d,0x6c,0x69,0x6e,0x65,0x63,0x61,0x70,0x3d,0x22,0x72,0x6f,0x75,
  0x6e,0x64,0x22,0x20,0x73,0x74,0x72,0x6f,0x6b,0x65,0x2d,0x6c,0x69,0x6e,0x65,0x6a,
  0x6f,0x69,0x6e,0x3d,0x22,0x72,0x6f,0x75,0x6e,0x64,0x22,0x20,0x63,0x6c,0x61,0x73,
  0x73,0x3d,0x22,0x66,0x65,0x61,0x74,0x68,0x65,0x72,0x20,0x66,0x65,0x61,0x74,0x68,
  0x65,0x72,0x2d,0x74,0x68,0x75,0x6d,0x62,0x73,0x2d,0x75,0x70,0x22,0x3e,0x3c,0x70,
  0x61,0x74,0x68,0x20,0x64,0x3d,0x22,0x4d,0x31,0x34,0x20,0x39,0x56,0x35,0x61,0x33,
  0x20,0x33,0x20,0x30,0x20,0x30,0x20,0x30,0x2d,0x33,0x2d,0x33,0x6c,0x2d,0x34,0x20,
  0x39,0x76,0x31,0x31,0x68,0x31,0x31,0x2e,0x32,0x38,0x61,0x32,0x20,0x32,0x20,0x30,
  0x20,0x30,0x20,0x30,0x20,0x32,0x2d,0x31,0x2e,0x37,0x6c,0x31,0x2e,0x33,0x38,0x2d,
  0x39,0x61,0x32,0x20,0x32,0x20,0x30,0x20,0x30,0x20,0x30,0x2d,0x32,0x2d,0x32,0x2e,
  0x33,0x7a,0x4d,0x37,0x20,0x32,0x32,0x48,0x34,0x61,0x32,0x20,0x32,0x20,0x30,0x20,
  0x30,0x20,0x31,0x2d,0x32,0x2d,0x32,0x76,0x2d,0x37,0x61,0x32,0x20,0x32,0x20,0x30,
  0x20,0x30,0x20,0x31,0x20,0x32,0x2d,0x32,0x68,0x33,0x22,0x3e,0x3c,0x2f,0x70,0x61,
  0x74,0x68,0x3e,0x3c,0x2f,0x73,0x76,0x67,0x3e,
    // package.svg
  0x0,0x0,0x1,0xfd,
  0x3c,
  0x73,0x76,0x67,0x20,0x78,0x6d,0x6c,0x6e,0x73,0x3d,0x22,0x68,0x74,0x74,0x70,0x3a,
  0x2f,0x2f,0x77,0x77,0x77,0x2e,0x77,0x33,0x2e,0x6f,0x72,0x67,0x2f,0x32,0x30,0x30,
  0x30,0x2f,0x73,0x76,0x67,0x22,0x20,0x77,0x69,0x64,0x74,0x68,0x3d,0x22,0x32,0x34,
  0x22,0x20,0x68,0x65,0x69,0x67,0x68,0x74,0x3d,0x22,0x32,0x34,0x22,0x20,0x76,0x69,
  0x65,0x77,0x42,0x6f,0x78,0x3d,0x22,0x30,0x20,0x30,0x20,0x32,0x34,0x20,0x32,0x34,
  0x22,0x20,0x66,0x69,0x6c,0x6c,0x3d,0x22,0x6e,0x6f,0x6e,0x65,0x22,0x20,0x73,0x74,
  0x72,0x6f,0x6b,0x65,0x3d,0x22,0x23,0x66,0x66,0x66,0x22,0x20,0x73,0x74,0x72,0x6f,
  0x6b,0x65,0x2d,0x77,0x69,0x64,0x74,0x68,0x3d,0x22,0x32,0x22,0x20,0x73,0x74,0x72,
  0x6f,0x6b,0x65,0x2d,0x6c,0x69,0x6e,0x65,0x63,0x61,0x70,0x3d,0x22,0x72,0x6f,0x75,
  0x6e,0x64,0x22,0x20,0x73,0x74,0x72,0x6f,0x6b,0x65,0x2d,0x6c,0x69,0x6e,0x65,0x6a,
  0x6f,0x69,0x6e,0x3d,0x22,0x72,0x6f,0x75,0x6e,0x64,0x22,0x20,0x63,0x6c,0x61,0x73,
  0x73,0x3d,0x22,0x66,0x65,0x61,0x74,0x68,0x65,0x72,0x20,0x66,0x65,0x61,0x74,0x68,
  0x65,0x72,0x2d,0x70,0x61,0x63,0x6b,0x61,0x67,0x65,0x22,0x3e,0x3c,0x6c,0x69,0x6e,
  0x65,0x20,0x78,0x31,0x3d,0x22,0x31,0x36,0x2e,0x35,0x22,0x20,0x79,0x31,0x3d,0x22,
  0x39,0x2e,0x34,0x22,0x20,0x78,0x32,0x3d,0x22,0x37,0x2e,0x35,0x22,0x20,0x79,0x32,
  0x3d,0x22,0x34,0x2e,0x32,0x31,0x22,0x3e,0x3c,0x2f,0x6c,0x69,0x6e,0x65,0x3e,0x3c,
  0x70,0x61,0x74,0x68,0x20,0x64,0x3d,0x22,0x4d,0x32,0x31,0x20,0x31,0x36,0x56,0x38,
  0x61,0x32,0x20,0x32,0x20,0x30,0x20,0x30,0x20,0x30,0x2d,0x31,0x2d,0x31,0x2e,0x37,
  0x33,0x6c,0x2d,0x37,0x2d,0x34,0x61,0x32,0x20,0x32,0x20,0x30,0x20,0x30,0x20,0x30,
  0x2d,0x32,0x20,0x30,0x6c,0x2d,0x37,0x20,0x34,0x41,0x32,0x20,0x32,0x20,0x30,0x20,
  0x30,0x20,0x30,0x20,0x33,0x20,0x38,0x76,0x38,0x61,0x32,0x20,0x32,0x20,0x30,0x20,
  0x30,0x20,0x30,0x20,0x31,0x20,0x31,0x2e,0x37,0x33,0x6c,0x37,0x20,0x34,0x61,0x32,
  0x20,0x32,0x20,0x30,0x20,0x30,0x20,0x30,0x20,0x32,0x20,0x30,0x6c,0x37,0x2d,0x34,
  0x41,0x32,0x20,0x32,0x20,0x30,0x20,0x30,0x20,0x30,0x20,0x32,0x31,0x20,0x31,0x36,
  0x7a,0x22,0x3e,0x3c,0x2f,0x70,0x61,0x74,0x68,0x3e,0x3c,0x70,0x6f,0x6c,0x79,0x6c,
  0x69,0x6e,0x65,0x20,0x70,0x6f,0x69,0x6e,0x74,0x73,0x3d,0x22,0x33,0x2e,0x32,0x37,
  0x20,0x36,0x2e,0x39,0x36,0x20,0x31,0x32,0x20,0x31,0x32,0x2e,0x30,0x31,0x20,0x32,
  0x30,0x2e,0x37,0x33,0x20,0x36,0x2e,0x39,0x36,0x22,0x3e,0x3c,0x2f,0x70,0x6f,0x6c,
  0x79,0x6c,0x69,0x6e,0x65,0x3e,0x3c,0x6c,0x69,0x6e,0x65,0x20,0x78,0x31,0x3d,0x22,
  0x31,0x32,0x22,0x20,0x79,0x31,0x3d,0x22,0x32,0x32,0x2e,0x30,0x38,0x22,0x20,0x78,
  0x32,0x3d,0x22,0x31,0x32,0x22,0x20,0x79,0x32,0x3d,0x22,0x31,0x32,0x22,0x3e,0x3c,
  0x2f,0x6c,0x69,0x6e,0x65,0x3e,0x3c,0x2f,0x73,0x76,0x67,0x3e,
    // frown.svg
  0x0,0x0,0x1,0x7e,
  0x3c,
  0x73,0x76,0x67,0x20,0x78,0x6d,0x6c,0x6e,0x73,0x3d,0x22,0x68,0x74,0x74,0x70,0x3a,
  0x2f,0x2f,0x77,0x77,0x77,0x2e,0x77,0x33,0x2e,0x6f,0x72,0x67,0x2f,0x32,0x30,0x30,
  0x30,0x2f,0x73,0x76,0x67,0x22,0x20,0x77,0x69,0x64,0x74,0x68,0x3d,0x22,0x32,0x34,
  0x22,0x20,0x68,0x65,0x69,0x67,0x68,0x74,0x3d,0x22,0x32,0x34,0x22,0x20,0x76,0x69,
  0x65,0x77,0x42,0x6f,0x78,0x3d,0x22,0x30,0x20,0x30,0x20,0x32,0x34,0x20,0x32,0x34,
  0x22,0x20,0x66,0x69,0x6c,0x6c,0x3d,0x22,0x6e,0x6f,0x6e,0x65,0x22,0x20,0x73,0x74,
  0x72,0x6f,0x6b,0x65,0x3d,0x22,0x23,0x66,0x66,0x66,0x22,0x20,0x73,0x74,0x72,0x6f,
  0x6b,0x65,0x2d,0x77,0x69,0x64,0x74,0x68,0x3d,0x22,0x32,0x22,0x20,0x73,0x74,0x72,
  0x6f,0x6b,0x65,0x2d,0x6c,0x69,0x6e,0x65,0x63,0x61,0x70,0x3d,0x22,0x72,0x6f,0x75,
  0x6e,0x64,0x22,0x20,0x73,0x74,0x72,0x6f,0x6b,0x65,0x2d,0x6c,0x69,0x6e,0x65,0x6a,
  0x6f,0x69,0x6e,0x3d,0x22,0x72,0x6f,0x75,0x6e,0x64,0x22,0x20,0x63,0x6c,0x61,0x73,
  0x73,0x3d,0x22,0x66,0x65,0x61,0x74,0x68,0x65,0x72,0x20,0x66,0x65,0x61,0x74,0x68,
  0x65,0x72,0x2d,0x66,0x72,0x6f,0x77,0x6e,0x22,0x3e,0x3c,0x63,0x69,0x72,0x63,0x6c,
  0x65,0x20,0x63,0x78,0x3d,0x22,0x31,0x32,0x22,0x20,0x63,0x79,0x3d,0x22,0x31,0x32,
  0x22,0x20,0x72,0x3d,0x22,0x31,0x30,0x22,0x3e,0x3c,0x2f,0x63,0x69,0x72,0x63,0x6c,
  0x65,0x3e,0x3c,0x70,0x61,0x74,0x68,0x20,0x64,0x3d,0x22,0x4d,0x31,0x36,0x20,0x31,
  0x36,0x73,0x2d,0x31,0x2e,0x35,0x2d,0x32,0x2d,0x34,0x2d,0x32,0x2d,0x34,0x20,0x32,
  0x2d,0x34,0x20,0x32,0x22,0x3e,0x3c,0x2f,0x70,0x61,0x74,0x68,0x3e,0x3c,0x6c,0x69,
  0x6e,0x65,0x20,0x78,0x31,0x3d,0x22,0x39,0x22,0x20,0x79,0x31,0x3d,0x22,0x39,0x22,
  0x20,0x78,0x32,0x3d,0x22,0x39,0x2e,0x30,0x31,0x22,0x20,0x79,0x32,0x3d,0x22,0x39,
  0x22,0x3e,0x3c,0x2f,0x6c,0x69,0x6e,0x65,0x3e,0x3c,0x6c,0x69,0x6e,0x65,0x20,0x78,
  0x31,0x3d,0x22,0x31,0x35,0x22,0x20,0x79,0x31,0x3d,0x22,0x39,0x22,0x20,0x78,0x32,
  0x3d,0x22,0x31,0x35,0x2e,0x30,0x31,0x22,0x20,0x79,0x32,0x3d,0x22,0x39,0x22,0x3e,
  0x3c,0x2f,0x6c,0x69,0x6e,0x65,0x3e,0x3c,0x2f,0x73,0x76,0x67,0x3e,
    // trending-up.svg
  0x0,0x0,0x1,0x40,
  0x3c,
  0x73,0x76,0x67,0x20,0x78,0x6d,0x6c,0x6e,0x73,0x3d,0x22,0x68,0x74,0x74,0x70,0x3a,
  0x2f,0x2f,0x77,0x77,0x77,0x2e,0x77,0x33,0x2e,0x6f,0x72,0x67,0x2f,0x32,0x30,0x30,
  0x30,0x2f,0x73,0x76,0x67,0x22,0x20,0x77,0x69,0x64,0x74,0x68,0x3d,0x22,0x32,0x34,
  0x22,0x20,0x68,0x65,0x69,0x67,0x68,0x74,0x3d,0x22,0x32,0x34,0x22,0x20,0x76,0x69,
  0x65,0x77,0x42,0x6f,0x78,0x3d,0x22,0x30,0x20,0x30,0x20,0x32,0x34,0x20,0x32,0x34,
  0x22,0x20,0x66,0x69,0x6c,0x6c,0x3d,0x22,0x6e,0x6f,0x6e,0x65,0x22,0x20,0x73,0x74,
  0x72,0x6f,0x6b,0x65,0x3d,0x22,0x23,0x66,0x66,0x66,0x22,0x20,0x73,0x74,0x72,0x6f,
  0x6b,0x65,0x2d,0x77,0x69,0x64,0x74,0x68,0x3d,0x22,0x32,0x22,0x20,0x73,0x74,0x72,
  0x6f,0x6b,0x65,0x2d,0x6c,0x69,0x6e,0x65,0x63,0x61,0x70,0x3d,0x22,0x72,0x6f,0x75,
  0x6e,0x64,0x22,0x20,0x73,0x74,0x72,0x6f,0x6b,0x65,0x2d,0x6c,0x69,0x6e,0x65,0x6a,
  0x6f,0x69,0x6e,0x3d,0x22,0x72,0x6f,0x75,0x6e,0x64,0x22,0x20,0x63,0x6c,0x61,0x73,
  0x73,0x3d,0x22,0x66,0x65,0x61,0x74,0x68,0x65,0x72,0x20,0x66,0x65,0x61,0x74,0x68,
  0x65,0x72,0x2d,0x74,0x72,0x65,0x6e,0x64,0x69,0x6e,0x67,0x2d,0x75,0x70,0x22,0x3e,
  0x3c,0x70,0x6f,0x6c,0x79,0x6c,0x69,0x6e,0x65,0x20,0x70,0x6f,0x69,0x6e,0x74,0x73,
  0x3d,0x22,0x32,0x33,0x20,0x36,0x20,0x31,0x33,0x2e,0x35,0x20,0x31,0x35,0x2e,0x35,
  0x20,0x38,0x2e,0x35,0x20,0x31,0x30,0x2e,0x35,0x20,0x31,0x20,0x31,0x38,0x22,0x3e,
  0x3c,0x2f,0x70,0x6f,0x6c,0x79,0x6c,0x69,0x6e,0x65,0x3e,0x3c,0x70,0x6f,0x6c,0x79,
  0x6c,0x69,0x6e,0x65,0x20,0x70,0x6f,0x69,0x6e,0x74,0x73,0x3d,0x22,0x31,0x37,0x20,
  0x36,0x20,0x32,0x33,0x20,0x36,0x20,0x32,0x33,0x20,0x31,0x32,0x22,0x3e,0x3c,0x2f,
  0x70,0x6f,0x6c,0x79,0x6c,0x69,0x6e,0x65,0x3e,0x3c,0x2f,0x73,0x76,0x67,0x3e,
    // trello.svg
  0x0,0x0,0x1,0x6d,
  0x3c,
  0x73,0x76,0x67,0x20,0x78,0x6d,0x6c,0x6e,0x73,0x3d,0x22,0x68,0x74,0x74,0x70,0x3a,
  0x2f,0x2f,0x77,0x77,0x77,0x2e,0x77,0x33,0x2e,0x6f,0x72,0x67,0x2f,0x32,0x30,0x30,
  0x30,0x2f,0x73,0x76,0x67,0x22,0x20,0x77,0x69,0x64,0x74,0x68,0x3d,0x22,0x32,0x34,
  0x22,0x20,0x68,0x65,0x69,0x67,0x68,0x74,0x3d,0x22,0x32,0x34,0x22,0x20,0x76,0x69,
  0x65,0x77,0x42,0x6f,0x78,0x3d,0x22,0x30,0x20,0x30,0x20,0x32,0x34,0x20,0x32,0x34,
  0x22,0x20,0x66,0x69,0x6c,0x6c,0x3d,0x22,0x6e,0x6f,0x6e,0x65,0x22,0x20,0x73,0x74,
  0x72,0x6f,0x6b,0x65,0x3d,0x22,0x23,0x66,0x66,0x66,0x22,0x20,0x73,0x74,0x72,0x6f,
  0x6b,0x65,0x2d,0x77,0x69,0x64,0x74,0x68,0x3d,0x22,0x32,0x22,0x20,0x73,0x74,0x72,
  0x6f,0x6b,0x65,0x2d,0x6c,0x69,0x6e,0x65,0x63,0x61,0x70,0x3d,0x22,0x72,0x6f,0x75,
  0x6e,0x64,0x22,0x20,0x73,0x74,0x72,0x6f,0x6b,0x65,0x2d,0x6c,0x69,0x6e,0x65,0x6a,
  0x6f,0x69,0x6e,0x3d,0x22,0x72,0x6f,0x75,0x6e,0x64,0x22,0x20,0x63,0x6c,0x61,0x73,
  0x73,0x3d,0x22,0x66,0x65,0x61,0x74,0x68,0x65,0x72,0x20,0x66,0x65,0x61,0x74,0x68,
  0x65,0x72,0x2d,0x74,0x72,0x65,0x6c,0x6c,0x6f,0x22,0x3e,0x3c,0x72,0x65,0x63,0x74,
  0x20,0x78,0x3d,0x22,0x33,0x22,0x20,0x79,0x3d,0x22,0x33,0x22,0x20,0x77,0x69,0x64,
  0x74,0x68,0x3d,0x22,0x31,0x38,0x22,0x20,0x68,0x65,0x69,0x67,0x68,0x74,0x3d,0x22,
  0x31,0x38,0x22,0x20,0x72,0x78,0x3d,0x22,0x32,0x22,0x20,0x72,0x79,0x3d,0x22,0x32,
  0x22,0x3e,0x3c,0x2f,0x72,0x65,0x63,0x74,0x3e,0x3c,0x72,0x65,0x63,0x74,0x20,0x78,
  0x3d,0x22,0x37,0x22,0x20,0x79,0x3d,0x22,0x37,0x22,0x20,0x77,0x69,0x64,0x74,0x68,
  0x3d,0x22,0x33,0x22,0x20,0x68,0x65,0x69,0x67,0x68,0x74,0x3d,0x22,0x39,0x22,0x3e,
  0x3c,0x2f,0x72,0x65,0x63,0x74,0x3e,0x3c,0x72,0x65,0x63,0x74,0x20,0x78,0x3d,0x22,
  0x31,0x34,0x22,0x20,0x79,0x3d,0x22,0x37,0x22,0x20,0x77,0x69,0x64,0x74,0x68,0x3d,
  0x22,0x33,0x22,0x20,0x68,0x65,0x69,0x67,0x68,0x74,0x3d,0x22,0x35,0x22,0x3e,0x3c,
  0x2f,0x72,0x65,0x63,0x74,0x3e,0x3c,0x2f,0x73,0x76,0x67,0x3e,
    // headphones.svg
  0x0,0x0,0x1,0x83,
  0x3c,
  0x73,0x76,0x67,0x20,0x78,0x6d,0x6c,0x6e,0x73,0x3d,0x22,0x68,0x74,0x74,0x70,0x3a,
  0x2f,0x2f,0x77,0x77,0x77,0x2e,0x77,0x33,0x2e,0x6f,0x72,0x67,0x2f,0x32,0x30,0x30,
  0x30,0x2f,0x73,0x76,0x67,0x22,0x20,0x77,0x69,0x64,0x74,0x68,0x3d,0x22,0x32,0x34,
  0x22,0x20,0x68,0x65,0x69,0x67,0x68,0x74,0x3d,0x22,0x32,0x34,0x22,0x20,0x76,0x69,
  0x65,0x77,0x42,0x6f,0x78,0x3d,0x22,0x30,0x20,0x30,0x20,0x32,0x34,0x20,0x32,0x34,
  0x22,0x20,0x66,0x69,0x6c,0x6c,0x3d,0x22,0x6e,0x6f,0x6e,0x65,0x22,0x20,0x73,0x74,
  0x72,0x6f,0x6b,0x65,0x3d,0x22,0x23,0x66,0x66,0x66,0x22,0x20,0x73,0x74,0x72,0x6f,
  0x6b,0x65,0x2d,0x77,0x69,0x64,0x74,0x68,0x3d,0x22,0x32,0x22,0x20,0x73,0x74,0x72,
  0x6f,0x6b,0x65,0x2d,0x6c,0x69,0x6e,0x65,0x63,0x61,0x70,0x3d,0x22,0x72,0x6f,0x75,
  0x6e,0x64,0x22,0x20,0x73,0x74,0x72,0x6f,0x6b,0x65,0x2d,0x6c,0x69,0x6e,0x65,0x6a,
  0x6f,0x69,0x6e,0x3d,0x22,0x72,0x6f,0x75,0x6e,0x64,0x22,0x20,0x63,0x6c,0x61,0x73,
  0x73,0x3d,0x22,0x66,0x65,0x61,0x74,0x68,0x65,0x72,0x20,0x66,0x65,0x61,0x74,0x68,
  0x65,0x72,0x2d,0x68,0x65,0x61,0x64,0x70,0x68,0x6f,0x6e,0x65,0x73,0x22,0x3e,0x3c,
  0x70,0x61,0x74,0x68,0x20,0x64,0x3d,0x22,0x4d,0x33,0x20,0x31,0x38,0x76,0x2d,0x36,
  0x61,0x39,0x20,0x39,0x20,0x30,0x20,0x30,0x20,0x31,0x20,0x31,0x38,0x20,0x30,0x76,
  0x36,0x22,0x3e,0x3c,0x2f,0x70,0x61,0x74,0x68,0x3e,0x3c,0x70,0x61,0x74,0x68,0x20,
  0x64,0x3d,0x22,0x4d,0x32,0x31,0x20,0x31,0x39,0x61,0x32,0x20,0x32,0x20,0x30,0x20,
  0x30,0x20,0x31,0x2d,0x32,0x20,0x32,0x68,0x2d,0x31,0x61,0x32,0x20,0x32,0x20,0x30,
  0x20,0x30,0x20,0x31,0x2d,0x32,0x2d,0x32,0x76,0x2d,0x33,0x61,0x32,0x20,0x32,0x20,
  0x30,0x20,0x30,0x20,0x31,0x20,0x32,0x2d,0x32,0x68,0x33,0x7a,0x4d,0x33,0x20,0x31,
  0x39,0x61,0x32,0x20,0x32,0x20,0x30,0x20,0x30,0x20,0x30,0x20,0x32,0x20,0x32,0x68,
  0x31,0x61,0x32,0x20,0x32,0x20,0x30,0x20,0x30,0x20,0x30,0x20,0x32,0x2d,0x32,0x76,
  0x2d,0x33,0x61,0x32,0x20,0x32,0x20,0x30,0x20,0x30,0x20,0x30,0x2d,0x32,0x2d,0x32,
  0x48,0x33,0x7a,0x22,0x3e,0x3c,0x2f,0x70,0x61,0x74,0x68,0x3e,0x3c,0x2f,0x73,0x76,
  0x67,0x3e,
    // corner-right-up.svg
  0x0,0x0,0x1,0x31,
  0x3c,
  0x73,0x76,0x67,0x20,0x78,0x6d,0x6c,0x6e,0x73,0x3d,0x22,0x68,0x74,0x74,0x70,0x3a,
  0x2f,0x2f,0x77,0x77,0x77,0x2e,0x77,0x33,0x2e,0x6f,0x72,0x67,0x2f,0x32,0x30,0x30,
  0x30,0x2f,0x73,0x76,0x67,0x22,0x20,0x77,0x69,0x64,0x74,0x68,0x3d,0x22,0x32,0x34,
  0x22,0x20,0x68,0x65,0x69,0x67,0x68,0x74,0x3d,0x22,0x32,0x34,0x22,0x20,0x76,0x69,
  0x65,0x77,0x42,0x6f,0x78,0x3d,0x22,0x30,0x20,0x30,0x20,0x32,0x34,0x20,0x32,0x34,
  0x22,0x20,0x66,0x69,0x6c,0x6c,0x3d,0x22,0x6e,0x6f,0x6e,0x65,0x22,0x20,0x73,0x74,
  0x72,0x6f,0x6b,0x65,0x3d,0x22,0x23,0x66,0x66,0x66,0x22,0x20,0x73,0x74,0x72,0x6f,
  0x6b,0x65,0x2d,0x77,0x69,0x64,0x74,0x68,0x3d,0x22,0x32,0x22,0x20,0x73,0x74,0x72,
  0x6f,0x6b,0x65,0x2d,0x6c,0x69,0x6e,0x65,0x63,0x61,0x70,0x3d,0x22,0x72,0x6f,0x75,
  0x6e,0x64,0x22,0x20,0x73,0x74,0x72,0x6f,0x6b,0x65,0x2d,0x6c,0x69,0x6e,0x65,0x6a,
  0x6f,0x69,0x6e,0x3d,0x22,0x72,0x6f,0x75,0x6e,0x64,0x22,0x20,0x63,0x6c,0x61,0x73,
  0x73,0x3d,0x22,0x66,0x65,0x61,0x74,0x68,0x65,0x72,0x20,0x66,0x65,0x61,0x74,0x68,
  0x65,0x72,0x2d,0x63,0x6f,0x72,0x6e,0x65,0x72,0x2d,0x72,0x69,0x67,0x68,0x74,0x2d,
  0x75,0x70,0x22,0x3e,0x3c,0x70,0x6f,0x6c,0x79,0x6c,0x69,0x6e,0x65,0x20,0x70,0x6f,
  0x69,0x6e,0x74,0x73,0x3d,0x22,0x31,0x30,0x20,0x39,0x20,0x31,0x35,0x20,0x34,0x20,
  0x32,0x30,0x20,0x39,0x22,0x3e,0x3c,0x2f,0x70,0x6f,0x6c,0x79,0x6c,0x69,0x6e,0x65,
  0x3e,0x3c,0x70,0x61,0x74,0x68,0x20,0x64,0x3d,0x22,0x4d,0x34,0x20,0x32,0x30,0x68,
  0x37,0x61,0x34,0x20,0x34,0x20,0x30,0x20,0x30,0x20,0x30,0x20,0x34,0x2d,0x34,0x56,
  0x34,0x22,0x3e,0x3c,0x2f,0x70,0x61,0x74,0x68,0x3e,0x3c,0x2f,0x73,0x76,0x67,0x3e,
  
    // crosshair.svg
  0x0,0x0,0x1,0xad,
  0x3c,
  0x73,0x76,0x67,0x20,0x78,0x6d,0x6c,0x6e,0x73,0x3d,0x22,0x68,0x74,0x74,0x70,0x3a,
  0x2f,0x2f,0x77,0x77,0x77,0x2e,0x77,0x33,0x2e,0x6f,0x72,0x67,0x2f,0x32,0x30,0x30,
  0x30,0x2f,0x73,0x76,0x67,0x22,0x20,0x77,0x69,0x64,0x74,0x68,0x3d,0x22,0x32,0x34,
  0x22,0x20,0x68,0x65,0x69,0x67,0x68,0x74,0x3d,0x22,0x32,0x34,0x22,0x20,0x76,0x69,
  0x65,0x77,0x42,0x6f,0x78,0x3d,0x22,0x30,0x20,0x30,0x20,0x32,0x34,0x20,0x32,0x34,
  0x22,0x20,0x66,0x69,0x6c,0x6c,0x3d,0x22,0x6e,0x6f,0x6e,0x65,0x22,0x20,0x73,0x74,
  0x72,0x6f,0x6b,0x65,0x3d,0x22,0x23,0x66,0x66,0x66,0x22,0x20,0x73,0x74,0x72,0x6f,
  0x6b,0x65,0x2d,0x77,0x69,0x64,0x74,0x68,0x3d,0x22,0x32,0x22,0x20,0x73,0x74,0x72,
  0x6f,0x6b,0x65,0x2d,0x6c,0x69,0x6e,0x65,0x63,0x61,0x70,0x3d,0x22,0x72,0x6f,0x75,
  0x6e,0x64,0x22,0x20,0x73,0x74,0x72,0x6f,0x6b,0x65,0x2d,0x6c,0x69,0x6e,0x65,0x6a,
  0x6f,0x69,0x6e,0x3d,0x22,0x72,0x6f,0x75,0x6e,0x64,0x22,0x20,0x63,0x6c,0x61,0x73,
  0x73,0x3d,0x22,0x66,0x65,0x61,0x74,0x68,0x65,0x72,0x20,0x66,0x65,0x61,0x74,0x68,
  0x65,0x72,0x2d,0x63,0x72,0x6f,0x73,0x73,0x68,0x61,0x69,0x72,0x22,0x3e,0x3c,0x63,
  0x69,0x72,0x63,0x6c,0x65,0x20,0x63,0x78,0x3d,0x22,0x31,0x32,0x22,0x20,0x63,0x79,
  0x3d,0x22,0x31,0x32,0x22,0x20,0x72,0x3d,0x22,0x31,0x30,0x22,0x3e,0x3c,0x2f,0x63,
  0x69,0x72,0x63,0x6c,0x65,0x3e,0x3c,0x6c,0x69,0x6e,0x65,0x20,0x78,0x31,0x3d,0x22,
  0x32,0x32,0x22,0x20,0x79,0x31,0x3d,0x22,0x31,0x32,0x22,0x20,0x78,0x32,0x3d,0x22,
  0x31,0x38,0x22,0x20,0x79,0x32,0x3d,0x22,0x31,0x32,0x22,0x3e,0x3c,0x2f,0x6c,0x69,
  0x6e,0x65,0x3e,0x3c,0x6c,0x69,0x6e,0x65,0x20,0x78,0x31,0x3d,0x22,0x36,0x22,0x20,
  0x79,0x31,0x3d,0x22,0x31,0x32,0x22,0x20,0x78,0x32,0x3d,0x22,0x32,0x22,0x20,0x79,
  0x32,0x3d,0x22,0x31,0x32,0x22,0x3e,0x3c,0x2f,0x6c,0x69,0x6e,0x65,0x3e,0x3c,0x6c,
  0x69,0x6e,0x65,0x20,0x78,0x31,0x3d,0x22,0x31,0x32,0x22,0x20,0x79,0x31,0x3d,0x22,
  0x36,0x22,0x20,0x78,0x32,0x3d,0x22,0x31,0x32,0x22,0x20,0x79,0x32,0x3d,0x22,0x32,
  0x22,0x3e,0x3c,0x2f,0x6c,0x69,0x6e,0x65,0x3e,0x3c,0x6c,0x69,0x6e,0x65,0x20,0x78,
  0x31,0x3d,0x22,0x31,0x32,0x22,0x20,0x79,0x31,0x3d,0x22,0x32,0x32,0x22,0x20,0x78,
  0x32,0x3d,0x22,0x31,0x32,0x22,0x20,0x79,0x32,0x3d,0x22,0x31,0x38,0x22,0x3e,0x3c,
  0x2f,0x6c,0x69,0x6e,0x65,0x3e,0x3c,0x2f,0x73,0x76,0x67,0x3e,
    // download-cloud.svg
  0x0,0x0,0x1,0x7b,
  0x3c,
  0x73,0x76,0x67,0x20,0x78,0x6d,0x6c,0x6e,0x73,0x3d,0x22,0x68,0x74,0x74,0x70,0x3a,
  0x2f,0x2f,0x77,0x77,0x77,0x2e,0x77,0x33,0x2e,0x6f,0x72,0x67,0x2f,0x32,0x30,0x30,
  0x30,0x2f,0x73,0x76,0x67,0x22,0x20,0x77,0x69,0x64,0x74,0x68,0x3d,0x22,0x32,0x34,
  0x22,0x20,0x68,0x65,0x69,0x67,0x68,0x74,0x3d,0x22,0x32,0x34,0x22,0x20,0x76,0x69,
  0x65,0x77,0x42,0x6f,0x78,0x3d,0x22,0x30,0x20,0x30,0x20,0x32,0x34,0x20,0x32,0x34,
  0x22,0x20,0x66,0x69,0x6c,0x6c,0x3d,0x22,0x6e,0x6f,0x6e,0x65,0x22,0x20,0x73,0x74,
  0x72,0x6f,0x6b,0x65,0x3d,0x22,0x23,0x66,0x66,0x66,0x22,0x20,0x73,0x74,0x72,0x6f,
  0x6b,0x65,0x2d,0x77,0x69,0x64,0x74,0x68,0x3d,0x22,0x32,0x22,0x20,0x73,0x74,0x72,
  0x6f,0x6b,0x65,0x2d,0x6c,0x69,0x6e,0x65,0x63,0x61,0x70,0x3d,0x22,0x72,0x6f,0x75,
  0x6e,0x64,0x22,0x20,0x73,0x74,0x72,0x6f,0x6b,0x65,0x2d,0x6c,0x69,0x6e,0x65,0x6a,
  0x6f,0x69,0x6e,0x3d,0x22,0x72,0x6f,0x75,0x6e,0x64,0x22,0x20,0x63,0x6c,0x61,0x73,
  0x73,0x3d,0x22,0x66,0x65,0x61,0x74,0x68,0x65,0x72,0x20,0x66,0x65,0x61,0x74,0x68,
  0x65,0x72,0x2d,0x64,0x6f,0x77,0x6e,0x6c,0x6f,0x61,0x64,0x2d,0x63,0x6c,0x6f,0x75,
  0x64,0x22,0x3e,0x3c,0x70,0x6f,0x6c,0x79,0x6c,0x69,0x6e,0x65,0x20,0x70,0x6f,0x69,
  0x6e,0x74,0x73,0x3d,0x22,0x38,0x20,0x31,0x37,0x20,0x31,0x32,0x20,0x32,0x31,0x20,
  0x31,0x36,0x20,0x31,0x37,0x22,0x3e,0x3c,0x2f,0x70,0x6f,0x6c,0x79,0x6c,0x69,0x6e,
  0x65,0x3e,0x3c,0x6c,0x69,0x6e,0x65,0x20,0x78,0x31,0x3d,0x22,0x31,0x32,0x22,0x20,
  0x79,0x31,0x3d,0x22,0x31,0x32,0x22,0x20,0x78,0x32,0x3d,0x22,0x31,0x32,0x22,0x20,
  0x79,0x32,0x3d,0x22,0x32,0x31,0x22,0x3e,0x3c,0x2f,0x6c,0x69,0x6e,0x65,0x3e,0x3c,
  0x70,0x61,0x74,0x68,0x20,0x64,0x3d,0x22,0x4d,0x32,0x30,0x2e,0x38,0x38,0x20,0x31,
  0x38,0x2e,0x30,0x39,0x41,0x35,0x20,0x35,0x20,0x30,0x20,0x30,0x20,0x30,0x20,0x31,
  0x38,0x20,0x39,0x68,0x2d,0x31,0x2e,0x32,0x36,0x41,0x38,0x20,0x38,0x20,0x30,0x20,
  0x31,0x20,0x30,0x20,0x33,0x20,0x31,0x36,0x2e,0x32,0x39,0x22,0x3e,0x3c,0x2f,0x70,
  0x61,0x74,0x68,0x3e,0x3c,0x2f,0x73,0x76,0x67,0x3e,
    // arrow-left-circle.svg
  0x0,0x0,0x1,0x5f,
  0x3c,
  0x73,0x76,0x67,0x20,0x78,0x6d,0x6c,0x6e,0x73,0x3d,0x22,0x68,0x74,0x74,0x70,0x3a,
  0x2f,0x2f,0x77,0x77,0x77,0x2e,0x77,0x33,0x2e,0x6f,0x72,0x67,0x2f,0x32,0x30,0x30,
  0x30,0x2f,0x73,0x76,0x67,0x22,0x20,0x77,0x69,0x64,0x74,0x68,0x3d,0x22,0x32,0x34,
  0x22,0x20,0x68,0x65,0x69,0x67,0x68,0x74,0x3d,0x22,0x32,0x34,0x22,0x20,0x76,0x69,
  0x65,0x77,0x42,0x6f,0x78,0x3d,0x22,0x30,0x20,0x30,0x20,0x32,0x34,0x20,0x32,0x34,
  0x22,0x20,0x66,0x69,0x6c,0x6c,0x3d,0x22,0x6e,0x6f,0x6e,0x65,0x22,0x20,0x73,0x74,
  0x72,0x6f,0x6b,0x65,0x3d,0x22,0x23,0x66,0x66,0x66,0x22,0x20,0x73,0x74,0x72,0x6f,
  0x6b,0x65,0x2d,0x77,0x69,0x64,0x74,0x68,0x3d,0x22,0x32,0x22,0x20,0x73,0x74,0x72,
  0x6f,0x6b,0x65,0x2d,0x6c,0x69,0x6e,0x65,0x63,0x61,0x70,0x3d,0x22,0x72,0x6f,0x75,
  0x6e,0x64,0x22,0x20,0x73,0x74,0x72,0x6f,0x6b,0x65,0x2d,0x6c,0x69,0x6e,0x65,0x6a,
  0x6f,0x69,0x6e,0x3d,0x22,0x72,0x6f,0x75,0x6e,0x64,0x22,0x20,0x63,0x6c,0x61,0x73,
  0x73,0x3d,0x22,0x66,0x65,0x61,0x74,0x68,0x65,0x72,0x20,0x66,0x65,0x61,0x74,0x68,
  0x65,0x72,0x2d,0x61,0x72,0x72,0x6f,0x77,0x2d,0x6c,0x65,0x66,0x74,0x2d,0x63,0x69,
  0x72,0x63,0x6c,0x65,0x22,0x3e,0x3c,0x63,0x69,0x72,0x63,0x6c,0x65,0x20,0x63,0x78,
  0x3d,0x22,0x31,0x32,0x22,0x20,0x63,0x79,0x3d,0x22,0x31,0x32,0x22,0x20,0x72,0x3d,
  0x22,0x31,0x30,0x22,0x3e,0x3c,0x2f,0x63,0x69,0x72,0x63,0x6c,0x65,0x3e,0x3c,0x70,
  0x6f,0x6c,0x79,0x6c,0x69,0x6e,0x65,0x20,0x70,0x6f,0x69,0x6e,0x74,0x73,0x3d,0x22,
  0x31,0x32,0x20,0x38,0x20,0x38,0x20,0x31,0x32,0x20,0x31,0x32,0x20,0x31,0x36,0x22,
  0x3e,0x3c,0x2f,0x70,0x6f,0x6c,0x79,0x6c,0x69,0x6e,0x65,0x3e,0x3c,0x6c,0x69,0x6e,
  0x65,0x20,0x78,0x31,0x3d,0x22,0x31,0x36,0x22,0x20,0x79,0x31,0x3d,0x22,0x31,0x32,
  0x22,0x20,0x78,0x32,0x3d,0x22,0x38,0x22,0x20,0x79,0x32,0x3d,0x22,0x31,0x32,0x22,
  0x3e,0x3c,0x2f,0x6c,0x69,0x6e,0x65,0x3e,0x3c,0x2f,0x73,0x76,0x67,0x3e,
    // check-square.svg
  0x0,0x0,0x1,0x51,
  0x3c,
  0x73,0x76,0x67,0x20,0x78,0x6d,0x6c,0x6e,0x73,0x3d,0x22,0x68,0x74,0x74,0x70,0x3a,
  0x2f,0x2f,0x77,0x77,0x77,0x2e,0x77,0x33,0x2e,0x6f,0x72,0x67,0x2f,0x32,0x30,0x30,
  0x30,0x2f,0x73,0x76,0x67,0x22,0x20,0x77,0x69,0x64,0x74,0x68,0x3d,0x22,0x32,0x34,
  0x22,0x20,0x68,0x65,0x69,0x67,0x68,0x74,0x3d,0x22,0x32,0x34,0x22,0x20,0x76,0x69,
  0x65,0x77,0x42,0x6f,0x78,0x3d,0x22,0x30,0x20,0x30,0x20,0x32,0x34,0x20,0x32,0x34,
  0x22,0x20,0x66,0x69,0x6c,0x6c,0x3d,0x22,0x6e,0x6f,0x6e,0x65,0x22,0x20,0x73,0x74,
  0x72,0x6f,0x6b,0x65,0x3d,0x22,0x23,0x66,0x66,0x66,0x22,0x20,0x73,0x74,0x72,0x6f,
  0x6b,0x65,0x2d,0x77,0x69,0x64,0x74,0x68,0x3d,0x22,0x32,0x22,0x20,0x73,0x74,0x72,
  0x6f,0x6b,0x65,0x2d,0x6c,0x69,0x6e,0x65,0x63,0x61,0x70,0x3d,0x22,0x72,0x6f,0x75,
  0x6e,0x64,0x22,0x20,0x73,0x74,0x72,0x6f,0x6b,0x65,0x2d,0x6c,0x69,0x6e,0x65,0x6a,
  0x6f,0x69,0x6e,0x3d,0x22,0x72,0x6f,0x75,0x6e,0x64,0x22,0x20,0x63,0x6c,0x61,0x73,
  0x73,0x3d,0x22,0x66,0x65,0x61,0x74,0x68,0x65,0x72,0x20,0x66,0x65,0x61,0x74,0x68,
  0x65,0x72,0x2d,0x63,0x68,0x65,0x63,0x6b,0x2d,0x73,0x71,0x75,0x61,0x72,0x65,0x22,
  0x3e,0x3c,0x70,0x6f,0x6c,0x79,0x6c,0x69,0x6e,0x65,0x20,0x70,0x6f,0x69,0x6e,0x74,
  0x73,0x3d,0x22,0x39,0x20,0x31,0x31,0x20,0x31,0x32,0x20,0x31,0x34,0x20,0x32,0x32,
  0x20,0x34,0x22,0x3e,0x3c,0x2f,0x70,0x6f,0x6c,0x79,0x6c,0x69,0x6e,0x65,0x3e,0x3c,
  0x70,0x61,0x74,0x68,0x20,0x64,0x3d,0x22,0x4d,0x32,0x31,0x20,0x31,0x32,0x76,0x37,
  0x61,0x32,0x20,0x32,0x20,0x30,0x20,0x30,0x20,0x31,0x2d,0x32,0x20,0x32,0x48,0x35,
  0x61,0x32,0x20,0x32,0x20,0x30,0x20,0x30,0x20,0x31,0x2d,0x32,0x2d,0x32,0x56,0x35,
  0x61,0x32,0x20,0x32,0x20,0x30,0x20,0x30,0x20,0x31,0x20,0x32,0x2d,0x32,0x68,0x31,
  0x31,0x22,0x3e,0x3c,0x2f,0x70,0x61,0x74,0x68,0x3e,0x3c,0x2f,0x73,0x76,0x67,0x3e,
  
    // calendar.svg
  0x0,0x0,0x1,0x92,
  0x3c,
  0x73,0x76,0x67,0x20,0x78,0x6d,0x6c,0x6e,0x73,0x3d,0x22,0x68,0x74,0x74,0x70,0x3a,
  0x2f,0x2f,0x77,0x77,0x77,0x2e,0x77,0x33,0x2e,0x6f,0x72,0x67,0x2f,0x32,0x30,0x30,
  0x30,0x2f,0x73,0x76,0x67,0x22,0x20,0x77,0x69,0x64,0x74,0x68,0x3d,0x22,0x32,0x34,
  0x22,0x20,0x68,0x65,0x69,0x67,0x68,0x74,0x3d,0x22,0x32,0x34,0x22,0x20,0x76,0x69,
  0x65,0x77,0x42,0x6f,0x78,0x3d,0x22,0x30,0x20,0x30,0x20,0x32,0x34,0x20,0x32,0x34,
  0x22,0x20,0x66,0x69,0x6c,0x6c,0x3d,0x22,0x6e,0x6f,0x6e,0x65,0x22,0x20,0x73,0x74,
  0x72,0x6f,0x6b,0x65,0x3d,0x22,0x23,0x66,0x66,0x66,0x22,0x20,0x73,0x74,0x72,0x6f,
  0x6b,0x65,0x2d,0x77,0x69,0x64,0x74,0x68,0x3d,0x22,0x32,0x22,0x20,0x73,0x74,0x72,
  0x6f,0x6b,0x65,0x2d,0x6c,0x69,0x6e,0x65,0x63,0x61,0x70,0x3d,0x22,0x72,0x6f,0x75,
  0x6e,0x64,0x22,0x20,0x73,0x74,0x72,0x6f,0x6b,0x65,0x2d,0x6c,0x69,0x6e,0x65,0x6a,
  0x6f,0x69,0x6e,0x3d,0x22,0x72,0x6f,0x75,0x6e,0x64,0x22,0x20,0x63,0x6c,0x61,0x73,
  0x73,0x3d,0x22,0x66,0x65,0x61,0x74,0x68,0x65,0x72,0x20,0x66,0x65,0x61,0x74,0x68,
  0x65,0x72,0x2d,0x63,0x61,0x6c,0x65,0x6e,0x64,0x61,0x72,0x22,0x3e,0x3c,0x72,0x65,
  0x63,0x74,0x20,0x78,0x3d,0x22,0x33,0x22,0x20,0x79,0x3d,0x22,0x34,0x22,0x20,0x77,
  0x69,0x64,0x74,0x68,0x3d,0x22,0x31,0x38,0x22,0x20,0x68,0x65,0x69,0x67,0x68,0x74,
  0x3d,0x22,0x31,0x38,0x22,0x20,0x72,0x78,0x3d,0x22,0x32,0x22,0x20,0x72,0x79,0x3d,
  0x22,0x32,0x22,0x3e,0x3c,0x2f,0x72,0x65,0x63,0x74,0x3e,0x3c,0x6c,0x69,0x6e,0x65,
  0x20,0x78,0x31,0x3d,0x22,0x31,0x36,0x22,0x20,0x79,0x31,0x3d,0x22,0x32,0x22,0x20,
  0x78,0x32,0x3d,0x22,0x31,0x36,0x22,0x20,0x79,0x32,0x3d,0x22,0x36,0x22,0x3e,0x3c,
  0x2f,0x6c,0x69,0x6e,0x65,0x3e,0x3c,0x6c,0x69,0x6e,0x65,0x20,0x78,0x31,0x3d,0x22,
  0x38,0x22,0x20,0x79,0x31,0x3d,0x22,0x32,0x22,0x20,0x78,0x32,0x3d,0x22,0x38,0x22,
  0x20,0x79,0x32,0x3d,0x22,0x36,0x22,0x3e,0x3c,0x2f,0x6c,0x69,0x6e,0x65,0x3e,0x3c,
  0x6c,0x69,0x6e,0x65,0x20,0x78,0x31,0x3d,0x22,0x33,0x22,0x20,0x79,0x31,0x3d,0x22,
  0x31,0x30,0x22,0x20,0x78,0x32,0x3d,0x22,0x32,0x31,0x22,0x20,0x79,0x32,0x3d,0x22,
  0x31,0x30,0x22,0x3e,0x3c,0x2f,0x6c,0x69,0x6e,0x65,0x3e,0x3c,0x2f,0x73,0x76,0x67,
  0x3e,
    // user.svg
  0x0,0x0,0x1,0x31,
  0x3c,
  0x73,0x76,0x67,0x20,0x78,0x6d,0x6c,0x6e,0x73,0x3d,0x22,0x68,0x74,0x74,0x70,0x3a,
  0x2f,0x2f,0x77,0x77,0x77,0x2e,0x77,0x33,0x2e,0x6f,0x72,0x67,0x2f,0x32,0x30,0x30,
  0x30,0x2f,0x73,0x76,0x67,0x22,0x20,0x77,0x69,0x64,0x74,0x68,0x3d,0x22,0x32,0x34,
  0x22,0x20,0x68,0x65,0x69,0x67,0x68,0x74,0x3d,0x22,0x32,0x34,0x22,0x20,0x76,0x69,
  0x65,0x77,0x42,0x6f,0x78,0x3d,0x22,0x30,0x20,0x30,0x20,0x32,0x34,0x20,0x32,0x34,
  0x22,0x20,0x66,0x69,0x6c,0x6c,0x3d,0x22,0x6e,0x6f,0x6e,0x65,0x22,0x20,0x73,0x74,
  0x72,0x6f,0x6b,0x65,0x3d,0x22,0x23,0x66,0x66,0x66,0x22,0x20,0x73,0x74,0x72,0x6f,
  0x6b,0x65,0x2d,0x77,0x69,0x64,0x74,0x68,0x3d,0x22,0x32,0x22,0x20,0x73,0x74,0x72,
  0x6f,0x6b,0x65,0x2d,0x6c,0x69,0x6e,0x65,0x63,0x61,0x70,0x3d,0x22,0x72,0x6f,0x75,
  0x6e,0x64,0x22,0x20,0x73,0x74,0x72,0x6f,0x6b,0x65,0x2d,0x6c,0x69,0x6e,0x65,0x6a,
  0x6f,0x69,0x6e,0x3d,0x22,0x72,0x6f,0x75,0x6e,0x64,0x22,0x20,0x63,0x6c,0x61,0x73,
  0x73,0x3d,0x22,0x66,0x65,0x61,0x74,0x68,0x65,0x72,0x20,0x66,0x65,0x61,0x74,0x68,
  0x65,0x72,0x2d,0x75,0x73,0x65,0x72,0x22,0x3e,0x3c,0x70,0x61,0x74,0x68,0x20,0x64,
  0x3d,0x22,0x4d,0x32,0x30,0x20,0x32,0x31,0x76,0x2d,0x32,0x61,0x34,0x20,0x34,0x20,
  0x30,0x20,0x30,0x20,0x30,0x2d,0x34,0x2d,0x34,0x48,0x38,0x61,0x34,0x20,0x34,0x20,
  0x30,0x20,0x30,0x20,0x30,0x2d,0x34,0x20,0x34,0x76,0x32,0x22,0x3e,0x3c,0x2f,0x70,
  0x61,0x74,0x68,0x3e,0x3c,0x63,0x69,0x72,0x63,0x6c,0x65,0x20,0x63,0x78,0x3d,0x22,
  0x31,0x32,0x22,0x20,0x63,0x79,0x3d,0x22,0x37,0x22,0x20,0x72,0x3d,0x22,0x34,0x22,
  0x3e,0x3c,0x2f,0x63,0x69,0x72,0x63,0x6c,0x65,0x3e,0x3c,0x2f,0x73,0x76,0x67,0x3e,
  
    // hexagon.svg
  0x0,0x0,0x1,0x5e,
  0x3c,
  0x73,0x76,0x67,0x20,0x78,0x6d,0x6c,0x6e,0x73,0x3d,0x22,0x68,0x74,0x74,0x70,0x3a,
  0x2f,0x2f,0x77,0x77,0x77,0x2e,0x77,0x33,0x2e,0x6f,0x72,0x67,0x2f,0x32,0x30,0x30,
  0x30,0x2f,0x73,0x76,0x67,0x22,0x20,0x77,0x69,0x64,0x74,0x68,0x3d,0x22,0x32,0x34,
  0x22,0x20,0x68,0x65,0x69,0x67,0x68,0x74,0x3d,0x22,0x32,0x34,0x22,0x20,0x76,0x69,
  0x65,0x77,0x42,0x6f,0x78,0x3d,0x22,0x30,0x20,0x30,0x20,0x32,0x34,0x20,0x32,0x34,
  0x22,0x20,0x66,0x69,0x6c,0x6c,0x3d,0x22,0x6e,0x6f,0x6e,0x65,0x22,0x20,0x73,0x74,
  0x72,0x6f,0x6b,0x65,0x3d,0x22,0x23,0x66,0x66,0x66,0x22,0x20,0x73,0x74,0x72,0x6f,
  0x6b,0x65,0x2d,0x77,0x69,0x64,0x74,0x68,0x3d,0x22,0x32,0x22,0x20,0x73,0x74,0x72,
  0x6f,0x6b,0x65,0x2d,0x6c,0x69,0x6e,0x65,0x63,0x61,0x70,0x3d,0x22,0x72,0x6f,0x75,
  0x6e,0x64,0x22,0x20,0x73,0x74,0x72,0x6f,0x6b,0x65,0x2d,0x6c,0x69,0x6e,0x65,0x6a,
  0x6f,0x69,0x6e,0x3d,0x22,0x72,0x6f,0x75,0x6e,0x64,0x22,0x20,0x63,0x6c,0x61,0x73,
  0x73,0x3d,0x22,0x66,0x65,0x61,0x74,0x68,0x65,0x72,0x20,0x66,0x65,0x61,0x74,0x68,
  0x65,0x72,0x2d,0x68,0x65,0x78,0x61,0x67,0x6f,0x6e,0x22,0x3e,0x3c,0x70,0x61,0x74,
  0x68,0x20,0x64,0x3d,0x22,0x4d,0x32,0x31,0x20,0x31,0x36,0x56,0x38,0x61,0x32,0x20,
  0x32,0x20,0x30,0x20,0x30,0x20,0x30,0x2d,0x31,0x2d,0x31,0x2e,0x37,0x33,0x6c,0x2d,
  0x37,0x2d,0x34,0x61,0x32,0x20,0x32,0x20,0x30,0x20,0x30,0x20,0x30,0x2d,0x32,0x20,
  0x30,0x6c,0x2d,0x37,0x20,0x34,0x41,0x32,0x20,0x32,0x20,0x30,0x20,0x30,0x20,0x30,
  0x20,0x33,0x20,0x38,0x76,0x38,0x61,0x32,0x20,0x32,0x20,0x30,0x20,0x30,0x20,0x30,
  0x20,0x31,0x20,0x31,0x2e,0x37,0x33,0x6c,0x37,0x20,0x34,0x61,0x32,0x20,0x32,0x20,
  0x30,0x20,0x30,0x20,0x30,0x20,0x32,0x20,0x30,0x6c,0x37,0x2d,0x34,0x41,0x32,0x20,
  0x32,0x20,0x30,0x20,0x30,0x20,0x30,0x20,0x32,0x31,0x20,0x31,0x36,0x7a,0x22,0x3e,
  0x3c,0x2f,0x70,0x61,0x74,0x68,0x3e,0x3c,0x2f,0x73,0x76,0x67,0x3e,
    // pen-tool.svg
  0x0,0x0,0x1,0x7f,
  0x3c,
  0x73,0x76,0x67,0x20,0x78,0x6d,0x6c,0x6e,0x73,0x3d,0x22,0x68,0x74,0x74,0x70,0x3a,
  0x2f,0x2f,0x77,0x77,0x77,0x2e,0x77,0x33,0x2e,0x6f,0x72,0x67,0x2f,0x32,0x30,0x30,
  0x30,0x2f,0x73,0x76,0x67,0x22,0x20,0x77,0x69,0x64,0x74,0x68,0x3d,0x22,0x32,0x34,
  0x22,0x20,0x68,0x65,0x69,0x67,0x68,0x74,0x3d,0x22,0x32,0x34,0x22,0x20,0x76,0x69,
  0x65,0x77,0x42,0x6f,0x78,0x3d,0x22,0x30,0x20,0x30,0x20,0x32,0x34,0x20,0x32,0x34,
  0x22,0x20,0x66,0x69,0x6c,0x6c,0x3d,0x22,0x6e,0x6f,0x6e,0x65,0x22,0x20,0x73,0x74,
  0x72,0x6f,0x6b,0x65,0x3d,0x22,0x23,0x66,0x66,0x66,0x22,0x20,0x73,0x74,0x72,0x6f,
  0x6b,0x65,0x2d,0x77,0x69,0x64,0x74,0x68,0x3d,0x22,0x32,0x22,0x20,0x73,0x74,0x72,
  0x6f,0x6b,0x65,0x2d,0x6c,0x69,0x6e,0x65,0x63,0x61,0x70,0x3d,0x22,0x72,0x6f,0x75,
  0x6e,0x64,0x22,0x20,0x73,0x74,0x72,0x6f,0x6b,0x65,0x2d,0x6c,0x69,0x6e,0x65,0x6a,
  0x6f,0x69,0x6e,0x3d,0x22,0x72,0x6f,0x75,0x6e,0x64,0x22,0x20,0x63,0x6c,0x61,0x73,
  0x73,0x3d,0x22,0x66,0x65,0x61,0x74,0x68,0x65,0x72,0x20,0x66,0x65,0x61,0x74,0x68,
  0x65,0x72,0x2d,0x70,0x65,0x6e,0x2d,0x74,0x6f,0x6f,0x6c,0x22,0x3e,0x3c,0x70,0x61,
  0x74,0x68,0x20,0x64,0x3d,0x22,0x4d,0x31,0x32,0x20,0x31,0x39,0x6c,0x37,0x2d,0x37,
  0x20,0x33,0x20,0x33,0x2d,0x37,0x20,0x37,0x2d,0x33,0x2d,0x33,0x7a,0x22,0x3e,0x3c,
  0x2f,0x70,0x61,0x74,0x68,0x3e,0x3c,0x70,0x61,0x74,0x68,0x20,0x64,0x3d,0x22,0x4d,
  0x31,0x38,0x20,0x31,0x33,0x6c,0x2d,0x31,0x2e,0x35,0x2d,0x37,0x2e,0x35,0x4c,0x32,
  0x20,0x32,0x6c,0x33,0x2e,0x35,0x20,0x31,0x34,0x2e,0x35,0x4c,0x31,0x33,0x20,0x31,
  0x38,0x6c,0x35,0x2d,0x35,0x7a,0x22,0x3e,0x3c,0x2f,0x70,0x61,0x74,0x68,0x3e,0x3c,
  0x70,0x61,0x74,0x68,0x20,0x64,0x3d,0x22,0x4d,0x32,0x20,0x32,0x6c,0x37,0x2e,0x35,
  0x38,0x36,0x20,0x37,0x2e,0x35,0x38,0x36,0x22,0x3e,0x3c,0x2f,0x70,0x61,0x74,0x68,
  0x3e,0x3c,0x63,0x69,0x72,0x63,0x6c,0x65,0x20,0x63,0x78,0x3d,0x22,0x31,0x31,0x22,
  0x20,0x63,0x79,0x3d,0x22,0x31,0x31,0x22,0x20,0x72,0x3d,0x22,0x32,0x22,0x3e,0x3c,
  0x2f,0x63,0x69,0x72,0x63,0x6c,0x65,0x3e,0x3c,0x2f,0x73,0x76,0x67,0x3e,
    // image.svg
  0x0,0x0,0x1,0x69,
  0x3c,
  0x73,0x76,0x67,0x20,0x78,0x6d,0x6c,0x6e,0x73,0x3d,0x22,0x68,0x74,0x74,0x70,0x3a,
  0x2f,0x2f,0x77,0x77,0x77,0x2e,0x77,0x33,0x2e,0x6f,0x72,0x67,0x2f,0x32,0x30,0x30,
  0x30,0x2f,0x73,0x76,0x67,0x22,0x20,0x77,0x69,0x64,0x74,0x68,0x3d,0x22,0x32,0x34,
  0x22,0x20,0x68,0x65,0x69,0x67,0x68,0x74,0x3d,0x22,0x32,0x34,0x22,0x20,0x76,0x69,
  0x65,0x77,0x42,0x6f,0x78,0x3d,0x22,0x30,0x20,0x30,0x20,0x32,0x34,0x20,0x32,0x34,
  0x22,0x20,0x66,0x69,0x6c,0x6c,0x3d,0x22,0x6e,0x6f,0x6e,0x65,0x22,0x20,0x73,0x74,
  0x72,0x6f,0x6b,0x65,0x3d,0x22,0x23,0x66,0x66,0x66,0x22,0x20,0x73,0x74,0x72,0x6f,
  0x6b,0x65,0x2d,0x77,0x69,0x64,0x74,0x68,0x3d,0x22,0x32,0x22,0x20,0x73,0x74,0x72,
  0x6f,0x6b,0x65,0x2d,0x6c,0x69,0x6e,0x65,0x63,0x61,0x70,0x3d,0x22,0x72,0x6f,0x75,
  0x6e,0x64,0x22,0x20,0x73,0x74,0x72,0x6f,0x6b,0x65,0x2d,0x6c,0x69,0x6e,0x65,0x6a,
  0x6f,0x69,0x6e,0x3d,0x22,0x72,0x6f,0x75,0x6e,0x64,0x22,0x20,0x63,0x6c,0x61,0x73,
  0x73,0x3d,0x22,0x66,0x65,0x61,0x74,0x68,0x65,0x72,0x20,0x66,0x65,0x61,0x74,0x68,
  0x65,0x72,0x2d,0x69,0x6d,0x61,0x67,0x65,0x22,0x3e,0x3c,0x72,0x65,0x63,0x74,0x20,
  0x78,0x3d,0x22,0x33,0x22,0x20,0x79,0x3d,0x22,0x33,0x22,0x20,0x77,0x69,0x64,0x74,
  0x68,0x3d,0x22,0x31,0x38,0x22,0x20,0x68,0x65,0x69,0x67,0x68,0x74,0x3d,0x22,0x31,
  0x38,0x22,0x20,0x72,0x78,0x3d,0x22,0x32,0x22,0x20,0x72,0x79,0x3d,0x22,0x32,0x22,
  0x3e,0x3c,0x2f,0x72,0x65,0x63,0x74,0x3e,0x3c,0x63,0x69,0x72,0x63,0x6c,0x65,0x20,
  0x63,0x78,0x3d,0x22,0x38,0x2e,0x35,0x22,0x20,0x63,0x79,0x3d,0x22,0x38,0x2e,0x35,
  0x22,0x20,0x72,0x3d,0x22,0x31,0x2e,0x35,0x22,0x3e,0x3c,0x2f,0x63,0x69,0x72,0x63,
  0x6c,0x65,0x3e,0x3c,0x70,0x6f,0x6c,0x79,0x6c,0x69,0x6e,0x65,0x20,0x70,0x6f,0x69,
  0x6e,0x74,0x73,0x3d,0x22,0x32,0x31,0x20,0x31,0x35,0x20,0x31,0x36,0x20,0x31,0x30,
  0x20,0x35,0x20,0x32,0x31,0x22,0x3e,0x3c,0x2f,0x70,0x6f,0x6c,0x79,0x6c,0x69,0x6e,
  0x65,0x3e,0x3c,0x2f,0x73,0x76,0x67,0x3e,
    // shopping-cart.svg
  0x0,0x0,0x1,0x77,
  0x3c,
  0x73,0x76,0x67,0x20,0x78,0x6d,0x6c,0x6e,0x73,0x3d,0x22,0x68,0x74,0x74,0x70,0x3a,
  0x2f,0x2f,0x77,0x77,0x77,0x2e,0x77,0x33,0x2e,0x6f,0x72,0x67,0x2f,0x32,0x30,0x30,
  0x30,0x2f,0x73,0x76,0x67,0x22,0x20,0x77,0x69,0x64,0x74,0x68,0x3d,0x22,0x32,0x34,
  0x22,0x20,0x68,0x65,0x69,0x67,0x68,0x74,0x3d,0x22,0x32,0x34,0x22,0x20,0x76,0x69,
  0x65,0x77,0x42,0x6f,0x78,0x3d,0x22,0x30,0x20,0x30,0x20,0x32,0x34,0x20,0x32,0x34,
  0x22,0x20,0x66,0x69,0x6c,0x6c,0x3d,0x22,0x6e,0x6f,0x6e,0x65,0x22,0x20,0x73,0x74,
  0x72,0x6f,0x6b,0x65,0x3d,0x22,0x23,0x66,0x66,0x66,0x22,0x20,0x73,0x74,0x72,0x6f,
  0x6b,0x65,0x2d,0x77,0x69,0x64,0x74,0x68,0x3d,0x22,0x32,0x22,0x20,0x73,0x74,0x72,
  0x6f,0x6b,0x65,0x2d,0x6c,0x69,0x6e,0x65,0x63,0x61,0x70,0x3d,0x22,0x72,0x6f,0x75,
  0x6e,0x64,0x22,0x20,0x73,0x74,0x72,0x6f,0x6b,0x65,0x2d,0x6c,0x69,0x6e,0x65,0x6a,
  0x6f,0x69,0x6e,0x3d,0x22,0x72,0x6f,0x75,0x6e,0x64,0x22,0x20,0x63,0x6c,0x61,0x73,
  0x73,0x3d,0x22,0x66,0x65,0x61,0x74,0x68,0x65,0x72,0x20,0x66,0x65,0x61,0x74,0x68,
  0x65,0x72,0x2d,0x73,0x68,0x6f,0x70,0x70,0x69,0x6e,0x67,0x2d,0x63,0x61,0x72,0x74,
  0x22,0x3e,0x3c,0x63,0x69,0x72,0x63,0x6c,0x65,0x20,0x63,0x78,0x3d,0x22,0x39,0x22,
  0x20,0x63,0x79,0x3d,0x22,0x32,0x31,0x22,0x20,0x72,0x3d,0x22,0x31,0x22,0x3e,0x3c,
  0x2f,0x63,0x69,0x72,0x63,0x6c,0x65,0x3e,0x3c,0x63,0x69,0x72,0x63,0x6c,0x65,0x20,
  0x63,0x78,0x3d,0x22,0x32,0x30,0x22,0x20,0x63,0x79,0x3d,0x22,0x32,0x31,0x22,0x20,
  0x72,0x3d,0x22,0x31,0x22,0x3e,0x3c,0x2f,0x63,0x69,0x72,0x63,0x6c,0x65,0x3e,0x3c,
  0x70,0x61,0x74,0x68,0x20,0x64,0x3d,0x22,0x4d,0x31,0x20,0x31,0x68,0x34,0x6c,0x32,
  0x2e,0x36,0x38,0x20,0x31,0x33,0x2e,0x33,0x39,0x61,0x32,0x20,0x32,0x20,0x30,0x20,
  0x30,0x20,0x30,0x20,0x32,0x20,0x31,0x2e,0x36,0x31,0x68,0x39,0x2e,0x37,0x32,0x61,
  0x32,0x20,0x32,0x20,0x30,0x20,0x30,0x20,0x30,0x20,0x32,0x2d,0x31,0x2e,0x36,0x31,
  0x4c,0x32,0x33,0x20,0x36,0x48,0x36,0x22,0x3e,0x3c,0x2f,0x70,0x61,0x74,0x68,0x3e,
  0x3c,0x2f,0x73,0x76,0x67,0x3e,
    // file-minus.svg
  0x0,0x0,0x1,0x7b,
  0x3c,
  0x73,0x76,0x67,0x20,0x78,0x6d,0x6c,0x6e,0x73,0x3d,0x22,0x68,0x74,0x74,0x70,0x3a,
  0x2f,0x2f,0x77,0x77,0x77,0x2e,0x77,0x33,0x2e,0x6f,0x72,0x67,0x2f,0x32,0x30,0x30,
  0x30,0x2f,0x73,0x76,0x67,0x22,0x20,0x77,0x69,0x64,0x74,0x68,0x3d,0x22,0x32,0x34,
  0x22,0x20,0x68,0x65,0x69,0x67,0x68,0x74,0x3d,0x22,0x32,0x34,0x22,0x20,0x76,0x69,
  0x65,0x77,0x42,0x6f,0x78,0x3d,0x22,0x30,0x20,0x30,0x20,0x32,0x34,0x20,0x32,0x34,
  0x22,0x20,0x66,0x69,0x6c,0x6c,0x3d,0x22,0x6e,0x6f,0x6e,0x65,0x22,0x20,0x73,0x74,
  0x72,0x6f,0x6b,0x65,0x3d,0x22,0x23,0x66,0x66,0x66,0x22,0x20,0x73,0x74,0x72,0x6f,
  0x6b,0x65,0x2d,0x77,0x69,0x64,0x74,0x68,0x3d,0x22,0x32,0x22,0x20,0x73,0x74,0x72,
  0x6f,0x6b,0x65,0x2d,0x6c,0x69,0x6e,0x65,0x63,0x61,0x70,0x3d,0x22,0x72,0x6f,0x75,
  0x6e,0x64,0x22,0x20,0x73,0x74,0x72,0x6f,0x6b,0x65,0x2d,0x6c,0x69,0x6e,0x65,0x6a,
  0x6f,0x69,0x6e,0x3d,0x22,0x72,0x6f,0x75,0x6e,0x64,0x22,0x20,0x63,0x6c,0x61,0x73,
  0x73,0x3d,0x22,0x66,0x65,0x61,0x74,0x68,0x65,0x72,0x20,0x66,0x65,0x61,0x74,0x68,
  0x65,0x72,0x2d,0x66,0x69,0x6c,0x65,0x2d,0x6d,0x69,0x6e,0x75,0x73,0x22,0x3e,0x3c,
  0x70,0x61,0x74,0x68,0x20,0x64,0x3d,0x22,0x4d,0x31,0x34,0x20,0x32,0x48,0x36,0x61,
  0x32,0x20,0x32,0x20,0x30,0x20,0x30,0x20,0x30,0x2d,0x32,0x20,0x32,0x76,0x31,0x36,
  0x61,0x32,0x20,0x32,0x20,0x30,0x20,0x30,0x20,0x30,0x20,0x32,0x20,0x32,0x68,0x31,
  0x32,0x61,0x32,0x20,0x32,0x20,0x30,0x20,0x30,0x20,0x30,0x20,0x32,0x2d,0x32,0x56,
  0x38,0x7a,0x22,0x3e,0x3c,0x2f,0x70,0x61,0x74,0x68,0x3e,0x3c,0x70,0x6f,0x6c,0x79,
  0x6c,0x69,0x6e,0x65,0x20,0x70,0x6f,0x69,0x6e,0x74,0x73,0x3d,0x22,0x31,0x34,0x20,
  0x32,0x20,0x31,0x34,0x20,0x38,0x20,0x32,0x30,0x20,0x38,0x22,0x3e,0x3c,0x2f,0x70,
  0x6f,0x6c,0x79,0x6c,0x69,0x6e,0x65,0x3e,0x3c,0x6c,0x69,0x6e,0x65,0x20,0x78,0x31,
  0x3d,0x22,0x39,0x22,0x20,0x79,0x31,0x3d,0x22,0x31,0x35,0x22,0x20,0x78,0x32,0x3d,
  0x22,0x31,0x35,0x22,0x20,0x79,0x32,0x3d,0x22,0x31,0x35,0x22,0x3e,0x3c,0x2f,0x6c,
  0x69,0x6e,0x65,0x3e,0x3c,0x2f,0x73,0x76,0x67,0x3e,
    // circle.svg
  0x0,0x0,0x0,0xfa,
  0x3c,
  0x73,0x76,0x67,0x20,0x78,0x6d,0x6c,0x6e,0x73,0x3d,0x22,0x68,0x74,0x74,0x70,0x3a,
  0x2f,0x2f,0x77,0x77,0x77,0x2e,0x77,0x33,0x2e,0x6f,0x72,0x67,0x2f,0x32,0x30,0x30,
  0x30,0x2f,0x73,0x76,0x67,0x22,0x20,0x77,0x69,0x64,0x74,0x68,0x3d,0x22,0x32,0x34,
  0x22,0x20,0x68,0x65,0x69,0x67,0x68,0x74,0x3d,0x22,0x32,0x34,0x22,0x20,0x76,0x69,
  0x65,0x77,0x42,0x6f,0x78,0x3d,0x22,0x30,0x20,0x30,0x20,0x32,0x34,0x20,0x32,0x34,
  0x22,0x20,0x66,0x69,0x6c,0x6c,0x3d,0x22,0x6e,0x6f,0x6e,0x65,0x22,0x20,0x73,0x74,
  0x72,0x6f,0x6b,0x65,0x3d,0x22,0x23,0x66,0x66,0x66,0x22,0x20,0x73,0x74,0x72,0x6f,
  0x6b,0x65,0x2d,0x77,0x69,0x64,0x74,0x68,0x3d,0x22,0x32,0x22,0x20,0x73,0x74,0x72,
  0x6f,0x6b,0x65,0x2d,0x6c,0x69,0x6e,0x65,0x63,0x61,0x70,0x3d,0x22,0x72,0x6f,0x75,
  0x6e,0x64,0x22,0x20,0x73,0x74,0x72,0x6f,0x6b,0x65,0x2d,0x6c,0x69,0x6e,0x65,0x6a,
  0x6f,0x69,0x6e,0x3d,0x22,0x72,0x6f,0x75,0x6e,0x64,0x22,0x20,0x63,0x6c,0x61,0x73,
  0x73,0x3d,0x22,0x66,0x65,0x61,0x74,0x68,0x65,0x72,0x20,0x66,0x65,0x61,0x74,0x68,
  0x65,0x72,0x2d,0x63,0x69,0x72,0x63,0x6c,0x65,0x22,0x3e,0x3c,0x63,0x69,0x72,0x63,
  0x6c,0x65,0x20,0x63,0x78,0x3d,0x22,0x31,0x32,0x22,0x20,0x63,0x79,0x3d,0x22,0x31,
  0x32,0x22,0x20,0x72,0x3d,0x22,0x31,0x30,0x22,0x3e,0x3c,0x2f,0x63,0x69,0x72,0x63,
  0x6c,0x65,0x3e,0x3c,0x2f,0x73,0x76,0x67,0x3e,
    // printer.svg
  0x0,0x0,0x1,0x8f,
  0x3c,
  0x73,0x76,0x67,0x20,0x78,0x6d,0x6c,0x6e,0x73,0x3d,0x22,0x68,0x74,0x74,0x70,0x3a,
  0x2f,0x2f,0x77,0x77,0x77,0x2e,0x77,0x33,0x2e,0x6f,0x72,0x67,0x2f,0x32,0x30,0x30,
  0x30,0x2f,0x73,0x76,0x67,0x22,0x20,0x77,0x69,0x64,0x74,0x68,0x3d,0x22,0x32,0x34,
  0x22,0x20,0x68,0x65,0x69,0x67,0x68,0x74,0x3d,0x22,0x32,0x34,0x22,0x20,0x76,0x69,
  0x65,0x77,0x42,0x6f,0x78,0x3d,0x22,0x30,0x20,0x30,0x20,0x32,0x34,0x20,0x32,0x34,
  0x22,0x20,0x66,0x69,0x6c,0x6c,0x3d,0x22,0x6e,0x6f,0x6e,0x65,0x22,0x20,0x73,0x74,
  0x72,0x6f,0x6b,0x65,0x3d,0x22,0x23,0x66,0x66,0x66,0x22,0x20,0x73,0x74,0x72,0x6f,
  0x6b,0x65,0x2d,0x77,0x69,0x64,0x74,0x68,0x3d,0x22,0x32,0x22,0x20,0x73,0x74,0x72,
  0x6f,0x6b,0x65,0x2d,0x6c,0x69,0x6e,0x65,0x63,0x61,0x70,0x3d,0x22,0x72,0x6f,0x75,
  0x6e,0x64,0x22,0x20,0x73,0x74,0x72,0x6f,0x6b,0x65,0x2d,0x6c,0x69,0x6e,0x65,0x6a,
  0x6f,0x69,0x6e,0x3d,0x22,0x72,0x6f,0x75,0x6e,0x64,0x22,0x20,0x63,0x6c,0x61,0x73,
  0x73,0x3d,0x22,0x66,0x65,0x61,0x74,0x68,0x65,0x72,0x20,0x66,0x65,0x61,0x74,0x68,
  0x65,0x72,0x2d,0x70,0x72,0x69,0x6e,0x74,0x65,0x72,0x22,0x3e,0x3c,0x70,0x6f,0x6c,
  0x79,0x6c,0x69,0x6e,0x65,0x20,0x70,0x6f,0x69,0x6e,0x74,0x73,0x3d,0x22,0x36,0x20,
  0x39,0x20,0x36,0x20,0x32,0x20,0x31,0x38,0x20,0x32,0x20,0x31,0x38,0x20,0x39,0x22,
  0x3e,0x3c,0x2f,0x70,0x6f,0x6c,0x79,0x6c,0x69,0x6e,0x65,0x3e,0x3c,0x70,0x61,0x74,
  0x68,0x20,0x64,0x3d,0x22,0x4d,0x36,0x20,0x31,0x38,0x48,0x34,0x61,0x32,0x20,0x32,
  0x20,0x30,0x20,0x30,0x20,0x31,0x2d,0x32,0x2d,0x32,0x76,0x2d,0x35,0x61,0x32,0x20,
  0x32,0x20,0x30,0x20,0x30,0x20,0x31,0x20,0x32,0x2d,0x32,0x68,0x31,0x36,0x61,0x32,
  0x20,0x32,0x20,0x30,0x20,0x30,0x20,0x31,0x20,0x32,0x20,0x32,0x76,0x35,0x61,0x32,
  0x20,0x32,0x20,0x30,0x20,0x30,0x20,0x31,0x2d,0x32,0x20,0x32,0x68,0x2d,0x32,0x22,
  0x3e,0x3c,0x2f,0x70,0x61,0x74,0x68,0x3e,0x3c,0x72,0x65,0x63,0x74,0x20,0x78,0x3d,
  0x22,0x36,0x22,0x20,0x79,0x3d,0x22,0x31,0x34,0x22,0x20,0x77,0x69,0x64,0x74,0x68,
  0x3d,0x22,0x31,0x32,0x22,0x20,0x68,0x65,0x69,0x67,0x68,0x74,0x3d,0x22,0x38,0x22,
  0x3e,0x3c,0x2f,0x72,0x65,0x63,0x74,0x3e,0x3c,0x2f,0x73,0x76,0x67,0x3e,
    // youtube.svg
  0x0,0x0,0x2,0x2d,
  0x3c,
  0x73,0x76,0x67,0x20,0x78,0x6d,0x6c,0x6e,0x73,0x3d,0x22,0x68,0x74,0x74,0x70,0x3a,
  0x2f,0x2f,0x77,0x77,0x77,0x2e,0x77,0x33,0x2e,0x6f,0x72,0x67,0x2f,0x32,0x30,0x30,
  0x30,0x2f,0x73,0x76,0x67,0x22,0x20,0x77,0x69,0x64,0x74,0x68,0x3d,0x22,0x32,0x34,
  0x22,0x20,0x68,0x65,0x69,0x67,0x68,0x74,0x3d,0x22,0x32,0x34,0x22,0x20,0x76,0x69,
  0x65,0x77,0x42,0x6f,0x78,0x3d,0x22,0x30,0x20,0x30,0x20,0x32,0x34,0x20,0x32,0x34,
  0x22,0x20,0x66,0x69,0x6c,0x6c,0x3d,0x22,0x6e,0x6f,0x6e,0x65,0x22,0x20,0x73,0x74,
  0x72,0x6f,0x6b,0x65,0x3d,0x22,0x23,0x66,0x66,0x66,0x22,0x20,0x73,0x74,0x72,0x6f,
  0x6b,0x65,0x2d,0x77,0x69,0x64,0x74,0x68,0x3d,0x22,0x32,0x22,0x20,0x73,0x74,0x72,
  0x6f,0x6b,0x65,0x2d,0x6c,0x69,0x6e,0x65,0x63,0x61,0x70,0x3d,0x22,0x72,0x6f,0x75,
  0x6e,0x64,0x22,0x20,0x73,0x74,0x72,0x6f,0x6b,0x65,0x2d,0x6c,0x69,0x6e,0x65,0x6a,
  0x6f,0x69,0x6e,0x3d,0x22,0x72,0x6f,0x75,0x6e,0x64,0x22,0x20,0x63,0x6c,0x61,0x73,
  0x73,0x3d,0x22,0x66,0x65,0x61,0x74,0x68,0x65,0x72,0x20,0x66,0x65,0x61,0x74,0x68,
  0x65,0x72,0x2d,0x79,0x6f,0x75,0x74,0x75,0x62,0x65,0x22,0x3e,0x3c,0x70,0x61,0x74,
  0x68,0x20,0x64,0x3d,0x22,0x4d,0x32,0x32,0x2e,0x35,0x34,0x20,0x36,0x2e,0x34,0x32,
  0x61,0x32,0x2e,0x37,0x38,0x20,0x32,0x2e,0x37,0x38,0x20,0x30,0x20,0x30,0x20,0x30,
  0x2d,0x31,0x2e,0x39,0x34,0x2d,0x32,0x43,0x31,0x38,0x2e,0x38,0x38,0x20,0x34,0x20,
  0x31,0x32,0x20,0x34,0x20,0x31,0x32,0x20,0x34,0x73,0x2d,0x36,0x2e,0x38,0x38,0x20,
  0x30,0x2d,0x38,0x2e,0x36,0x2e,0x34,0x36,0x61,0x32,0x2e,0x37,0x38,0x20,0x32,0x2e,
  0x37,0x38,0x20,0x30,0x20,0x30,0x20,0x30,0x2d,0x31,0x2e,0x39,0x34,0x20,0x32,0x41,
  0x32,0x39,0x20,0x32,0x39,0x20,0x30,0x20,0x30,0x20,0x30,0x20,0x31,0x20,0x31,0x31,
  0x2e,0x37,0x35,0x61,0x32,0x39,0x20,0x32,0x39,0x20,0x30,0x20,0x30,0x20,0x30,0x20,
  0x2e,0x34,0x36,0x20,0x35,0x2e,0x33,0x33,0x41,0x32,0x2e,0x37,0x38,0x20,0x32,0x2e,
  0x37,0x38,0x20,0x30,0x20,0x30,0x20,0x30,0x20,0x33,0x2e,0x34,0x20,0x31,0x39,0x63,
  0x31,0x2e,0x37,0x32,0x2e,0x34,0x36,0x20,0x38,0x2e,0x36,0x2e,0x34,0x36,0x20,0x38,
  0x2e,0x36,0x2e,0x34,0x36,0x73,0x36,0x2e,0x38,0x38,0x20,0x30,0x20,0x38,0x2e,0x36,
  0x2d,0x2e,0x34,0x36,0x61,0x32,0x2e,0x37,0x38,0x20,0x32,0x2e,0x37,0x38,0x20,0x30,
  0x20,0x30,0x20,0x30,0x20,0x31,0x2e,0x39,0x34,0x2d,0x32,0x20,0x32,0x39,0x20,0x32,
  0x39,0x20,0x30,0x20,0x30,0x20,0x30,0x20,0x2e,0x34,0x36,0x2d,0x35,0x2e,0x32,0x35,
  0x20,0x32,0x39,0x20,0x32,0x39,0x20,0x30,0x20,0x30,0x20,0x30,0x2d,0x2e,0x34,0x36,
  0x2d,0x35,0x2e,0x33,0x33,0x7a,0x22,0x3e,0x3c,0x2f,0x70,0x61,0x74,0x68,0x3e,0x3c,
  0x70,0x6f,0x6c,0x79,0x67,0x6f,0x6e,0x20,0x70,0x6f,0x69,0x6e,0x74,0x73,0x3d,0x22,
  0x39,0x2e,0x37,0x35,0x20,0x31,0x35,0x2e,0x30,0x32,0x20,0x31,0x35,0x2e,0x35,0x20,
  0x31,0x31,0x2e,0x37,0x35,0x20,0x39,0x2e,0x37,0x35,0x20,0x38,0x2e,0x34,0x38,0x20,
  0x39,0x2e,0x37,0x35,0x20,0x31,0x35,0x2e,0x30,0x32,0x22,0x3e,0x3c,0x2f,0x70,0x6f,
  0x6c,0x79,0x67,0x6f,0x6e,0x3e,0x3c,0x2f,0x73,0x76,0x67,0x3e,
    // slack.svg
  0x0,0x0,0x3,0xdf,
  0x3c,
  0x73,0x76,0x67,0x20,0x78,0x6d,0x6c,0x6e,0x73,0x3d,0x22,0x68,0x74,0x74,0x70,0x3a,
  0x2f,0x2f,0x77,0x77,0x77,0x2e,0x77,0x33,0x2e,0x6f,0x72,0x67,0x2f,0x32,0x30,0x30,
  0x30,0x2f,0x73,0x76,0x67,0x22,0x20,0x77,0x69,0x64,0x74,0x68,0x3d,0x22,0x32,0x34,
  0x22,0x20,0x68,0x65,0x69,0x67,0x68,0x74,0x3d,0x22,0x32,0x34,0x22,0x20,0x76,0x69,
  0x65,0x77,0x42,0x6f,0x78,0x3d,0x22,0x30,0x20,0x30,0x20,0x32,0x34,0x20,0x32,0x34,
  0x22,0x20,0x66,0x69,0x6c,0x6c,0x3d,0x22,0x6e,0x6f,0x6e,0x65,0x22,0x20,0x73,0x74,
  0x72,0x6f,0x6b,0x65,0x3d,0x22,0x23,0x66,0x66,0x66,0x22,0x20,0x73,0x74,0x72,0x6f,
  0x6b,0x65,0x2d,0x77,0x69,0x64,0x74,0x68,0x3d,0x22,0x32,0x22,0x20,0x73,0x74,0x72,
  0x6f,0x6b,0x65,0x2d,0x6c,0x69,0x6e,0x65,0x63,0x61,0x70,0x3d,0x22,0x72,0x6f,0x75,
  0x6e,0x64,0x22,0x20,0x73,0x74,0x72,0x6f,0x6b,0x65,0x2d,0x6c,0x69,0x6e,0x65,0x6a,
  0x6f,0x69,0x6e,0x3d,0x22,0x72,0x6f,0x75,0x6e,0x64,0x22,0x20,0x63,0x6c,0x61,0x73,
  0x73,0x3d,0x22,0x66,0x65,0x61,0x74,0x68,0x65,0x72,0x20,0x66,0x65,0x61,0x74,0x68,
  0x65,0x72,0x2d,0x73,0x6c,0x61,0x63,0x6b,0x22,0x3e,0x3c,0x70,0x61,0x74,0x68,0x20,
  0x64,0x3d,0x22,0x4d,0x31,0x34,0x2e,0x35,0x20,0x31,0x30,0x63,0x2d,0x2e,0x38,0x33,
  0x20,0x30,0x2d,0x31,0x2e,0x35,0x2d,0x2e,0x36,0x37,0x2d,0x31,0x2e,0x35,0x2d,0x31,
  0x2e,0x35,0x76,0x2d,0x35,0x63,0x30,0x2d,0x2e,0x38,0x33,0x2e,0x36,0x37,0x2d,0x31,
  0x2e,0x35,0x20,0x31,0x2e,0x35,0x2d,0x31,0x2e,0x35,0x73,0x31,0x2e,0x35,0x2e,0x36,
  0x37,0x20,0x31,0x2e,0x35,0x20,0x31,0x2e,0x35,0x76,0x35,0x63,0x30,0x20,0x2e,0x38,
  0x33,0x2d,0x2e,0x36,0x37,0x20,0x31,0x2e,0x35,0x2d,0x31,0x2e,0x35,0x20,0x31,0x2e,
  0x35,0x7a,0x22,0x3e,0x3c,0x2f,0x70,0x61,0x74,0x68,0x3e,0x3c,0x70,0x61,0x74,0x68,
  0x20,0x64,0x3d,0x22,0x4d,0x32,0x30,0x2e,0x35,0x20,0x31,0x30,0x48,0x31,0x39,0x56,
  0x38,0x2e,0x35,0x63,0x30,0x2d,0x2e,0x38,0x33,0x2e,0x36,0x37,0x2d,0x31,0x2e,0x35,
  0x20,0x31,0x2e,0x35,0x2d,0x31,0x2e,0x35,0x73,0x31,0x2e,0x35,0x2e,0x36,0x37,0x20,
  0x31,0x2e,0x35,0x20,0x31,0x2e,0x35,0x2d,0x2e,0x36,0x37,0x20,0x31,0x2e,0x35,0x2d,
  0x31,0x2e,0x35,0x20,0x31,0x2e,0x35,0x7a,0x22,0x3e,0x3c,0x2f,0x70,0x61,0x74,0x68,
  0x3e,0x3c,0x70,0x61,0x74,0x68,0x20,0x64,0x3d,0x22,0x4d,0x39,0x2e,0x35,0x20,0x31,
  0x34,0x63,0x2e,0x38,0x33,0x20,0x30,0x20,0x31,0x2e,0x35,0x2e,0x36,0x37,0x20,0x31,
  0x2e,0x35,0x20,0x31,0x2e,0x35,0x76,0x35,0x63,0x30,0x20,0x2e,0x38,0x33,0x2d,0x2e,
  0x36,0x37,0x20,0x31,0x2e,0x35,0x2d,0x31,0x2e,0x35,0x20,0x31,0x2e,0x35,0x53,0x38,
  0x20,0x32,0x31,0x2e,0x33,0x33,0x20,0x38,0x20,0x32,0x30,0x2e,0x35,0x76,0x2d,0x35,
  0x63,0x30,0x2d,0x2e,0x38,0x33,0x2e,0x36,0x37,0x2d,0x31,0x2e,0x35,0x20,0x31,0x2e,
  0x35,0x2d,0x31,0x2e,0x35,0x7a,0x22,0x3e,0x3c,0x2f,0x70,0x61,0x74,0x68,0x3e,0x3c,
  0x70,0x61,0x74,0x68,0x20,0x64,0x3d,0x22,0x4d,0x33,0x2e,0x35,0x20,0x31,0x34,0x48,
  0x35,0x76,0x31,0x2e,0x35,0x63,0x30,0x20,0x2e,0x38,0x33,0x2d,0x2e,0x36,0x37,0x20,
  0x31,0x2e,0x35,0x2d,0x31,0x2e,0x35,0x20,0x31,0x2e,0x35,0x53,0x32,0x20,0x31,0x36,
  0x2e,0x33,0x33,0x20,0x32,0x20,0x31,0x35,0x2e,0x35,0x20,0x32,0x2e,0x36,0x37,0x20,
  0x31,0x34,0x20,0x33,0x2e,0x35,0x20,0x31,0x34,0x7a,0x22,0x3e,0x3c,0x2f,0x70,0x61,
  0x74,0x68,0x3e,0x3c,0x70,0x61,0x74,0x68,0x20,0x64,0x3d,0x22,0x4d,0x31,0x34,0x20,
  0x31,0x34,0x2e,0x35,0x63,0x30,0x2d,0x2e,0x38,0x33,0x2e,0x36,0x37,0x2d,0x31,0x2e,
  0x35,0x20,0x31,0x2e,0x35,0x2d,0x31,0x2e,0x35,0x68,0x35,0x63,0x2e,0x38,0x33,0x20,
  0x30,0x20,0x31,0x2e,0x35,0x2e,0x36,0x37,0x20,0x31,0x2e,0x35,0x20,0x31,0x2e,0x35,
  0x73,0x2d,0x2e,0x36,0x37,0x20,0x31,0x2e,0x35,0x2d,0x31,0x2e,0x35,0x20,0x31,0x2e,
  0x35,0x68,0x2d,0x35,0x63,0x2d,0x2e,0x38,0x33,0x20,0x30,0x2d,0x31,0x2e,0x35,0x2d,
  0x2e,0x36,0x37,0x2d,0x31,0x2e,0x35,0x2d,0x31,0x2e,0x35,0x7a,0x22,0x3e,0x3c,0x2f,
  0x70,0x61,0x74,0x68,0x3e,0x3c,0x70,0x61,0x74,0x68,0x20,0x64,0x3d,0x22,0x4d,0x31,
  0x35,0x2e,0x35,0x20,0x31,0x39,0x48,0x31,0x34,0x76,0x31,0x2e,0x35,0x63,0x30,0x20,
  0x2e,0x38,0x33,0x2e,0x36,0x37,0x20,0x31,0x2e,0x35,0x20,0x31,0x2e,0x35,0x20,0x31,
  0x2e,0x35,0x73,0x31,0x2e,0x35,0x2d,0x2e,0x36,0x37,0x20,0x31,0x2e,0x35,0x2d,0x31,
  0x2e,0x35,0x2d,0x2e,0x36,0x37,0x2d,0x31,0x2e,0x35,0x2d,0x31,0x2e,0x35,0x2d,0x31,
  0x2e,0x35,0x7a,0x22,0x3e,0x3c,0x2f,0x70,0x61,0x74,0x68,0x3e,0x3c,0x70,0x61,0x74,
  0x68,0x20,0x64,0x3d,0x22,0x4d,0x31,0x30,0x20,0x39,0x2e,0x35,0x43,0x31,0x30,0x20,
  0x38,0x2e,0x36,0x37,0x20,0x39,0x2e,0x33,0x33,0x20,0x38,0x20,0x38,0x2e,0x35,0x20,
  0x38,0x68,0x2d,0x35,0x43,0x32,0x2e,0x36,0x37,0x20,0x38,0x20,0x32,0x20,0x38,0x2e,
  0x36,0x37,0x20,0x32,0x20,0x39,0x2e,0x35,0x53,0x32,0x2e,0x36,0x37,0x20,0x31,0x31,
  0x20,0x33,0x2e,0x35,0x20,0x31,0x31,0x68,0x35,0x63,0x2e,0x38,0x33,0x20,0x30,0x20,
  0x31,0x2e,0x35,0x2d,0x2e,0x36,0x37,0x20,0x31,0x2e,0x35,0x2d,0x31,0x2e,0x35,0x7a,
  0x22,0x3e,0x3c,0x2f,0x70,0x61,0x74,0x68,0x3e,0x3c,0x70,0x61,0x74,0x68,0x20,0x64,
  0x3d,0x22,0x4d,0x38,0x2e,0x35,0x20,0x35,0x48,0x31,0x30,0x56,0x33,0x2e,0x35,0x43,
  0x31,0x30,0x20,0x32,0x2e,0x36,0x37,0x20,0x39,0x2e,0x33,0x33,0x20,0x32,0x20,0x38,
  0x2e,0x35,0x20,0x32,0x53,0x37,0x20,0x32,0x2e,0x36,0x37,0x20,0x37,0x20,0x33,0x2e,
  0x35,0x20,0x37,0x2e,0x36,0x37,0x20,0x35,0x20,0x38,0x2e,0x35,0x20,0x35,0x7a,0x22,
  0x3e,0x3c,0x2f,0x70,0x61,0x74,0x68,0x3e,0x3c,0x2f,0x73,0x76,0x67,0x3e,
    // git-branch.svg
  0x0,0x0,0x1,0x71,
  0x3c,
  0x73,0x76,0x67,0x20,0x78,0x6d,0x6c,0x6e,0x73,0x3d,0x22,0x68,0x74,0x74,0x70,0x3a,
  0x2f,0x2f,0x77,0x77,0x77,0x2e,0x77,0x33,0x2e,0x6f,0x72,0x67,0x2f,0x32,0x30,0x30,
  0x30,0x2f,0x73,0x76,0x67,0x22,0x20,0x77,0x69,0x64,0x74,0x68,0x3d,0x22,0x32,0x34,
  0x22,0x20,0x68,0x65,0x69,0x67,0x68,0x74,0x3d,0x22,0x32,0x34,0x22,0x20,0x76,0x69,
  0x65,0x77,0x42,0x6f,0x78,0x3d,0x22,0x30,0x20,0x30,0x20,0x32,0x34,0x20,0x32,0x34,
  0x22,0x20,0x66,0x69,0x6c,0x6c,0x3d,0x22,0x6e,0x6f,0x6e,0x65,0x22,0x20,0x73,0x74,
  0x72,0x6f,0x6b,0x65,0x3d,0x22,0x23,0x66,0x66,0x66,0x22,0x20,0x73,0x74,0x72,0x6f,
  0x6b,0x65,0x2d,0x77,0x69,0x64,0x74,0x68,0x3d,0x22,0x32,0x22,0x20,0x73,0x74,0x72,
  0x6f,0x6b,0x65,0x2d,0x6c,0x69,0x6e,0x65,0x63,0x61,0x70,0x3d,0x22,0x72,0x6f,0x75,
  0x6e,0x64,0x22,0x20,0x73,0x74,0x72,0x6f,0x6b,0x65,0x2d,0x6c,0x69,0x6e,0x65,0x6a,
  0x6f,0x69,0x6e,0x3d,0x22,0x72,0x6f,0x75,0x6e,0x64,0x22,0x20,0x63,0x6c,0x61,0x73,
  0x73,0x3d,0x22,0x66,0x65,0x61,0x74,0x68,0x65,0x72,0x20,0x66,0x65,0x61,0x74,0x68,
  0x65,0x72,0x2d,0x67,0x69,0x74,0x2d,0x62,0x72,0x61,0x6e,0x63,0x68,0x22,0x3e,0x3c,
  0x6c,0x69,0x6e,0x65,0x20,0x78,0x31,0x3d,0x22,0x36,0x22,0x20,0x79,0x31,0x3d,0x22,
  0x33,0x22,0x20,0x78,0x32,0x3d,0x22,0x36,0x22,0x20,0x79,0x32,0x3d,0x22,0x31,0x35,
  0x22,0x3e,0x3c,0x2f,0x6c,0x69,0x6e,0x65,0x3e,0x3c,0x63,0x69,0x72,0x63,0x6c,0x65,
  0x20,0x63,0x78,0x3d,0x22,0x31,0x38,0x22,0x20,0x63,0x79,0x3d,0x22,0x36,0x22,0x20,
  0x72,0x3d,0x22,0x33,0x22,0x3e,0x3c,0x2f,0x63,0x69,0x72,0x63,0x6c,0x65,0x3e,0x3c,
  0x63,0x69,0x72,0x63,0x6c,0x65,0x20,0x63,0x78,0x3d,0x22,0x36,0x22,0x20,0x63,0x79,
  0x3d,0x22,0x31,0x38,0x22,0x20,0x72,0x3d,0x22,0x33,0x22,0x3e,0x3c,0x2f,0x63,0x69,
  0x72,0x63,0x6c,0x65,0x3e,0x3c,0x70,0x61,0x74,0x68,0x20,0x64,0x3d,0x22,0x4d,0x31,
  0x38,0x20,0x39,0x61,0x39,0x20,0x39,0x20,0x30,0x20,0x30,0x20,0x31,0x2d,0x39,0x20,
  0x39,0x22,0x3e,0x3c,0x2f,0x70,0x61,0x74,0x68,0x3e,0x3c,0x2f,0x73,0x76,0x67,0x3e,
  
    // shield.svg
  0x0,0x0,0x1,0xf,
  0x3c,
  0x73,0x76,0x67,0x20,0x78,0x6d,0x6c,0x6e,0x73,0x3d,0x22,0x68,0x74,0x74,0x70,0x3a,
  0x2f,0x2f,0x77,0x77,0x77,0x2e,0x77,0x33,0x2e,0x6f,0x72,0x67,0x2f,0x32,0x30,0x30,
  0x30,0x2f,0x73,0x76,0x67,0x22,0x20,0x77,0x69,0x64,0x74,0x68,0x3d,0x22,0x32,0x34,
  0x22,0x20,0x68,0x65,0x69,0x67,0x68,0x74,0x3d,0x22,0x32,0x34,0x22,0x20,0x76,0x69,
  0x65,0x77,0x42,0x6f,0x78,0x3d,0x22,0x30,0x20,0x30,0x20,0x32,0x34,0x20,0x32,0x34,
  0x22,0x20,0x66,0x69,0x6c,0x6c,0x3d,0x22,0x6e,0x6f,0x6e,0x65,0x22,0x20,0x73,0x74,
  0x72,0x6f,0x6b,0x65,0x3d,0x22,0x23,0x66,0x66,0x66,0x22,0x20,0x73,0x74,0x72,0x6f,
  0x6b,0x65,0x2d,0x77,0x69,0x64,0x74,0x68,0x3d,0x22,0x32,0x22,0x20,0x73,0x74,0x72,
  0x6f,0x6b,0x65,0x2d,0x6c,0x69,0x6e,0x65,0x63,0x61,0x70,0x3d,0x22,0x72,0x6f,0x75,
  0x6e,0x64,0x22,0x20,0x73,0x74,0x72,0x6f,0x6b,0x65,0x2d,0x6c,0x69,0x6e,0x65,0x6a,
  0x6f,0x69,0x6e,0x3d,0x22,0x72,0x6f,0x75,0x6e,0x64,0x22,0x20,0x63,0x6c,0x61,0x73,
  0x73,0x3d,0x22,0x66,0x65,0x61,0x74,0x68,0x65,0x72,0x20,0x66,0x65,0x61,0x74,0x68,
  0x65,0x72,0x2d,0x73,0x68,0x69,0x65,0x6c,0x64,0x22,0x3e,0x3c,0x70,0x61,0x74,0x68,
  0x20,0x64,0x3d,0x22,0x4d,0x31,0x32,0x20,0x32,0x32,0x73,0x38,0x2d,0x34,0x20,0x38,
  0x2d,0x31,0x30,0x56,0x35,0x6c,0x2d,0x38,0x2d,0x33,0x2d,0x38,0x20,0x33,0x76,0x37,
  0x63,0x30,0x20,0x36,0x20,0x38,0x20,0x31,0x30,0x20,0x38,0x20,0x31,0x30,0x7a,0x22,
  0x3e,0x3c,0x2f,0x70,0x61,0x74,0x68,0x3e,0x3c,0x2f,0x73,0x76,0x67,0x3e,
    // heart.svg
  0x0,0x0,0x1,0x6b,
  0x3c,
  0x73,0x76,0x67,0x20,0x78,0x6d,0x6c,0x6e,0x73,0x3d,0x22,0x68,0x74,0x74,0x70,0x3a,
  0x2f,0x2f,0x77,0x77,0x77,0x2e,0x77,0x33,0x2e,0x6f,0x72,0x67,0x2f,0x32,0x30,0x30,
  0x30,0x2f,0x73,0x76,0x67,0x22,0x20,0x77,0x69,0x64,0x74,0x68,0x3d,0x22,0x32,0x34,
  0x22,0x20,0x68,0x65,0x69,0x67,0x68,0x74,0x3d,0x22,0x32,0x34,0x22,0x20,0x76,0x69,
  0x65,0x77,0x42,0x6f,0x78,0x3d,0x22,0x30,0x20,0x30,0x20,0x32,0x34,0x20,0x32,0x34,
  0x22,0x20,0x66,0x69,0x6c,0x6c,0x3d,0x22,0x6e,0x6f,0x6e,0x65,0x22,0x20,0x73,0x74,
  0x72,0x6f,0x6b,0x65,0x3d,0x22,0x23,0x66,0x66,0x66,0x22,0x20,0x73,0x74,0x72,0x6f,
  0x6b,0x65,0x2d,0x77,0x69,0x64,0x74,0x68,0x3d,0x22,0x32,0x22,0x20,0x73,0x74,0x72,
  0x6f,0x6b,0x65,0x2d,0x6c,0x69,0x6e,0x65,0x63,0x61,0x70,0x3d,0x22,0x72,0x6f,0x75,
  0x6e,0x64,0x22,0x20,0x73,0x74,0x72,0x6f,0x6b,0x65,0x2d,0x6c,0x69,0x6e,0x65,0x6a,
  0x6f,0x69,0x6e,0x3d,0x22,0x72,0x6f,0x75,0x6e,0x64,0x22,0x20,0x63,0x6c,0x61,0x73,
  0x73,0x3d,0x22,0x66,0x65,0x61,0x74,0x68,0x65,0x72,0x20,0x66,0x65,0x61,0x74,0x68,
  0x65,0x72,0x2d,0x68,0x65,0x61,0x72,0x74,0x22,0x3e,0x3c,0x70,0x61,0x74,0x68,0x20,
  0x64,0x3d,0x22,0x4d,0x32,0x30,0x2e,0x38,0x34,0x20,0x34,0x2e,0x36,0x31,0x61,0x35,
  0x2e,0x35,0x20,0x35,0x2e,0x35,0x20,0x30,0x20,0x30,0x20,0x30,0x2d,0x37,0x2e,0x37,
  0x38,0x20,0x30,0x4c,0x31,0x32,0x20,0x35,0x2e,0x36,0x37,0x6c,0x2d,0x31,0x2e,0x30,
  0x36,0x2d,0x31,0x2e,0x30,0x36,0x61,0x35,0x2e,0x35,0x20,0x35,0x2e,0x35,0x20,0x30,
  0x20,0x30,0x20,0x30,0x2d,0x37,0x2e,0x37,0x38,0x20,0x37,0x2e,0x37,0x38,0x6c,0x31,
  0x2e,0x30,0x36,0x20,0x31,0x2e,0x30,0x36,0x4c,0x31,0x32,0x20,0x32,0x31,0x2e,0x32,
  0x33,0x6c,0x37,0x2e,0x37,0x38,0x2d,0x37,0x2e,0x37,0x38,0x20,0x31,0x2e,0x30,0x36,
  0x2d,0x31,0x2e,0x30,0x36,0x61,0x35,0x2e,0x35,0x20,0x35,0x2e,0x35,0x20,0x30,0x20,
  0x30,0x20,0x30,0x20,0x30,0x2d,0x37,0x2e,0x37,0x38,0x7a,0x22,0x3e,0x3c,0x2f,0x70,
  0x61,0x74,0x68,0x3e,0x3c,0x2f,0x73,0x76,0x67,0x3e,
    // compass.svg
  0x0,0x0,0x1,0x4e,
  0x3c,
  0x73,0x76,0x67,0x20,0x78,0x6d,0x6c,0x6e,0x73,0x3d,0x22,0x68,0x74,0x74,0x70,0x3a,
  0x2f,0x2f,0x77,0x77,0x77,0x2e,0x77,0x33,0x2e,0x6f,0x72,0x67,0x2f,0x32,0x30,0x30,
  0x30,0x2f,0x73,0x76,0x67,0x22,0x20,0x77,0x69,0x64,0x74,0x68,0x3d,0x22,0x32,0x34,
  0x22,0x20,0x68,0x65,0x69,0x67,0x68,0x74,0x3d,0x22,0x32,0x34,0x22,0x20,0x76,0x69,
  0x65,0x77,0x42,0x6f,0x78,0x3d,0x22,0x30,0x20,0x30,0x20,0x32,0x34,0x20,0x32,0x34,
  0x22,0x20,0x66,0x69,0x6c,0x6c,0x3d,0x22,0x6e,0x6f,0x6e,0x65,0x22,0x20,0x73,0x74,
  0x72,0x6f,0x6b,0x65,0x3d,0x22,0x23,0x66,0x66,0x66,0x22,0x20,0x73,0x74,0x72,0x6f,
  0x6b,0x65,0x2d,0x77,0x69,0x64,0x74,0x68,0x3d,0x22,0x32,0x22,0x20,0x73,0x74,0x72,
  0x6f,0x6b,0x65,0x2d,0x6c,0x69,0x6e,0x65,0x63,0x61,0x70,0x3d,0x22,0x72,0x6f,0x75,
  0x6e,0x64,0x22,0x20,0x73,0x74,0x72,0x6f,0x6b,0x65,0x2d,0x6c,0x69,0x6e,0x65,0x6a,
  0x6f,0x69,0x6e,0x3d,0x22,0x72,0x6f,0x75,0x6e,0x64,0x22,0x20,0x63,0x6c,0x61,0x73,
  0x73,0x3d,0x22,0x66,0x65,0x61,0x74,0x68,0x65,0x72,0x20,0x66,0x65,0x61,0x74,0x68,
  0x65,0x72,0x2d,0x63,0x6f,0x6d,0x70,0x61,0x73,0x73,0x22,0x3e,0x3c,0x63,0x69,0x72,
  0x63,0x6c,0x65,0x20,0x63,0x78,0x3d,0x22,0x31,0x32,0x22,0x20,0x63,0x79,0x3d,0x22,
  0x31,0x32,0x22,0x20,0x72,0x3d,0x22,0x31,0x30,0x22,0x3e,0x3c,0x2f,0x63,0x69,0x72,
  0x63,0x6c,0x65,0x3e,0x3c,0x70,0x6f,0x6c,0x79,0x67,0x6f,0x6e,0x20,0x70,0x6f,0x69,
  0x6e,0x74,0x73,0x3d,0x22,0x31,0x36,0x2e,0x32,0x34,0x20,0x37,0x2e,0x37,0x36,0x20,
  0x31,0x34,0x2e,0x31,0x32,0x20,0x31,0x34,0x2e,0x31,0x32,0x20,0x37,0x2e,0x37,0x36,
  0x20,0x31,0x36,0x2e,0x32,0x34,0x20,0x39,0x2e,0x38,0x38,0x20,0x39,0x2e,0x38,0x38,
  0x20,0x31,0x36,0x2e,0x32,0x34,0x20,0x37,0x2e,0x37,0x36,0x22,0x3e,0x3c,0x2f,0x70,
  0x6f,0x6c,0x79,0x67,0x6f,0x6e,0x3e,0x3c,0x2f,0x73,0x76,0x67,0x3e,
    // cpu.svg
  0x0,0x0,0x2,0x93,
  0x3c,
  0x73,0x76,0x67,0x20,0x78,0x6d,0x6c,0x6e,0x73,0x3d,0x22,0x68,0x74,0x74,0x70,0x3a,
  0x2f,0x2f,0x77,0x77,0x77,0x2e,0x77,0x33,0x2e,0x6f,0x72,0x67,0x2f,0x32,0x30,0x30,
  0x30,0x2f,0x73,0x76,0x67,0x22,0x20,0x77,0x69,0x64,0x74,0x68,0x3d,0x22,0x32,0x34,
  0x22,0x20,0x68,0x65,0x69,0x67,0x68,0x74,0x3d,0x22,0x32,0x34,0x22,0x20,0x76,0x69,
  0x65,0x77,0x42,0x6f,0x78,0x3d,0x22,0x30,0x20,0x30,0x20,0x32,0x34,0x20,0x32,0x34,
  0x22,0x20,0x66,0x69,0x6c,0x6c,0x3d,0x22,0x6e,0x6f,0x6e,0x65,0x22,0x20,0x73,0x74,
  0x72,0x6f,0x6b,0x65,0x3d,0x22,0x23,0x66,0x66,0x66,0x22,0x20,0x73,0x74,0x72,0x6f,
  0x6b,0x65,0x2d,0x77,0x69,0x64,0x74,0x68,0x3d,0x22,0x32,0x22,0x20,0x73,0x74,0x72,
  0x6f,0x6b,0x65,0x2d,0x6c,0x69,0x6e,0x65,0x63,0x61,0x70,0x3d,0x22,0x72,0x6f,0x75,
  0x6e,0x64,0x22,0x20,0x73,0x74,0x72,0x6f,0x6b,0x65,0x2d,0x6c,0x69,0x6e,0x65,0x6a,
  0x6f,0x69,0x6e,0x3d,0x22,0x72,0x6f,0x75,0x6e,0x64,0x22,0x20,0x63,0x6c,0x61,0x73,
  0x73,0x3d,0x22,0x66,0x65,0x61,0x74,0x68,0x65,0x72,0x20,0x66,0x65,0x61,0x74,0x68,
  0x65,0x72,0x2d,0x63,0x70,0x75,0x22,0x3e,0x3c,0x72,0x65,0x63,0x74,0x20,0x78,0x3d,
  0x22,0x34,0x22,0x20,0x79,0x3d,0x22,0x34,0x22,0x20,0x77,0x69,0x64,0x74,0x68,0x3d,
  0x22,0x31,0x36,0x22,0x20,0x68,0x65,0x69,0x67,0x68,0x74,0x3d,0x22,0x31,0x36,0x22,
  0x20,0x72,0x78,0x3d,0x22,0x32,0x22,0x20,0x72,0x79,0x3d,0x22,0x32,0x22,0x3e,0x3c,
  0x2f,0x72,0x65,0x63,0x74,0x3e,0x3c,0x72,0x65,0x63,0x74,0x20,0x78,0x3d,0x22,0x39,
  0x22,0x20,0x79,0x3d,0x22,0x39,0x22,0x20,0x77,0x69,0x64,0x74,0x68,0x3d,0x22,0x36,
  0x22,0x20,0x68,0x65,0x69,0x67,0x68,0x74,0x3d,0x22,0x36,0x22,0x3e,0x3c,0x2f,0x72,
  0x65,0x63,0x74,0x3e,0x3c,0x6c,0x69,0x6e,0x65,0x20,0x78,0x31,0x3d,0x22,0x39,0x22,
  0x20,0x79,0x31,0x3d,0x22,0x31,0x22,0x20,0x78,0x32,0x3d,0x22,0x39,0x22,0x20,0x79,
  0x32,0x3d,0x22,0x34,0x22,0x3e,0x3c,0x2f,0x6c,0x69,0x6e,0x65,0x3e,0x3c,0x6c,0x69,
  0x6e,0x65,0x20,0x78,0x31,0x3d,0x22,0x31,0x35,0x22,0x20,0x79,0x31,0x3d,0x22,0x31,
  0x22,0x20,0x78,0x32,0x3d,0x22,0x31,0x35,0x22,0x20,0x79,0x32,0x3d,0x22,0x34,0x22,
  0x3e,0x3c,0x2f,0x6c,0x69,0x6e,0x65,0x3e,0x3c,0x6c,0x69,0x6e,0x65,0x20,0x78,0x31,
  0x3d,0x22,0x39,0x22,0x20,0x79,0x31,0x3d,0x22,0x32,0x30,0x22,0x20,0x78,0x32,0x3d,
  0x22,0x39,0x22,0x20,0x79,0x32,0x3d,0x22,0x32,0x33,0x22,0x3e,0x3c,0x2f,0x6c,0x69,
  0x6e,0x65,0x3e,0x3c,0x6c,0x69,0x6e,0x65,0x20,0x78,0x31,0x3d,0x22,0x31,0x35,0x22,
  0x20,0x79,0x31,0x3d,0x22,0x32,0x30,0x22,0x20,0x78,0x32,0x3d,0x22,0x31,0x35,0x22,
  0x20,0x79,0x32,0x3d,0x22,0x32,0x33,0x22,0x3e,0x3c,0x2f,0x6c,0x69,0x6e,0x65,0x3e,
  0x3c,0x6c,0x69,0x6e,0x65,0x20,0x78,0x31,0x3d,0x22,0x32,0x30,0x22,0x20,0x79,0x31,
  0x3d,0x22,0x39,0x22,0x20,0x78,0x32,0x3d,0x22,0x32,0x33,0x22,0x20,0x79,0x32,0x3d,
  0x22,0x39,0x22,0x3e,0x3c,0x2f,0x6c,0x69,0x6e,0x65,0x3e,0x3c,0x6c,0x69,0x6e,0x65,
  0x20,0x78,0x31,0x3d,0x22,0x32,0x30,0x22,0x20,0x79,0x31,0x3d,0x22,0x31,0x34,0x22,
  0x20,0x78,0x32,0x3d,0x22,0x32,0x33,0x22,0x20,0x79,0x32,0x3d,0x22,0x31,0x34,0x22,
  0x3e,0x3c,0x2f,0x6c,0x69,0x6e,0x65,0x3e,0x3c,0x6c,0x69,0x6e,0x65,0x20,0x78,0x31,
  0x3d,0x22,0x31,0x22,0x20,0x79,0x31,0x3d,0x22,0x39,0x22,0x20,0x78,0x32,0x3d,0x22,
  0x34,0x22,0x20,0x79,0x32,0x3d,0x22,0x39,0x22,0x3e,0x3c,0x2f,0x6c,0x69,0x6e,0x65,
  0x3e,0x3c,0x6c,0x69,0x6e,0x65,0x20,0x78,0x31,0x3d,0x22,0x31,0x22,0x20,0x79,0x31,
  0x3d,0x22,0x31,0x34,0x22,0x20,0x78,0x32,0x3d,0x22,0x34,0x22,0x20,0x79,0x32,0x3d,
  0x22,0x31,0x34,0x22,0x3e,0x3c,0x2f,0x6c,0x69,0x6e,0x65,0x3e,0x3c,0x2f,0x73,0x76,
  0x67,0x3e,
    // user-x.svg
  0x0,0x0,0x1,0x8c,
  0x3c,
  0x73,0x76,0x67,0x20,0x78,0x6d,0x6c,0x6e,0x73,0x3d,0x22,0x68,0x74,0x74,0x70,0x3a,
  0x2f,0x2f,0x77,0x77,0x77,0x2e,0x77,0x33,0x2e,0x6f,0x72,0x67,0x2f,0x32,0x30,0x30,
  0x30,0x2f,0x73,0x76,0x67,0x22,0x20,0x77,0x69,0x64,0x74,0x68,0x3d,0x22,0x32,0x34,
  0x22,0x20,0x68,0x65,0x69,0x67,0x68,0x74,0x3d,0x22,0x32,0x34,0x22,0x20,0x76,0x69,
  0x65,0x77,0x42,0x6f,0x78,0x3d,0x22,0x30,0x20,0x30,0x20,0x32,0x34,0x20,0x32,0x34,
  0x22,0x20,0x66,0x69,0x6c,0x6c,0x3d,0x22,0x6e,0x6f,0x6e,0x65,0x22,0x20,0x73,0x74,
  0x72,0x6f,0x6b,0x65,0x3d,0x22,0x23,0x66,0x66,0x66,0x22,0x20,0x73,0x74,0x72,0x6f,
  0x6b,0x65,0x2d,0x77,0x69,0x64,0x74,0x68,0x3d,0x22,0x32,0x22,0x20,0x73,0x74,0x72,
  0x6f,0x6b,0x65,0x2d,0x6c,0x69,0x6e,0x65,0x63,0x61,0x70,0x3d,0x22,0x72,0x6f,0x75,
  0x6e,0x64,0x22,0x20,0x73,0x74,0x72,0x6f,0x6b,0x65,0x2d,0x6c,0x69,0x6e,0x65,0x6a,
  0x6f,0x69,0x6e,0x3d,0x22,0x72,0x6f,0x75,0x6e,0x64,0x22,0x20,0x63,0x6c,0x61,0x73,
  0x73,0x3d,0x22,0x66,0x65,0x61,0x74,0x68,0x65,0x72,0x20,0x66,0x65,0x61,0x74,0x68,
  0x65,0x72,0x2d,0x75,0x73,0x65,0x72,0x2d,0x78,0x22,0x3e,0x3c,0x70,0x61,0x74,0x68,
  0x20,0x64,0x3d,0x22,0x4d,0x31,0x36,0x20,0x32,0x31,0x76,0x2d,0x32,0x61,0x34,0x20,
  0x34,0x20,0x30,0x20,0x30,0x20,0x30,0x2d,0x34,0x2d,0x34,0x48,0x35,0x61,0x34,0x20,
  0x34,0x20,0x30,0x20,0x30,0x20,0x30,0x2d,0x34,0x20,0x34,0x76,0x32,0x22,0x3e,0x3c,
  0x2f,0x70,0x61,0x74,0x68,0x3e,0x3c,0x63,0x69,0x72,0x63,0x6c,0x65,0x20,0x63,0x78,
  0x3d,0x22,0x38,0x2e,0x35,0x22,0x20,0x63,0x79,0x3d,0x22,0x37,0x22,0x20,0x72,0x3d,
  0x22,0x34,0x22,0x3e,0x3c,0x2f,0x63,0x69,0x72,0x63,0x6c,0x65,0x3e,0x3c,0x6c,0x69,
  0x6e,0x65,0x20,0x78,0x31,0x3d,0x22,0x31,0x38,0x22,0x20,0x79,0x31,0x3d,0x22,0x38,
  0x22,0x20,0x78,0x32,0x3d,0x22,0x32,0x33,0x22,0x20,0x79,0x32,0x3d,0x22,0x31,0x33,
  0x22,0x3e,0x3c,0x2f,0x6c,0x69,0x6e,0x65,0x3e,0x3c,0x6c,0x69,0x6e,0x65,0x20,0x78,
  0x31,0x3d,0x22,0x32,0x33,0x22,0x20,0x79,0x31,0x3d,0x22,0x38,0x22,0x20,0x78,0x32,
  0x3d,0x22,0x31,0x38,0x22,0x20,0x79,0x32,0x3d,0x22,0x31,0x33,0x22,0x3e,0x3c,0x2f,
  0x6c,0x69,0x6e,0x65,0x3e,0x3c,0x2f,0x73,0x76,0x67,0x3e,
    // upload.svg
  0x0,0x0,0x1,0x65,
  0x3c,
  0x73,0x76,0x67,0x20,0x78,0x6d,0x6c,0x6e,0x73,0x3d,0x22,0x68,0x74,0x74,0x70,0x3a,
  0x2f,0x2f,0x77,0x77,0x77,0x2e,0x77,0x33,0x2e,0x6f,0x72,0x67,0x2f,0x32,0x30,0x30,
  0x30,0x2f,0x73,0x76,0x67,0x22,0x20,0x77,0x69,0x64,0x74,0x68,0x3d,0x22,0x32,0x34,
  0x22,0x20,0x68,0x65,0x69,0x67,0x68,0x74,0x3d,0x22,0x32,0x34,0x22,0x20,0x76,0x69,
  0x65,0x77,0x42,0x6f,0x78,0x3d,0x22,0x30,0x20,0x30,0x20,0x32,0x34,0x20,0x32,0x34,
  0x22,0x20,0x66,0x69,0x6c,0x6c,0x3d,0x22,0x6e,0x6f,0x6e,0x65,0x22,0x20,0x73,0x74,
  0x72,0x6f,0x6b,0x65,0x3d,0x22,0x23,0x66,0x66,0x66,0x22,0x20,0x73,0x74,0x72,0x6f,
  0x6b,0x65,0x2d,0x77,0x69,0x64,0x74,0x68,0x3d,0x22,0x32,0x22,0x20,0x73,0x74,0x72,
  0x6f,0x6b,0x65,0x2d,0x6c,0x69,0x6e,0x65,0x63,0x61,0x70,0x3d,0x22,0x72,0x6f,0x75,
  0x6e,0x64,0x22,0x20,0x73,0x74,0x72,0x6f,0x6b,0x65,0x2d,0x6c,0x69,0x6e,0x65,0x6a,
  0x6f,0x69,0x6e,0x3d,0x22,0x72,0x6f,0x75,0x6e,0x64,0x22,0x20,0x63,0x6c,0x61,0x73,
  0x73,0x3d,0x22,0x66,0x65,0x61,0x74,0x68,0x65,0x72,0x20,0x66,0x65,0x61,0x74,0x68,
  0x65,0x72,0x2d,0x75,0x70,0x6c,0x6f,0x61,0x64,0x22,0x3e,0x3c,0x70,0x61,0x74,0x68,
  0x20,0x64,0x3d,0x22,0x4d,0x32,0x31,0x20,0x31,0x35,0x76,0x34,0x61,0x32,0x20,0x32,
  0x20,0x30,0x20,0x30,0x20,0x31,0x2d,0x32,0x20,0x32,0x48,0x35,0x61,0x32,0x20,0x32,
  0x20,0x30,0x20,0x30,0x20,0x31,0x2d,0x32,0x2d,0x32,0x76,0x2d,0x34,0x22,0x3e,0x3c,
  0x2f,0x70,0x61,0x74,0x68,0x3e,0x3c,0x70,0x6f,0x6c,0x79,0x6c,0x69,0x6e,0x65,0x20,
  0x70,0x6f,0x69,0x6e,0x74,0x73,0x3d,0x22,0x31,0x37,0x20,0x38,0x20,0x31,0x32,0x20,
  0x33,0x20,0x37,0x20,0x38,0x22,0x3e,0x3c,0x2f,0x70,0x6f,0x6c,0x79,0x6c,0x69,0x6e,
  0x65,0x3e,0x3c,0x6c,0x69,0x6e,0x65,0x20,0x78,0x31,0x3d,0x22,0x31,0x32,0x22,0x20,
  0x79,0x31,0x3d,0x22,0x33,0x22,0x20,0x78,0x32,0x3d,0x22,0x31,0x32,0x22,0x20,0x79,
  0x32,0x3d,0x22,0x31,0x35,0x22,0x3e,0x3c,0x2f,0x6c,0x69,0x6e,0x65,0x3e,0x3c,0x2f,
  0x73,0x76,0x67,0x3e,
    // arrow-up-circle.svg
  0x0,0x0,0x1,0x5d,
  0x3c,
  0x73,0x76,0x67,0x20,0x78,0x6d,0x6c,0x6e,0x73,0x3d,0x22,0x68,0x74,0x74,0x70,0x3a,
  0x2f,0x2f,0x77,0x77,0x77,0x2e,0x77,0x33,0x2e,0x6f,0x72,0x67,0x2f,0x32,0x30,0x30,
  0x30,0x2f,0x73,0x76,0x67,0x22,0x20,0x77,0x69,0x64,0x74,0x68,0x3d,0x22,0x32,0x34,
  0x22,0x20,0x68,0x65,0x69,0x67,0x68,0x74,0x3d,0x22,0x32,0x34,0x22,0x20,0x76,0x69,
  0x65,0x77,0x42,0x6f,0x78,0x3d,0x22,0x30,0x20,0x30,0x20,0x32,0x34,0x20,0x32,0x34,
  0x22,0x20,0x66,0x69,0x6c,0x6c,0x3d,0x22,0x6e,0x6f,0x6e,0x65,0x22,0x20,0x73,0x74,
  0x72,0x6f,0x6b,0x65,0x3d,0x22,0x23,0x66,0x66,0x66,0x22,0x20,0x73,0x74,0x72,0x6f,
  0x6b,0x65,0x2d,0x77,0x69,0x64,0x74,0x68,0x3d,0x22,0x32,0x22,0x20,0x73,0x74,0x72,
  0x6f,0x6b,0x65,0x2d,0x6c,0x69,0x6e,0x65,0x63,0x61,0x70,0x3d,0x22,0x72,0x6f,0x75,
  0x6e,0x64,0x22,0x20,0x73,0x74,0x72,0x6f,0x6b,0x65,0x2d,0x6c,0x69,0x6e,0x65,0x6a,
  0x6f,0x69,0x6e,0x3d,0x22,0x72,0x6f,0x75,0x6e,0x64,0x22,0x20,0x63,0x6c,0x61,0x73,
  0x73,0x3d,0x22,0x66,0x65,0x61,0x74,0x68,0x65,0x72,0x20,0x66,0x65,0x61,0x74,0x68,
  0x65,0x72,0x2d,0x61,0x72,0x72,0x6f,0x77,0x2d,0x75,0x70,0x2d,0x63,0x69,0x72,0x63,
  0x6c,0x65,0x22,0x3e,0x3c,0x63,0x69,0x72,0x63,0x6c,0x65,0x20,0x63,0x78,0x3d,0x22,
  0x31,0x32,0x22,0x20,0x63,0x79,0x3d,0x22,0x31,0x32,0x22,0x20,0x72,0x3d,0x22,0x31,
  0x30,0x22,0x3e,0x3c,0x2f,0x63,0x69,0x72,0x63,0x6c,0x65,0x3e,0x3c,0x70,0x6f,0x6c,
  0x79,0x6c,0x69,0x6e,0x65,0x20,0x70,0x6f,0x69,0x6e,0x74,0x73,0x3d,0x22,0x31,0x36,
  0x20,0x31,0x32,0x20,0x31,0x32,0x20,0x38,0x20,0x38,0x20,0x31,0x32,0x22,0x3e,0x3c,
  0x2f,0x70,0x6f,0x6c,0x79,0x6c,0x69,0x6e,0x65,0x3e,0x3c,0x6c,0x69,0x6e,0x65,0x20,
  0x78,0x31,0x3d,0x22,0x31,0x32,0x22,0x20,0x79,0x31,0x3d,0x22,0x31,0x36,0x22,0x20,
  0x78,0x32,0x3d,0x22,0x31,0x32,0x22,0x20,0x79,0x32,0x3d,0x22,0x38,0x22,0x3e,0x3c,
  0x2f,0x6c,0x69,0x6e,0x65,0x3e,0x3c,0x2f,0x73,0x76,0x67,0x3e,
    // skip-back.svg
  0x0,0x0,0x1,0x31,
  0x3c,
  0x73,0x76,0x67,0x20,0x78,0x6d,0x6c,0x6e,0x73,0x3d,0x22,0x68,0x74,0x74,0x70,0x3a,
  0x2f,0x2f,0x77,0x77,0x77,0x2e,0x77,0x33,0x2e,0x6f,0x72,0x67,0x2f,0x32,0x30,0x30,
  0x30,0x2f,0x73,0x76,0x67,0x22,0x20,0x77,0x69,0x64,0x74,0x68,0x3d,0x22,0x32,0x34,
  0x22,0x20,0x68,0x65,0x69,0x67,0x68,0x74,0x3d,0x22,0x32,0x34,0x22,0x20,0x76,0x69,
  0x65,0x77,0x42,0x6f,0x78,0x3d,0x22,0x30,0x20,0x30,0x20,0x32,0x34,0x20,0x32,0x34,
  0x22,0x20,0x66,0x69,0x6c,0x6c,0x3d,0x22,0x6e,0x6f,0x6e,0x65,0x22,0x20,0x73,0x74,
  0x72,0x6f,0x6b,0x65,0x3d,0x22,0x23,0x66,0x66,0x66,0x22,0x20,0x73,0x74,0x72,0x6f,
  0x6b,0x65,0x2d,0x77,0x69,0x64,0x74,0x68,0x3d,0x22,0x32,0x22,0x20,0x73,0x74,0x72,
  0x6f,0x6b,0x65,0x2d,0x6c,0x69,0x6e,0x65,0x63,0x61,0x70,0x3d,0x22,0x72,0x6f,0x75,
  0x6e,0x64,0x22,0x20,0x73,0x74,0x72,0x6f,0x6b,0x65,0x2d,0x6c,0x69,0x6e,0x65,0x6a,
  0x6f,0x69,0x6e,0x3d,0x22,0x72,0x6f,0x75,0x6e,0x64,0x22,0x20,0x63,0x6c,0x61,0x73,
  0x73,0x3d,0x22,0x66,0x65,0x61,0x74,0x68,0x65,0x72,0x20,0x66,0x65,0x61,0x74,0x68,
  0x65,0x72,0x2d,0x73,0x6b,0x69,0x70,0x2d,0x62,0x61,0x63,0x6b,0x22,0x3e,0x3c,0x70,
  0x6f,0x6c,0x79,0x67,0x6f,0x6e,0x20,0x70,0x6f,0x69,0x6e,0x74,0x73,0x3d,0x22,0x31,
  0x39,0x20,0x32,0x30,0x20,0x39,0x20,0x31,0x32,0x20,0x31,0x39,0x20,0x34,0x20,0x31,
  0x39,0x20,0x32,0x30,0x22,0x3e,0x3c,0x2f,0x70,0x6f,0x6c,0x79,0x67,0x6f,0x6e,0x3e,
  0x3c,0x6c,0x69,0x6e,0x65,0x20,0x78,0x31,0x3d,0x22,0x35,0x22,0x20,0x79,0x31,0x3d,
  0x22,0x31,0x39,0x22,0x20,0x78,0x32,0x3d,0x22,0x35,0x22,0x20,0x79,0x32,0x3d,0x22,
  0x35,0x22,0x3e,0x3c,0x2f,0x6c,0x69,0x6e,0x65,0x3e,0x3c,0x2f,0x73,0x76,0x67,0x3e,
  
    // sliders.svg
  0x0,0x0,0x2,0x5b,
  0x3c,
  0x73,0x76,0x67,0x20,0x78,0x6d,0x6c,0x6e,0x73,0x3d,0x22,0x68,0x74,0x74,0x70,0x3a,
  0x2f,0x2f,0x77,0x77,0x77,0x2e,0x77,0x33,0x2e,0x6f,0x72,0x67,0x2f,0x32,0x30,0x30,
  0x30,0x2f,0x73,0x76,0x67,0x22,0x20,0x77,0x69,0x64,0x74,0x68,0x3d,0x22,0x32,0x34,
  0x22,0x20,0x68,0x65,0x69,0x67,0x68,0x74,0x3d,0x22,0x32,0x34,0x22,0x20,0x76,0x69,
  0x65,0x77,0x42,0x6f,0x78,0x3d,0x22,0x30,0x20,0x30,0x20,0x32,0x34,0x20,0x32,0x34,
  0x22,0x20,0x66,0x69,0x6c,0x6c,0x3d,0x22,0x6e,0x6f,0x6e,0x65,0x22,0x20,0x73,0x74,
  0x72,0x6f,0x6b,0x65,0x3d,0x22,0x23,0x66,0x66,0x66,0x22,0x20,0x73,0x74,0x72,0x6f,
  0x6b,0x65,0x2d,0x77,0x69,0x64,0x74,0x68,0x3d,0x22,0x32,0x22,0x20,0x73,0x74,0x72,
  0x6f,0x6b,0x65,0x2d,0x6c,0x69,0x6e,0x65,0x63,0x61,0x70,0x3d,0x22,0x72,0x6f,0x75,
  0x6e,0x64,0x22,0x20,0x73,0x74,0x72,0x6f,0x6b,0x65,0x2d,0x6c,0x69,0x6e,0x65,0x6a,
  0x6f,0x69,0x6e,0x3d,0x22,0x72,0x6f,0x75,0x6e,0x64,0x22,0x20,0x63,0x6c,0x61,0x73,
  0x73,0x3d,0x22,0x66,0x65,0x61,0x74,0x68,0x65,0x72,0x20,0x66,0x65,0x61,0x74,0x68,
  0x65,0x72,0x2d,0x73,0x6c,0x69,0x64,0x65,0x72,0x73,0x22,0x3e,0x3c,0x6c,0x69,0x6e,
  0x65,0x20,0x78,0x31,0x3d,0x22,0x34,0x22,0x20,0x79,0x31,0x3d,0x22,0x32,0x31,0x22,
  0x20,0x78,0x32,0x3d,0x22,0x34,0x22,0x20,0x79,0x32,0x3d,0x22,0x31,0x34,0x22,0x3e,
  0x3c,0x2f,0x6c,0x69,0x6e,0x65,0x3e,0x3c,0x6c,0x69,0x6e,0x65,0x20,0x78,0x31,0x3d,
  0x22,0x34,0x22,0x20,0x79,0x31,0x3d,0x22,0x31,0x30,0x22,0x20,0x78,0x32,0x3d,0x22,
  0x34,0x22,0x20,0x79,0x32,0x3d,0x22,0x33,0x22,0x3e,0x3c,0x2f,0x6c,0x69,0x6e,0x65,
  0x3e,0x3c,0x6c,0x69,0x6e,0x65,0x20,0x78,0x31,0x3d,0x22,0x31,0x32,0x22,0x20,0x79,
  0x31,0x3d,0x22,0x32,0x31,0x22,0x20,0x78,0x32,0x3d,0x22,0x31,0x32,0x22,0x20,0x79,
  0x32,0x3d,0x22,0x31,0x32,0x22,0x3e,0x3c,0x2f,0x6c,0x69,0x6e,0x65,0x3e,0x3c,0x6c,
  0x69,0x6e,0x65,0x20,0x78,0x31,0x3d,0x22,0x31,0x32,0x22,0x20,0x79,0x31,0x3d,0x22,
  0x38,0x22,0x20,0x78,0x32,0x3d,0x22,0x31,0x32,0x22,0x20,0x79,0x32,0x3d,0x22,0x33,
  0x22,0x3e,0x3c,0x2f,0x6c,0x69,0x6e,0x65,0x3e,0x3c,0x6c,0x69,0x6e,0x65,0x20,0x78,
  0x31,0x3d,0x22,0x32,0x30,0x22,0x20,0x79,0x31,0x3d,0x22,0x32,0x31,0x22,0x20,0x78,
  0x32,0x3d,0x22,0x32,0x30,0x22,0x20,0x79,0x32,0x3d,0x22,0x31,0x36,0x22,0x3e,0x3c,
  0x2f,0x6c,0x69,0x6e,0x65,0x3e,0x3c,0x6c,0x69,0x6e,0x65,0x20,0x78,0x31,0x3d,0x22,
  0x32,0x30,0x22,0x20,0x79,0x31,0x3d,0x22,0x31,0x32,0x22,0x20,0x78,0x32,0x3d,0x22,
  0x32,0x30,0x22,0x20,0x79,0x32,0x3d,0x22,0x33,0x22,0x3e,0x3c,0x2f,0x6c,0x69,0x6e,
  0x65,0x3e,0x3c,0x6c,0x69,0x6e,0x65,0x20,0x78,0x31,0x3d,0x22,0x31,0x22,0x20,0x79,
  0x31,0x3d,0x22,0x31,0x34,0x22,0x20,0x78,0x32,0x3d,0x22,0x37,0x22,0x20,0x79,0x32,
  0x3d,0x22,0x31,0x34,0x22,0x3e,0x3c,0x2f,0x6c,0x69,0x6e,0x65,0x3e,0x3c,0x6c,0x69,
  0x6e,0x65,0x20,0x78,0x31,0x3d,0x22,0x39,0x22,0x20,0x79,0x31,0x3d,0x22,0x38,0x22,
  0x20,0x78,0x32,0x3d,0x22,0x31,0x35,0x22,0x20,0x79,0x32,0x3d,0x22,0x38,0x22,0x3e,
  0x3c,0x2f,0x6c,0x69,0x6e,0x65,0x3e,0x3c,0x6c,0x69,0x6e,0x65,0x20,0x78,0x31,0x3d,
  0x22,0x31,0x37,0x22,0x20,0x79,0x31,0x3d,0x22,0x31,0x36,0x22,0x20,0x78,0x32,0x3d,
  0x22,0x32,0x33,0x22,0x20,0x79,0x32,0x3d,0x22,0x31,0x36,0x22,0x3e,0x3c,0x2f,0x6c,
  0x69,0x6e,0x65,0x3e,0x3c,0x2f,0x73,0x76,0x67,0x3e,
    // chevron-left.svg
  0x0,0x0,0x1,0x6,
  0x3c,
  0x73,0x76,0x67,0x20,0x78,0x6d,0x6c,0x6e,0x73,0x3d,0x22,0x68,0x74,0x74,0x70,0x3a,
  0x2f,0x2f,0x77,0x77,0x77,0x2e,0x77,0x33,0x2e,0x6f,0x72,0x67,0x2f,0x32,0x30,0x30,
  0x30,0x2f,0x73,0x76,0x67,0x22,0x20,0x77,0x69,0x64,0x74,0x68,0x3d,0x22,0x32,0x34,
  0x22,0x20,0x68,0x65,0x69,0x67,0x68,0x74,0x3d,0x22,0x32,0x34,0x22,0x20,0x76,0x69,
  0x65,0x77,0x42,0x6f,0x78,0x3d,0x22,0x30,0x20,0x30,0x20,0x32,0x34,0x20,0x32,0x34,
  0x22,0x20,0x66,0x69,0x6c,0x6c,0x3d,0x22,0x6e,0x6f,0x6e,0x65,0x22,0x20,0x73,0x74,
  0x72,0x6f,0x6b,0x65,0x3d,0x22,0x23,0x66,0x66,0x66,0x22,0x20,0x73,0x74,0x72,0x6f,
  0x6b,0x65,0x2d,0x77,0x69,0x64,0x74,0x68,0x3d,0x22,0x32,0x22,0x20,0x73,0x74,0x72,
  0x6f,0x6b,0x65,0x2d,0x6c,0x69,0x6e,0x65,0x63,0x61,0x70,0x3d,0x22,0x72,0x6f,0x75,
  0x6e,0x64,0x22,0x20,0x73,0x74,0x72,0x6f,0x6b,0x65,0x2d,0x6c,0x69,0x6e,0x65,0x6a,
  0x6f,0x69,0x6e,0x3d,0x22,0x72,0x6f,0x75,0x6e,0x64,0x22,0x20,0x63,0x6c,0x61,0x73,
  0x73,0x3d,0x22,0x66,0x65,0x61,0x74,0x68,0x65,0x72,0x20,0x66,0x65,0x61,0x74,0x68,
  0x65,0x72,0x2d,0x63,0x68,0x65,0x76,0x72,0x6f,0x6e,0x2d,0x6c,0x65,0x66,0x74,0x22,
  0x3e,0x3c,0x70,0x6f,0x6c,0x79,0x6c,0x69,0x6e,0x65,0x20,0x70,0x6f,0x69,0x6e,0x74,
  0x73,0x3d,0x22,0x31,0x35,0x20,0x31,0x38,0x20,0x39,0x20,0x31,0x32,0x20,0x31,0x35,
  0x20,0x36,0x22,0x3e,0x3c,0x2f,0x70,0x6f,0x6c,0x79,0x6c,0x69,0x6e,0x65,0x3e,0x3c,
  0x2f,0x73,0x76,0x67,0x3e,
    // play.svg
  0x0,0x0,0x0,0xff,
  0x3c,
  0x73,0x76,0x67,0x20,0x78,0x6d,0x6c,0x6e,0x73,0x3d,0x22,0x68,0x74,0x74,0x70,0x3a,
  0x2f,0x2f,0x77,0x77,0x77,0x2e,0x77,0x33,0x2e,0x6f,0x72,0x67,0x2f,0x32,0x30,0x30,
  0x30,0x2f,0x73,0x76,0x67,0x22,0x20,0x77,0x69,0x64,0x74,0x68,0x3d,0x22,0x32,0x34,
  0x22,0x20,0x68,0x65,0x69,0x67,0x68,0x74,0x3d,0x22,0x32,0x34,0x22,0x20,0x76,0x69,
  0x65,0x77,0x42,0x6f,0x78,0x3d,0x22,0x30,0x20,0x30,0x20,0x32,0x34,0x20,0x32,0x34,
  0x22,0x20,0x66,0x69,0x6c,0x6c,0x3d,0x22,0x6e,0x6f,0x6e,0x65,0x22,0x20,0x73,0x74,
  0x72,0x6f,0x6b,0x65,0x3d,0x22,0x23,0x66,0x66,0x66,0x22,0x20,0x73,0x74,0x72,0x6f,
  0x6b,0x65,0x2d,0x77,0x69,0x64,0x74,0x68,0x3d,0x22,0x32,0x22,0x20,0x73,0x74,0x72,
  0x6f,0x6b,0x65,0x2d,0x6c,0x69,0x6e,0x65,0x63,0x61,0x70,0x3d,0x22,0x72,0x6f,0x75,
  0x6e,0x64,0x22,0x20,0x73,0x74,0x72,0x6f,0x6b,0x65,0x2d,0x6c,0x69,0x6e,0x65,0x6a,
  0x6f,0x69,0x6e,0x3d,0x22,0x72,0x6f,0x75,0x6e,0x64,0x22,0x20,0x63,0x6c,0x61,0x73,
  0x73,0x3d,0x22,0x66,0x65,0x61,0x74,0x68,0x65,0x72,0x20,0x66,0x65,0x61,0x74,0x68,
  0x65,0x72,0x2d,0x70,0x6c,0x61,0x79,0x22,0x3e,0x3c,0x70,0x6f,0x6c,0x79,0x67,0x6f,
  0x6e,0x20,0x70,0x6f,0x69,0x6e,0x74,0x73,0x3d,0x22,0x35,0x20,0x33,0x20,0x31,0x39,
  0x20,0x31,0x32,0x20,0x35,0x20,0x32,0x31,0x20,0x35,0x20,0x33,0x22,0x3e,0x3c,0x2f,
  0x70,0x6f,0x6c,0x79,0x67,0x6f,0x6e,0x3e,0x3c,0x2f,0x73,0x76,0x67,0x3e,
    // lock.svg
  0x0,0x0,0x1,0x39,
  0x3c,
  0x73,0x76,0x67,0x20,0x78,0x6d,0x6c,0x6e,0x73,0x3d,0x22,0x68,0x74,0x74,0x70,0x3a,
  0x2f,0x2f,0x77,0x77,0x77,0x2e,0x77,0x33,0x2e,0x6f,0x72,0x67,0x2f,0x32,0x30,0x30,
  0x30,0x2f,0x73,0x76,0x67,0x22,0x20,0x77,0x69,0x64,0x74,0x68,0x3d,0x22,0x32,0x34,
  0x22,0x20,0x68,0x65,0x69,0x67,0x68,0x74,0x3d,0x22,0x32,0x34,0x22,0x20,0x76,0x69,
  0x65,0x77,0x42,0x6f,0x78,0x3d,0x22,0x30,0x20,0x30,0x20,0x32,0x34,0x20,0x32,0x34,
  0x22,0x20,0x66,0x69,0x6c,0x6c,0x3d,0x22,0x6e,0x6f,0x6e,0x65,0x22,0x20,0x73,0x74,
  0x72,0x6f,0x6b,0x65,0x3d,0x22,0x23,0x66,0x66,0x66,0x22,0x20,0x73,0x74,0x72,0x6f,
  0x6b,0x65,0x2d,0x77,0x69,0x64,0x74,0x68,0x3d,0x22,0x32,0x22,0x20,0x73,0x74,0x72,
  0x6f,0x6b,0x65,0x2d,0x6c,0x69,0x6e,0x65,0x63,0x61,0x70,0x3d,0x22,0x72,0x6f,0x75,
  0x6e,0x64,0x22,0x20,0x73,0x74,0x72,0x6f,0x6b,0x65,0x2d,0x6c,0x69,0x6e,0x65,0x6a,
  0x6f,0x69,0x6e,0x3d,0x22,0x72,0x6f,0x75,0x6e,0x64,0x22,0x20,0x63,0x6c,0x61,0x73,
  0x73,0x3d,0x22,0x66,0x65,0x61,0x74,0x68,0x65,0x72,0x20,0x66,0x65,0x61,0x74,0x68,
  0x65,0x72,0x2d,0x6c,0x6f,0x63,0x6b,0x22,0x3e,0x3c,0x72,0x65,0x63,0x74,0x20,0x78,
  0x3d,0x22,0x33,0x22,0x20,0x79,0x3d,0x22,0x31,0x31,0x22,0x20,0x77,0x69,0x64,0x74,
  0x68,0x3d,0x22,0x31,0x38,0x22,0x20,0x68,0x65,0x69,0x67,0x68,0x74,0x3d,0x22,0x31,
  0x31,0x22,0x20,0x72,0x78,0x3d,0x22,0x32,0x22,0x20,0x72,0x79,0x3d,0x22,0x32,0x22,
  0x3e,0x3c,0x2f,0x72,0x65,0x63,0x74,0x3e,0x3c,0x70,0x61,0x74,0x68,0x20,0x64,0x3d,
  0x22,0x4d,0x37,0x20,0x31,0x31,0x56,0x37,0x61,0x35,0x20,0x35,0x20,0x30,0x20,0x30,
  0x20,0x31,0x20,0x31,0x30,0x20,0x30,0x76,0x34,0x22,0x3e,0x3c,0x2f,0x70,0x61,0x74,
  0x68,0x3e,0x3c,0x2f,0x73,0x76,0x67,0x3e,
    // rotate-cw.svg
  0x0,0x0,0x1,0x39,
  0x3c,
  0x73,0x76,0x67,0x20,0x78,0x6d,0x6c,0x6e,0x73,0x3d,0x22,0x68,0x74,0x74,0x70,0x3a,
  0x2f,0x2f,0x77,0x77,0x77,0x2e,0x77,0x33,0x2e,0x6f,0x72,0x67,0x2f,0x32,0x30,0x30,
  0x30,0x2f,0x73,0x76,0x67,0x22,0x20,0x77,0x69,0x64,0x74,0x68,0x3d,0x22,0x32,0x34,
  0x22,0x20,0x68,0x65,0x69,0x67,0x68,0x74,0x3d,0x22,0x32,0x34,0x22,0x20,0x76,0x69,
  0x65,0x77,0x42,0x6f,0x78,0x3d,0x22,0x30,0x20,0x30,0x20,0x32,0x34,0x20,0x32,0x34,
  0x22,0x20,0x66,0x69,0x6c,0x6c,0x3d,0x22,0x6e,0x6f,0x6e,0x65,0x22,0x20,0x73,0x74,
  0x72,0x6f,0x6b,0x65,0x3d,0x22,0x23,0x66,0x66,0x66,0x22,0x20,0x73,0x74,0x72,0x6f,
  0x6b,0x65,0x2d,0x77,0x69,0x64,0x74,0x68,0x3d,0x22,0x32,0x22,0x20,0x73,0x74,0x72,
  0x6f,0x6b,0x65,0x2d,0x6c,0x69,0x6e,0x65,0x63,0x61,0x70,0x3d,0x22,0x72,0x6f,0x75,
  0x6e,0x64,0x22,0x20,0x73,0x74,0x72,0x6f,0x6b,0x65,0x2d,0x6c,0x69,0x6e,0x65,0x6a,
  0x6f,0x69,0x6e,0x3d,0x22,0x72,0x6f,0x75,0x6e,0x64,0x22,0x20,0x63,0x6c,0x61,0x73,
  0x73,0x3d,0x22,0x66,0x65,0x61,0x74,0x68,0x65,0x72,0x20,0x66,0x65,0x61,0x74,0x68,
  0x65,0x72,0x2d,0x72,0x6f,0x74,0x61,0x74,0x65,0x2d,0x63,0x77,0x22,0x3e,0x3c,0x70,
  0x6f,0x6c,0x79,0x6c,0x69,0x6e,0x65,0x20,0x70,0x6f,0x69,0x6e,0x74,0x73,0x3d,0x22,
  0x32,0x33,0x20,0x34,0x20,0x32,0x33,0x20,0x31,0x30,0x20,0x31,0x37,0x20,0x31,0x30,
  0x22,0x3e,0x3c,0x2f,0x70,0x6f,0x6c,0x79,0x6c,0x69,0x6e,0x65,0x3e,0x3c,0x70,0x61,
  0x74,0x68,0x20,0x64,0x3d,0x22,0x4d,0x32,0x30,0x2e,0x34,0x39,0x20,0x31,0x35,0x61,
  0x39,0x20,0x39,0x20,0x30,0x20,0x31,0x20,0x31,0x2d,0x32,0x2e,0x31,0x32,0x2d,0x39,
  0x2e,0x33,0x36,0x4c,0x32,0x33,0x20,0x31,0x30,0x22,0x3e,0x3c,0x2f,0x70,0x61,0x74,
  0x68,0x3e,0x3c,0x2f,0x73,0x76,0x67,0x3e,
    // stop-circle.svg
  0x0,0x0,0x1,0x2d,
  0x3c,
  0x73,0x76,0x67,0x20,0x78,0x6d,0x6c,0x6e,0x73,0x3d,0x22,0x68,0x74,0x74,0x70,0x3a,
  0x2f,0x2f,0x77,0x77,0x77,0x2e,0x77,0x33,0x2e,0x6f,0x72,0x67,0x2f,0x32,0x30,0x30,
  0x30,0x2f,0x73,0x76,0x67,0x22,0x20,0x77,0x69,0x64,0x74,0x68,0x3d,0x22,0x32,0x34,
  0x22,0x20,0x68,0x65,0x69,0x67,0x68,0x74,0x3d,0x22,0x32,0x34,0x22,0x20,0x76,0x69,
  0x65,0x77,0x42,0x6f,0x78,0x3d,0x22,0x30,0x20,0x30,0x20,0x32,0x34,0x20,0x32,0x34,
  0x22,0x20,0x66,0x69,0x6c,0x6c,0x3d,0x22,0x6e,0x6f,0x6e,0x65,0x22,0x20,0x73,0x74,
  0x72,0x6f,0x6b,0x65,0x3d,0x22,0x23,0x66,0x66,0x66,0x22,0x20,0x73,0x74,0x72,0x6f,
  0x6b,0x65,0x2d,0x77,0x69,0x64,0x74,0x68,0x3d,0x22,0x32,0x22,0x20,0x73,0x74,0x72,
  0x6f,0x6b,0x65,0x2d,0x6c,0x69,0x6e,0x65,0x63,0x61,0x70,0x3d,0x22,0x72,0x6f,0x75,
  0x6e,0x64,0x22,0x20,0x73,0x74,0x72,0x6f,0x6b,0x65,0x2d,0x6c,0x69,0x6e,0x65,0x6a,
  0x6f,0x69,0x6e,0x3d,0x22,0x72,0x6f,0x75,0x6e,0x64,0x22,0x20,0x63,0x6c,0x61,0x73,
  0x73,0x3d,0x22,0x66,0x65,0x61,0x74,0x68,0x65,0x72,0x20,0x66,0x65,0x61,0x74,0x68,
  0x65,0x72,0x2d,0x73,0x74,0x6f,0x70,0x2d,0x63,0x69,0x72,0x63,0x6c,0x65,0x22,0x3e,
  0x3c,0x63,0x69,0x72,0x63,0x6c,0x65,0x20,0x63,0x78,0x3d,0x22,0x31,0x32,0x22,0x20,
  0x63,0x79,0x3d,0x22,0x31,0x32,0x22,0x20,0x72,0x3d,0x22,0x31,0x30,0x22,0x3e,0x3c,
  0x2f,0x63,0x69,0x72,0x63,0x6c,0x65,0x3e,0x3c,0x72,0x65,0x63,0x74,0x20,0x78,0x3d,
  0x22,0x39,0x22,0x20,0x79,0x3d,0x22,0x39,0x22,0x20,0x77,0x69,0x64,0x74,0x68,0x3d,
  0x22,0x36,0x22,0x20,0x68,0x65,0x69,0x67,0x68,0x74,0x3d,0x22,0x36,0x22,0x3e,0x3c,
  0x2f,0x72,0x65,0x63,0x74,0x3e,0x3c,0x2f,0x73,0x76,0x67,0x3e,
    // send.svg
  0x0,0x0,0x1,0x32,
  0x3c,
  0x73,0x76,0x67,0x20,0x78,0x6d,0x6c,0x6e,0x73,0x3d,0x22,0x68,0x74,0x74,0x70,0x3a,
  0x2f,0x2f,0x77,0x77,0x77,0x2e,0x77,0x33,0x2e,0x6f,0x72,0x67,0x2f,0x32,0x30,0x30,
  0x30,0x2f,0x73,0x76,0x67,0x22,0x20,0x77,0x69,0x64,0x74,0x68,0x3d,0x22,0x32,0x34,
  0x22,0x20,0x68,0x65,0x69,0x67,0x68,0x74,0x3d,0x22,0x32,0x34,0x22,0x20,0x76,0x69,
  0x65,0x77,0x42,0x6f,0x78,0x3d,0x22,0x30,0x20,0x30,0x20,0x32,0x34,0x20,0x32,0x34,
  0x22,0x20,0x66,0x69,0x6c,0x6c,0x3d,0x22,0x6e,0x6f,0x6e,0x65,0x22,0x20,0x73,0x74,
  0x72,0x6f,0x6b,0x65,0x3d,0x22,0x23,0x66,0x66,0x66,0x22,0x20,0x73,0x74,0x72,0x6f,
  0x6b,0x65,0x2d,0x77,0x69,0x64,0x74,0x68,0x3d,0x22,0x32,0x22,0x20,0x73,0x74,0x72,
  0x6f,0x6b,0x65,0x2d,0x6c,0x69,0x6e,0x65,0x63,0x61,0x70,0x3d,0x22,0x72,0x6f,0x75,
  0x6e,0x64,0x22,0x20,0x73,0x74,0x72,0x6f,0x6b,0x65,0x2d,0x6c,0x69,0x6e,0x65,0x6a,
  0x6f,0x69,0x6e,0x3d,0x22,0x72,0x6f,0x75,0x6e,0x64,0x22,0x20,0x63,0x6c,0x61,0x73,
  0x73,0x3d,0x22,0x66,0x65,0x61,0x74,0x68,0x65,0x72,0x20,0x66,0x65,0x61,0x74,0x68,
  0x65,0x72,0x2d,0x73,0x65,0x6e,0x64,0x22,0x3e,0x3c,0x6c,0x69,0x6e,0x65,0x20,0x78,
  0x31,0x3d,0x22,0x32,0x32,0x22,0x20,0x79,0x31,0x3d,0x22,0x32,0x22,0x20,0x78,0x32,
  0x3d,0x22,0x31,0x31,0x22,0x20,0x79,0x32,0x3d,0x22,0x31,0x33,0x22,0x3e,0x3c,0x2f,
  0x6c,0x69,0x6e,0x65,0x3e,0x3c,0x70,0x6f,0x6c,0x79,0x67,0x6f,0x6e,0x20,0x70,0x6f,
  0x69,0x6e,0x74,0x73,0x3d,0x22,0x32,0x32,0x20,0x32,0x20,0x31,0x35,0x20,0x32,0x32,
  0x20,0x31,0x31,0x20,0x31,0x33,0x20,0x32,0x20,0x39,0x20,0x32,0x32,0x20,0x32,0x22,
  0x3e,0x3c,0x2f,0x70,0x6f,0x6c,0x79,0x67,0x6f,0x6e,0x3e,0x3c,0x2f,0x73,0x76,0x67,
  0x3e,
    // chevron-down.svg
  0x0,0x0,0x1,0x5,
  0x3c,
  0x73,0x76,0x67,0x20,0x78,0x6d,0x6c,0x6e,0x73,0x3d,0x22,0x68,0x74,0x74,0x70,0x3a,
  0x2f,0x2f,0x77,0x77,0x77,0x2e,0x77,0x33,0x2e,0x6f,0x72,0x67,0x2f,0x32,0x30,0x30,
  0x30,0x2f,0x73,0x76,0x67,0x22,0x20,0x77,0x69,0x64,0x74,0x68,0x3d,0x22,0x32,0x34,
  0x22,0x20,0x68,0x65,0x69,0x67,0x68,0x74,0x3d,0x22,0x32,0x34,0x22,0x20,0x76,0x69,
  0x65,0x77,0x42,0x6f,0x78,0x3d,0x22,0x30,0x20,0x30,0x20,0x32,0x34,0x20,0x32,0x34,
  0x22,0x20,0x66,0x69,0x6c,0x6c,0x3d,0x22,0x6e,0x6f,0x6e,0x65,0x22,0x20,0x73,0x74,
  0x72,0x6f,0x6b,0x65,0x3d,0x22,0x23,0x66,0x66,0x66,0x22,0x20,0x73,0x74,0x72,0x6f,
  0x6b,0x65,0x2d,0x77,0x69,0x64,0x74,0x68,0x3d,0x22,0x32,0x22,0x20,0x73,0x74,0x72,
  0x6f,0x6b,0x65,0x2d,0x6c,0x69,0x6e,0x65,0x63,0x61,0x70,0x3d,0x22,0x72,0x6f,0x75,
  0x6e,0x64,0x22,0x20,0x73,0x74,0x72,0x6f,0x6b,0x65,0x2d,0x6c,0x69,0x6e,0x65,0x6a,
  0x6f,0x69,0x6e,0x3d,0x22,0x72,0x6f,0x75,0x6e,0x64,0x22,0x20,0x63,0x6c,0x61,0x73,
  0x73,0x3d,0x22,0x66,0x65,0x61,0x74,0x68,0x65,0x72,0x20,0x66,0x65,0x61,0x74,0x68,
  0x65,0x72,0x2d,0x63,0x68,0x65,0x76,0x72,0x6f,0x6e,0x2d,0x64,0x6f,0x77,0x6e,0x22,
  0x3e,0x3c,0x70,0x6f,0x6c,0x79,0x6c,0x69,0x6e,0x65,0x20,0x70,0x6f,0x69,0x6e,0x74,
  0x73,0x3d,0x22,0x36,0x20,0x39,0x20,0x31,0x32,0x20,0x31,0x35,0x20,0x31,0x38,0x20,
  0x39,0x22,0x3e,0x3c,0x2f,0x70,0x6f,0x6c,0x79,0x6c,0x69,0x6e,0x65,0x3e,0x3c,0x2f,
  0x73,0x76,0x67,0x3e,
    // credit-card.svg
  0x0,0x0,0x1,0x41,
  0x3c,
  0x73,0x76,0x67,0x20,0x78,0x6d,0x6c,0x6e,0x73,0x3d,0x22,0x68,0x74,0x74,0x70,0x3a,
  0x2f,0x2f,0x77,0x77,0x77,0x2e,0x77,0x33,0x2e,0x6f,0x72,0x67,0x2f,0x32,0x30,0x30,
  0x30,0x2f,0x73,0x76,0x67,0x22,0x20,0x77,0x69,0x64,0x74,0x68,0x3d,0x22,0x32,0x34,
  0x22,0x20,0x68,0x65,0x69,0x67,0x68,0x74,0x3d,0x22,0x32,0x34,0x22,0x20,0x76,0x69,
  0x65,0x77,0x42,0x6f,0x78,0x3d,0x22,0x30,0x20,0x30,0x20,0x32,0x34,0x20,0x32,0x34,
  0x22,0x20,0x66,0x69,0x6c,0x6c,0x3d,0x22,0x6e,0x6f,0x6e,0x65,0x22,0x20,0x73,0x74,
  0x72,0x6f,0x6b,0x65,0x3d,0x22,0x23,0x66,0x66,0x66,0x22,0x20,0x73,0x74,0x72,0x6f,
  0x6b,0x65,0x2d,0x77,0x69,0x64,0x74,0x68,0x3d,0x22,0x32,0x22,0x20,0x73,0x74,0x72,
  0x6f,0x6b,0x65,0x2d,0x6c,0x69,0x6e,0x65,0x63,0x61,0x70,0x3d,0x22,0x72,0x6f,0x75,
  0x6e,0x64,0x22,0x20,0x73,0x74,0x72,0x6f,0x6b,0x65,0x2d,0x6c,0x69,0x6e,0x65,0x6a,
  0x6f,0x69,0x6e,0x3d,0x22,0x72,0x6f,0x75,0x6e,0x64,0x22,0x20,0x63,0x6c,0x61,0x73,
  0x73,0x3d,0x22,0x66,0x65,0x61,0x74,0x68,0x65,0x72,0x20,0x66,0x65,0x61,0x74,0x68,
  0x65,0x72,0x2d,0x63,0x72,0x65,0x64,0x69,0x74,0x2d,0x63,0x61,0x72,0x64,0x22,0x3e,
  0x3c,0x72,0x65,0x63,0x74,0x20,0x78,0x3d,0x22,0x31,0x22,0x20,0x79,0x3d,0x22,0x34,
  0x22,0x20,0x77,0x69,0x64,0x74,0x68,0x3d,0x22,0x32,0x32,0x22,0x20,0x68,0x65,0x69,
  0x67,0x68,0x74,0x3d,0x22,0x31,0x36,0x22,0x20,0x72,0x78,0x3d,0x22,0x32,0x22,0x20,
  0x72,0x79,0x3d,0x22,0x32,0x22,0x3e,0x3c,0x2f,0x72,0x65,0x63,0x74,0x3e,0x3c,0x6c,
  0x69,0x6e,0x65,0x20,0x78,0x31,0x3d,0x22,0x31,0x22,0x20,0x79,0x31,0x3d,0x22,0x31,
  0x30,0x22,0x20,0x78,0x32,0x3d,0x22,0x32,0x33,0x22,0x20,0x79,0x32,0x3d,0x22,0x31,
  0x30,0x22,0x3e,0x3c,0x2f,0x6c,0x69,0x6e,0x65,0x3e,0x3c,0x2f,0x73,0x76,0x67,0x3e,
  
    // book.svg
  0x0,0x0,0x1,0x51,
  0x3c,
  0x73,0x76,0x67,0x20,0x78,0x6d,0x6c,0x6e,0x73,0x3d,0x22,0x68,0x74,0x74,0x70,0x3a,
  0x2f,0x2f,0x77,0x77,0x77,0x2e,0x77,0x33,0x2e,0x6f,0x72,0x67,0x2f,0x32,0x30,0x30,
  0x30,0x2f,0x73,0x76,0x67,0x22,0x20,0x77,0x69,0x64,0x74,0x68,0x3d,0x22,0x32,0x34,
  0x22,0x20,0x68,0x65,0x69,0x67,0x68,0x74,0x3d,0x22,0x32,0x34,0x22,0x20,0x76,0x69,
  0x65,0x77,0x42,0x6f,0x78,0x3d,0x22,0x30,0x20,0x30,0x20,0x32,0x34,0x20,0x32,0x34,
  0x22,0x20,0x66,0x69,0x6c,0x6c,0x3d,0x22,0x6e,0x6f,0x6e,0x65,0x22,0x20,0x73,0x74,
  0x72,0x6f,0x6b,0x65,0x3d,0x22,0x23,0x66,0x66,0x66,0x22,0x20,0x73,0x74,0x72,0x6f,
  0x6b,0x65,0x2d,0x77,0x69,0x64,0x74,0x68,0x3d,0x22,0x32,0x22,0x20,0x73,0x74,0x72,
  0x6f,0x6b,0x65,0x2d,0x6c,0x69,0x6e,0x65,0x63,0x61,0x70,0x3d,0x22,0x72,0x6f,0x75,
  0x6e,0x64,0x22,0x20,0x73,0x74,0x72,0x6f,0x6b,0x65,0x2d,0x6c,0x69,0x6e,0x65,0x6a,
  0x6f,0x69,0x6e,0x3d,0x22,0x72,0x6f,0x75,0x6e,0x64,0x22,0x20,0x63,0x6c,0x61,0x73,
  0x73,0x3d,0x22,0x66,0x65,0x61,0x74,0x68,0x65,0x72,0x20,0x66,0x65,0x61,0x74,0x68,
  0x65,0x72,0x2d,0x62,0x6f,0x6f,0x6b,0x22,0x3e,0x3c,0x70,0x61,0x74,0x68,0x20,0x64,
  0x3d,0x22,0x4d,0x34,0x20,0x31,0x39,0x2e,0x35,0x41,0x32,0x2e,0x35,0x20,0x32,0x2e,
  0x35,0x20,0x30,0x20,0x30,0x20,0x31,0x20,0x36,0x2e,0x35,0x20,0x31,0x37,0x48,0x32,
  0x30,0x22,0x3e,0x3c,0x2f,0x70,0x61,0x74,0x68,0x3e,0x3c,0x70,0x61,0x74,0x68,0x20,
  0x64,0x3d,0x22,0x4d,0x36,0x2e,0x35,0x20,0x32,0x48,0x32,0x30,0x76,0x32,0x30,0x48,
  0x36,0x2e,0x35,0x41,0x32,0x2e,0x35,0x20,0x32,0x2e,0x35,0x20,0x30,0x20,0x30,0x20,
  0x31,0x20,0x34,0x20,0x31,0x39,0x2e,0x35,0x76,0x2d,0x31,0x35,0x41,0x32,0x2e,0x35,
  0x20,0x32,0x2e,0x35,0x20,0x30,0x20,0x30,0x20,0x31,0x20,0x36,0x2e,0x35,0x20,0x32,
  0x7a,0x22,0x3e,0x3c,0x2f,0x70,0x61,0x74,0x68,0x3e,0x3c,0x2f,0x73,0x76,0x67,0x3e,
  
    // x-square.svg
  0x0,0x0,0x1,0x68,
  0x3c,
  0x73,0x76,0x67,0x20,0x78,0x6d,0x6c,0x6e,0x73,0x3d,0x22,0x68,0x74,0x74,0x70,0x3a,
  0x2f,0x2f,0x77,0x77,0x77,0x2e,0x77,0x33,0x2e,0x6f,0x72,0x67,0x2f,0x32,0x30,0x30,
  0x30,0x2f,0x73,0x76,0x67,0x22,0x20,0x77,0x69,0x64,0x74,0x68,0x3d,0x22,0x32,0x34,
  0x22,0x20,0x68,0x65,0x69,0x67,0x68,0x74,0x3d,0x22,0x32,0x34,0x22,0x20,0x76,0x69,
  0x65,0x77,0x42,0x6f,0x78,0x3d,0x22,0x30,0x20,0x30,0x20,0x32,0x34,0x20,0x32,0x34,
  0x22,0x20,0x66,0x69,0x6c,0x6c,0x3d,0x22,0x6e,0x6f,0x6e,0x65,0x22,0x20,0x73,0x74,
  0x72,0x6f,0x6b,0x65,0x3d,0x22,0x23,0x66,0x66,0x66,0x22,0x20,0x73,0x74,0x72,0x6f,
  0x6b,0x65,0x2d,0x77,0x69,0x64,0x74,0x68,0x3d,0x22,0x32,0x22,0x20,0x73,0x74,0x72,
  0x6f,0x6b,0x65,0x2d,0x6c,0x69,0x6e,0x65,0x63,0x61,0x70,0x3d,0x22,0x72,0x6f,0x75,
  0x6e,0x64,0x22,0x20,0x73,0x74,0x72,0x6f,0x6b,0x65,0x2d,0x6c,0x69,0x6e,0x65,0x6a,
  0x6f,0x69,0x6e,0x3d,0x22,0x72,0x6f,0x75,0x6e,0x64,0x22,0x20,0x63,0x6c,0x61,0x73,
  0x73,0x3d,0x22,0x66,0x65,0x61,0x74,0x68,0x65,0x72,0x20,0x66,0x65,0x61,0x74,0x68,
  0x65,0x72,0x2d,0x78,0x2d,0x73,0x71,0x75,0x61,0x72,0x65,0x22,0x3e,0x3c,0x72,0x65,
  0x63,0x74,0x20,0x78,0x3d,0x22,0x33,0x22,0x20,0x79,0x3d,0x22,0x33,0x22,0x20,0x77,
  0x69,0x64,0x74,0x68,0x3d,0x22,0x31,0x38,0x22,0x20,0x68,0x65,0x69,0x67,0x68,0x74,
  0x3d,0x22,0x31,0x38,0x22,0x20,0x72,0x78,0x3d,0x22,0x32,0x22,0x20,0x72,0x79,0x3d,
  0x22,0x32,0x22,0x3e,0x3c,0x2f,0x72,0x65,0x63,0x74,0x3e,0x3c,0x6c,0x69,0x6e,0x65,
  0x20,0x78,0x31,0x3d,0x22,0x39,0x22,0x20,0x79,0x31,0x3d,0x22,0x39,0x22,0x20,0x78,
  0x32,0x3d,0x22,0x31,0x35,0x22,0x20,0x79,0x32,0x3d,0x22,0x31,0x35,0x22,0x3e,0x3c,
  0x2f,0x6c,0x69,0x6e,0x65,0x3e,0x3c,0x6c,0x69,0x6e,0x65,0x20,0x78,0x31,0x3d,0x22,
  0x31,0x35,0x22,0x20,0x79,0x31,0x3d,0x22,0x39,0x22,0x20,0x78,0x32,0x3d,0x22,0x39,
  0x22,0x20,0x79,0x32,0x3d,0x22,0x31,0x35,0x22,0x3e,0x3c,0x2f,0x6c,0x69,0x6e,0x65,
  0x3e,0x3c,0x2f,0x73,0x76,0x67,0x3e,
    // alert-circle.svg
  0x0,0x0,0x1,0x5c,
  0x3c,
  0x73,0x76,0x67,0x20,0x78,0x6d,0x6c,0x6e,0x73,0x3d,0x22,0x68,0x74,0x74,0x70,0x3a,
  0x2f,0x2f,0x77,0x77,0x77,0x2e,0x77,0x33,0x2e,0x6f,0x72,0x67,0x2f,0x32,0x30,0x30,
  0x30,0x2f,0x73,0x76,0x67,0x22,0x20,0x77,0x69,0x64,0x74,0x68,0x3d,0x22,0x32,0x34,
  0x22,0x20,0x68,0x65,0x69,0x67,0x68,0x74,0x3d,0x22,0x32,0x34,0x22,0x20,0x76,0x69,
  0x65,0x77,0x42,0x6f,0x78,0x3d,0x22,0x30,0x20,0x30,0x20,0x32,0x34,0x20,0x32,0x34,
  0x22,0x20,0x66,0x69,0x6c,0x6c,0x3d,0x22,0x6e,0x6f,0x6e,0x65,0x22,0x20,0x73,0x74,
  0x72,0x6f,0x6b,0x65,0x3d,0x22,0x23,0x66,0x66,0x66,0x22,0x20,0x73,0x74,0x72,0x6f,
  0x6b,0x65,0x2d,0x77,0x69,0x64,0x74,0x68,0x3d,0x22,0x32,0x22,0x20,0x73,0x74,0x72,
  0x6f,0x6b,0x65,0x2d,0x6c,0x69,0x6e,0x65,0x63,0x61,0x70,0x3d,0x22,0x72,0x6f,0x75,
  0x6e,0x64,0x22,0x20,0x73,0x74,0x72,0x6f,0x6b,0x65,0x2d,0x6c,0x69,0x6e,0x65,0x6a,
  0x6f,0x69,0x6e,0x3d,0x22,0x72,0x6f,0x75,0x6e,0x64,0x22,0x20,0x63,0x6c,0x61,0x73,
  0x73,0x3d,0x22,0x66,0x65,0x61,0x74,0x68,0x65,0x72,0x20,0x66,0x65,0x61,0x74,0x68,
  0x65,0x72,0x2d,0x61,0x6c,0x65,0x72,0x74,0x2d,0x63,0x69,0x72,0x63,0x6c,0x65,0x22,
  0x3e,0x3c,0x63,0x69,0x72,0x63,0x6c,0x65,0x20,0x63,0x78,0x3d,0x22,0x31,0x32,0x22,
  0x20,0x63,0x79,0x3d,0x22,0x31,0x32,0x22,0x20,0x72,0x3d,0x22,0x31,0x30,0x22,0x3e,
  0x3c,0x2f,0x63,0x69,0x72,0x63,0x6c,0x65,0x3e,0x3c,0x6c,0x69,0x6e,0x65,0x20,0x78,
  0x31,0x3d,0x22,0x31,0x32,0x22,0x20,0x79,0x31,0x3d,0x22,0x38,0x22,0x20,0x78,0x32,
  0x3d,0x22,0x31,0x32,0x22,0x20,0x79,0x32,0x3d,0x22,0x31,0x32,0x22,0x3e,0x3c,0x2f,
  0x6c,0x69,0x6e,0x65,0x3e,0x3c,0x6c,0x69,0x6e,0x65,0x20,0x78,0x31,0x3d,0x22,0x31,
  0x32,0x22,0x20,0x79,0x31,0x3d,0x22,0x31,0x36,0x22,0x20,0x78,0x32,0x3d,0x22,0x31,
  0x32,0x2e,0x30,0x31,0x22,0x20,0x79,0x32,0x3d,0x22,0x31,0x36,0x22,0x3e,0x3c,0x2f,
  0x6c,0x69,0x6e,0x65,0x3e,0x3c,0x2f,0x73,0x76,0x67,0x3e,
    // sun.svg
  0x0,0x0,0x2,0x82,
  0x3c,
  0x73,0x76,0x67,0x20,0x78,0x6d,0x6c,0x6e,0x73,0x3d,0x22,0x68,0x74,0x74,0x70,0x3a,
  0x2f,0x2f,0x77,0x77,0x77,0x2e,0x77,0x33,0x2e,0x6f,0x72,0x67,0x2f,0x32,0x30,0x30,
  0x30,0x2f,0x73,0x76,0x67,0x22,0x20,0x77,0x69,0x64,0x74,0x68,0x3d,0x22,0x32,0x34,
  0x22,0x20,0x68,0x65,0x69,0x67,0x68,0x74,0x3d,0x22,0x32,0x34,0x22,0x20,0x76,0x69,
  0x65,0x77,0x42,0x6f,0x78,0x3d,0x22,0x30,0x20,0x30,0x20,0x32,0x34,0x20,0x32,0x34,
  0x22,0x20,0x66,0x69,0x6c,0x6c,0x3d,0x22,0x6e,0x6f,0x6e,0x65,0x22,0x20,0x73,0x74,
  0x72,0x6f,0x6b,0x65,0x3d,0x22,0x23,0x66,0x66,0x66,0x22,0x20,0x73,0x74,0x72,0x6f,
  0x6b,0x65,0x2d,0x77,0x69,0x64,0x74,0x68,0x3d,0x22,0x32,0x22,0x20,0x73,0x74,0x72,
  0x6f,0x6b,0x65,0x2d,0x6c,0x69,0x6e,0x65,0x63,0x61,0x70,0x3d,0x22,0x72,0x6f,0x75,
  0x6e,0x64,0x22,0x20,0x73,0x74,0x72,0x6f,0x6b,0x65,0x2d,0x6c,0x69,0x6e,0x65,0x6a,
  0x6f,0x69,0x6e,0x3d,0x22,0x72,0x6f,0x75,0x6e,0x64,0x22,0x20,0x63,0x6c,0x61,0x73,
  0x73,0x3d,0x22,0x66,0x65,0x61,0x74,0x68,0x65,0x72,0x20,0x66,0x65,0x61,0x74,0x68,
  0x65,0x72,0x2d,0x73,0x75,0x6e,0x22,0x3e,0x3c,0x63,0x69,0x72,0x63,0x6c,0x65,0x20,
  0x63,0x78,0x3d,0x22,0x31,0x32,0x22,0x20,0x63,0x79,0x3d,0x22,0x31,0x32,0x22,0x20,
  0x72,0x3d,0x22,0x35,0x22,0x3e,0x3c,0x2f,0x63,0x69,0x72,0x63,0x6c,0x65,0x3e,0x3c,
  0x6c,0x69,0x6e,0x65,0x20,0x78,0x31,0x3d,0x22,0x31,0x32,0x22,0x20,0x79,0x31,0x3d,
  0x22,0x31,0x22,0x20,0x78,0x32,0x3d,0x22,0x31,0x32,0x22,0x20,0x79,0x32,0x3d,0x22,
  0x33,0x22,0x3e,0x3c,0x2f,0x6c,0x69,0x6e,0x65,0x3e,0x3c,0x6c,0x69,0x6e,0x65,0x20,
  0x78,0x31,0x3d,0x22,0x31,0x32,0x22,0x20,0x79,0x31,0x3d,0x22,0x32,0x31,0x22,0x20,
  0x78,0x32,0x3d,0x22,0x31,0x32,0x22,0x20,0x79,0x32,0x3d,0x22,0x32,0x33,0x22,0x3e,
  0x3c,0x2f,0x6c,0x69,0x6e,0x65,0x3e,0x3c,0x6c,0x69,0x6e,0x65,0x20,0x78,0x31,0x3d,
  0x22,0x34,0x2e,0x32,0x32,0x22,0x20,0x79,0x31,0x3d,0x22,0x34,0x2e,0x32,0x32,0x22,
  0x20,0x78,0x32,0x3d,0x22,0x35,0x2e,0x36,0x34,0x22,0x20,0x79,0x32,0x3d,0x22,0x35,
  0x2e,0x36,0x34,0x22,0x3e,0x3c,0x2f,0x6c,0x69,0x6e,0x65,0x3e,0x3c,0x6c,0x69,0x6e,
  0x65,0x20,0x78,0x31,0x3d,0x22,0x31,0x38,0x2e,0x33,0x36,0x22,0x20,0x79,0x31,0x3d,
  0x22,0x31,0x38,0x2e,0x33,0x36,0x22,0x20,0x78,0x32,0x3d,0x22,0x31,0x39,0x2e,0x37,
  0x38,0x22,0x20,0x79,0x32,0x3d,0x22,0x31,0x39,0x2e,0x37,0x38,0x22,0x3e,0x3c,0x2f,
  0x6c,0x69,0x6e,0x65,0x3e,0x3c,0x6c,0x69,0x6e,0x65,0x20,0x78,0x31,0x3d,0x22,0x31,
  0x22,0x20,0x79,0x31,0x3d,0x22,0x31,0x32,0x22,0x20,0x78,0x32,0x3d,0x22,0x33,0x22,
  0x20,0x79,0x32,0x3d,0x22,0x31,0x32,0x22,0x3e,0x3c,0x2f,0x6c,0x69,0x6e,0x65,0x3e,
  0x3c,0x6c,0x69,0x6e,0x65,0x20,0x78,0x31,0x3d,0x22,0x32,0x31,0x22,0x20,0x79,0x31,
  0x3d,0x22,0x31,0x32,0x22,0x20,0x78,0x32,0x3d,0x22,0x32,0x33,0x22,0x20,0x79,0x32,
  0x3d,0x22,0x31,0x32,0x22,0x3e,0x3c,0x2f,0x6c,0x69,0x6e,0x65,0x3e,0x3c,0x6c,0x69,
  0x6e,0x65,0x20,0x78,0x31,0x3d,0x22,0x34,0x2e,0x32,0x32,0x22,0x20,0x79,0x31,0x3d,
  0x22,0x31,0x39,0x2e,0x37,0x38,0x22,0x20,0x78,0x32,0x3d,0x22,0x35,0x2e,0x36,0x34,
  0x22,0x20,0x79,0x32,0x3d,0x22,0x31,0x38,0x2e,0x33,0x36,0x22,0x3e,0x3c,0x2f,0x6c,
  0x69,0x6e,0x65,0x3e,0x3c,0x6c,0x69,0x6e,0x65,0x20,0x78,0x31,0x3d,0x22,0x31,0x38,
  0x2e,0x33,0x36,0x22,0x20,0x79,0x31,0x3d,0x22,0x35,0x2e,0x36,0x34,0x22,0x20,0x78,
  0x32,0x3d,0x22,0x31,0x39,0x2e,0x37,0x38,0x22,0x20,0x79,0x32,0x3d,0x22,0x34,0x2e,
  0x32,0x32,0x22,0x3e,0x3c,0x2f,0x6c,0x69,0x6e,0x65,0x3e,0x3c,0x2f,0x73,0x76,0x67,
  0x3e,
    // volume-x.svg
  0x0,0x0,0x1,0x6a,
  0x3c,
  0x73,0x76,0x67,0x20,0x78,0x6d,0x6c,0x6e,0x73,0x3d,0x22,0x68,0x74,0x74,0x70,0x3a,
  0x2f,0x2f,0x77,0x77,0x77,0x2e,0x77,0x33,0x2e,0x6f,0x72,0x67,0x2f,0x32,0x30,0x30,
  0x30,0x2f,0x73,0x76,0x67,0x22,0x20,0x77,0x69,0x64,0x74,0x68,0x3d,0x22,0x32,0x34,
  0x22,0x20,0x68,0x65,0x69,0x67,0x68,0x74,0x3d,0x22,0x32,0x34,0x22,0x20,0x76,0x69,
  0x65,0x77,0x42,0x6f,0x78,0x3d,0x22,0x30,0x20,0x30,0x20,0x32,0x34,0x20,0x32,0x34,
  0x22,0x20,0x66,0x69,0x6c,0x6c,0x3d,0x22,0x6e,0x6f,0x6e,0x65,0x22,0x20,0x73,0x74,
  0x72,0x6f,0x6b,0x65,0x3d,0x22,0x23,0x66,0x66,0x66,0x22,0x20,0x73,0x74,0x72,0x6f,
  0x6b,0x65,0x2d,0x77,0x69,0x64,0x74,0x68,0x3d,0x22,0x32,0x22,0x20,0x73,0x74,0x72,
  0x6f,0x6b,0x65,0x2d,0x6c,0x69,0x6e,0x65,0x63,0x61,0x70,0x3d,0x22,0x72,0x6f,0x75,
  0x6e,0x64,0x22,0x20,0x73,0x74,0x72,0x6f,0x6b,0x65,0x2d,0x6c,0x69,0x6e,0x65,0x6a,
  0x6f,0x69,0x6e,0x3d,0x22,0x72,0x6f,0x75,0x6e,0x64,0x22,0x20,0x63,0x6c,0x61,0x73,
  0x73,0x3d,0x22,0x66,0x65,0x61,0x74,0x68,0x65,0x72,0x20,0x66,0x65,0x61,0x74,0x68,
  0x65,0x72,0x2d,0x76,0x6f,0x6c,0x75,0x6d,0x65,0x2d,0x78,0x22,0x3e,0x3c,0x70,0x6f,
  0x6c,0x79,0x67,0x6f,0x6e,0x20,0x70,0x6f,0x69,0x6e,0x74,0x73,0x3d,0x22,0x31,0x31,
  0x20,0x35,0x20,0x36,0x20,0x39,0x20,0x32,0x20,0x39,0x20,0x32,0x20,0x31,0x35,0x20,
  0x36,0x20,0x31,0x35,0x20,0x31,0x31,0x20,0x31,0x39,0x20,0x31,0x31,0x20,0x35,0x22,
  0x3e,0x3c,0x2f,0x70,0x6f,0x6c,0x79,0x67,0x6f,0x6e,0x3e,0x3c,0x6c,0x69,0x6e,0x65,
  0x20,0x78,0x31,0x3d,0x22,0x32,0x33,0x22,0x20,0x79,0x31,0x3d,0x22,0x39,0x22,0x20,
  0x78,0x32,0x3d,0x22,0x31,0x37,0x22,0x20,0x79,0x32,0x3d,0x22,0x31,0x35,0x22,0x3e,
  0x3c,0x2f,0x6c,0x69,0x6e,0x65,0x3e,0x3c,0x6c,0x69,0x6e,0x65,0x20,0x78,0x31,0x3d,
  0x22,0x31,0x37,0x22,0x20,0x79,0x31,0x3d,0x22,0x39,0x22,0x20,0x78,0x32,0x3d,0x22,
  0x32,0x33,0x22,0x20,0x79,0x32,0x3d,0x22,0x31,0x35,0x22,0x3e,0x3c,0x2f,0x6c,0x69,
  0x6e,0x65,0x3e,0x3c,0x2f,0x73,0x76,0x67,0x3e,
    // user-plus.svg
  0x0,0x0,0x1,0x90,
  0x3c,
  0x73,0x76,0x67,0x20,0x78,0x6d,0x6c,0x6e,0x73,0x3d,0x22,0x68,0x74,0x74,0x70,0x3a,
  0x2f,0x2f,0x77,0x77,0x77,0x2e,0x77,0x33,0x2e,0x6f,0x72,0x67,0x2f,0x32,0x30,0x30,
  0x30,0x2f,0x73,0x76,0x67,0x22,0x20,0x77,0x69,0x64,0x74,0x68,0x3d,0x22,0x32,0x34,
  0x22,0x20,0x68,0x65,0x69,0x67,0x68,0x74,0x3d,0x22,0x32,0x34,0x22,0x20,0x76,0x69,
  0x65,0x77,0x42,0x6f,0x78,0x3d,0x22,0x30,0x20,0x30,0x20,0x32,0x34,0x20,0x32,0x34,
  0x22,0x20,0x66,0x69,0x6c,0x6c,0x3d,0x22,0x6e,0x6f,0x6e,0x65,0x22,0x20,0x73,0x74,
  0x72,0x6f,0x6b,0x65,0x3d,0x22,0x23,0x66,0x66,0x66,0x22,0x20,0x73,0x74,0x72,0x6f,
  0x6b,0x65,0x2d,0x77,0x69,0x64,0x74,0x68,0x3d,0x22,0x32,0x22,0x20,0x73,0x74,0x72,
  0x6f,0x6b,0x65,0x2d,0x6c,0x69,0x6e,0x65,0x63,0x61,0x70,0x3d,0x22,0x72,0x6f,0x75,
  0x6e,0x64,0x22,0x20,0x73,0x74,0x72,0x6f,0x6b,0x65,0x2d,0x6c,0x69,0x6e,0x65,0x6a,
  0x6f,0x69,0x6e,0x3d,0x22,0x72,0x6f,0x75,0x6e,0x64,0x22,0x20,0x63,0x6c,0x61,0x73,
  0x73,0x3d,0x22,0x66,0x65,0x61,0x74,0x68,0x65,0x72,0x20,0x66,0x65,0x61,0x74,0x68,
  0x65,0x72,0x2d,0x75,0x73,0x65,0x72,0x2d,0x70,0x6c,0x75,0x73,0x22,0x3e,0x3c,0x70,
  0x61,0x74,0x68,0x20,0x64,0x3d,0x22,0x4d,0x31,0x36,0x20,0x32,0x31,0x76,0x2d,0x32,
  0x61,0x34,0x20,0x34,0x20,0x30,0x20,0x30,0x20,0x30,0x2d,0x34,0x2d,0x34,0x48,0x35,
  0x61,0x34,0x20,0x34,0x20,0x30,0x20,0x30,0x20,0x30,0x2d,0x34,0x20,0x34,0x76,0x32,
  0x22,0x3e,0x3c,0x2f,0x70,0x61,0x74,0x68,0x3e,0x3c,0x63,0x69,0x72,0x63,0x6c,0x65,
  0x20,0x63,0x78,0x3d,0x22,0x38,0x2e,0x35,0x22,0x20,0x63,0x79,0x3d,0x22,0x37,0x22,
  0x20,0x72,0x3d,0x22,0x34,0x22,0x3e,0x3c,0x2f,0x63,0x69,0x72,0x63,0x6c,0x65,0x3e,
  0x3c,0x6c,0x69,0x6e,0x65,0x20,0x78,0x31,0x3d,0x22,0x32,0x30,0x22,0x20,0x79,0x31,
  0x3d,0x22,0x38,0x22,0x20,0x78,0x32,0x3d,0x22,0x32,0x30,0x22,0x20,0x79,0x32,0x3d,
  0x22,0x31,0x34,0x22,0x3e,0x3c,0x2f,0x6c,0x69,0x6e,0x65,0x3e,0x3c,0x6c,0x69,0x6e,
  0x65,0x20,0x78,0x31,0x3d,0x22,0x32,0x33,0x22,0x20,0x79,0x31,0x3d,0x22,0x31,0x31,
  0x22,0x20,0x78,0x32,0x3d,0x22,0x31,0x37,0x22,0x20,0x79,0x32,0x3d,0x22,0x31,0x31,
  0x22,0x3e,0x3c,0x2f,0x6c,0x69,0x6e,0x65,0x3e,0x3c,0x2f,0x73,0x76,0x67,0x3e,
    // move.svg
  0x0,0x0,0x1,0xde,
  0x3c,
  0x73,0x76,0x67,0x20,0x78,0x6d,0x6c,0x6e,0x73,0x3d,0x22,0x68,0x74,0x74,0x70,0x3a,
  0x2f,0x2f,0x77,0x77,0x77,0x2e,0x77,0x33,0x2e,0x6f,0x72,0x67,0x2f,0x32,0x30,0x30,
  0x30,0x2f,0x73,0x76,0x67,0x22,0x20,0x77,0x69,0x64,0x74,0x68,0x3d,0x22,0x32,0x34,
  0x22,0x20,0x68,0x65,0x69,0x67,0x68,0x74,0x3d,0x22,0x32,0x34,0x22,0x20,0x76,0x69,
  0x65,0x77,0x42,0x6f,0x78,0x3d,0x22,0x30,0x20,0x30,0x20,0x32,0x34,0x20,0x32,0x34,
  0x22,0x20,0x66,0x69,0x6c,0x6c,0x3d,0x22,0x6e,0x6f,0x6e,0x65,0x22,0x20,0x73,0x74,
  0x72,0x6f,0x6b,0x65,0x3d,0x22,0x23,0x66,0x66,0x66,0x22,0x20,0x73,0x74,0x72,0x6f,
  0x6b,0x65,0x2d,0x77,0x69,0x64,0x74,0x68,0x3d,0x22,0x32,0x22,0x20,0x73,0x74,0x72,
  0x6f,0x6b,0x65,0x2d,0x6c,0x69,0x6e,0x65,0x63,0x61,0x70,0x3d,0x22,0x72,0x6f,0x75,
  0x6e,0x64,0x22,0x20,0x73,0x74,0x72,0x6f,0x6b,0x65,0x2d,0x6c,0x69,0x6e,0x65,0x6a,
  0x6f,0x69,0x6e,0x3d,0x22,0x72,0x6f,0x75,0x6e,0x64,0x22,0x20,0x63,0x6c,0x61,0x73,
  0x73,0x3d,0x22,0x66,0x65,0x61,0x74,0x68,0x65,0x72,0x20,0x66,0x65,0x61,0x74,0x68,
  0x65,0x72,0x2d,0x6d,0x6f,0x76,0x65,0x22,0x3e,0x3c,0x70,0x6f,0x6c,0x79,0x6c,0x69,
  0x6e,0x65,0x20,0x70,0x6f,0x69,0x6e,0x74,0x73,0x3d,0x22,0x35,0x20,0x39,0x20,0x32,
  0x20,0x31,0x32,0x20,0x35,0x20,0x31,0x35,0x22,0x3e,0x3c,0x2f,0x70,0x6f,0x6c,0x79,
  0x6c,0x69,0x6e,0x65,0x3e,0x3c,0x70,0x6f,0x6c,0x79,0x6c,0x69,0x6e,0x65,0x20,0x70,
  0x6f,0x69,0x6e,0x74,0x73,0x3d,0x22,0x39,0x20,0x35,0x20,0x31,0x32,0x20,0x32,0x20,
  0x31,0x35,0x20,0x35,0x22,0x3e,0x3c,0x2f,0x70,0x6f,0x6c,0x79,0x6c,0x69,0x6e,0x65,
  0x3e,0x3c,0x70,0x6f,0x6c,0x79,0x6c,0x69,0x6e,0x65,0x20,0x70,0x6f,0x69,0x6e,0x74,
  0x73,0x3d,0x22,0x31,0x35,0x20,0x31,0x39,0x20,0x31,0x32,0x20,0x32,0x32,0x20,0x39,
  0x20,0x31,0x39,0x22,0x3e,0x3c,0x2f,0x70,0x6f,0x6c,0x79,0x6c,0x69,0x6e,0x65,0x3e,
  0x3c,0x70,0x6f,0x6c,0x79,0x6c,0x69,0x6e,0x65,0x20,0x70,0x6f,0x69,0x6e,0x74,0x73,
  0x3d,0x22,0x31,0x39,0x20,0x39,0x20,0x32,0x32,0x20,0x31,0x32,0x20,0x31,0x39,0x20,
  0x31,0x35,0x22,0x3e,0x3c,0x2f,0x70,0x6f,0x6c,0x79,0x6c,0x69,0x6e,0x65,0x3e,0x3c,
  0x6c,0x69,0x6e,0x65,0x20,0x78,0x31,0x3d,0x22,0x32,0x22,0x20,0x79,0x31,0x3d,0x22,
  0x31,0x32,0x22,0x20,0x78,0x32,0x3d,0x22,0x32,0x32,0x22,0x20,0x79,0x32,0x3d,0x22,
  0x31,0x32,0x22,0x3e,0x3c,0x2f,0x6c,0x69,0x6e,0x65,0x3e,0x3c,0x6c,0x69,0x6e,0x65,
  0x20,0x78,0x31,0x3d,0x22,0x31,0x32,0x22,0x20,0x79,0x31,0x3d,0x22,0x32,0x22,0x20,
  0x78,0x32,0x3d,0x22,0x31,0x32,0x22,0x20,0x79,0x32,0x3d,0x22,0x32,0x32,0x22,0x3e,
  0x3c,0x2f,0x6c,0x69,0x6e,0x65,0x3e,0x3c,0x2f,0x73,0x76,0x67,0x3e,
    // bar-chart.svg
  0x0,0x0,0x1,0x59,
  0x3c,
  0x73,0x76,0x67,0x20,0x78,0x6d,0x6c,0x6e,0x73,0x3d,0x22,0x68,0x74,0x74,0x70,0x3a,
  0x2f,0x2f,0x77,0x77,0x77,0x2e,0x77,0x33,0x2e,0x6f,0x72,0x67,0x2f,0x32,0x30,0x30,
  0x30,0x2f,0x73,0x76,0x67,0x22,0x20,0x77,0x69,0x64,0x74,0x68,0x3d,0x22,0x32,0x34,
  0x22,0x20,0x68,0x65,0x69,0x67,0x68,0x74,0x3d,0x22,0x32,0x34,0x22,0x20,0x76,0x69,
  0x65,0x77,0x42,0x6f,0x78,0x3d,0x22,0x30,0x20,0x30,0x20,0x32,0x34,0x20,0x32,0x34,
  0x22,0x20,0x66,0x69,0x6c,0x6c,0x3d,0x22,0x6e,0x6f,0x6e,0x65,0x22,0x20,0x73,0x74,
  0x72,0x6f,0x6b,0x65,0x3d,0x22,0x23,0x66,0x66,0x66,0x22,0x20,0x73,0x74,0x72,0x6f,
  0x6b,0x65,0x2d,0x77,0x69,0x64,0x74,0x68,0x3d,0x22,0x32,0x22,0x20,0x73,0x74,0x72,
  0x6f,0x6b,0x65,0x2d,0x6c,0x69,0x6e,0x65,0x63,0x61,0x70,0x3d,0x22,0x72,0x6f,0x75,
  0x6e,0x64,0x22,0x20,0x73,0x74,0x72,0x6f,0x6b,0x65,0x2d,0x6c,0x69,0x6e,0x65,0x6a,
  0x6f,0x69,0x6e,0x3d,0x22,0x72,0x6f,0x75,0x6e,0x64,0x22,0x20,0x63,0x6c,0x61,0x73,
  0x73,0x3d,0x22,0x66,0x65,0x61,0x74,0x68,0x65,0x72,0x20,0x66,0x65,0x61,0x74,0x68,
  0x65,0x72,0x2d,0x62,0x61,0x72,0x2d,0x63,0x68,0x61,0x72,0x74,0x22,0x3e,0x3c,0x6c,
  0x69,0x6e,0x65,0x20,0x78,0x31,0x3d,0x22,0x31,0x32,0x22,0x20,0x79,0x31,0x3d,0x22,
  0x32,0x30,0x22,0x20,0x78,0x32,0x3d,0x22,0x31,0x32,0x22,0x20,0x79,0x32,0x3d,0x22,
  0x31,0x30,0x22,0x3e,0x3c,0x2f,0x6c,0x69,0x6e,0x65,0x3e,0x3c,0x6c,0x69,0x6e,0x65,
  0x20,0x78,0x31,0x3d,0x22,0x31,0x38,0x22,0x20,0x79,0x31,0x3d,0x22,0x32,0x30,0x22,
  0x20,0x78,0x32,0x3d,0x22,0x31,0x38,0x22,0x20,0x79,0x32,0x3d,0x22,0x34,0x22,0x3e,
  0x3c,0x2f,0x6c,0x69,0x6e,0x65,0x3e,0x3c,0x6c,0x69,0x6e,0x65,0x20,0x78,0x31,0x3d,
  0x22,0x36,0x22,0x20,0x79,0x31,0x3d,0x22,0x32,0x30,0x22,0x20,0x78,0x32,0x3d,0x22,
  0x36,0x22,0x20,0x79,0x32,0x3d,0x22,0x31,0x36,0x22,0x3e,0x3c,0x2f,0x6c,0x69,0x6e,
  0x65,0x3e,0x3c,0x2f,0x73,0x76,0x67,0x3e,
    // shuffle.svg
  0x0,0x0,0x1,0xb1,
  0x3c,
  0x73,0x76,0x67,0x20,0x78,0x6d,0x6c,0x6e,0x73,0x3d,0x22,0x68,0x74,0x74,0x70,0x3a,
  0x2f,0x2f,0x77,0x77,0x77,0x2e,0x77,0x33,0x2e,0x6f,0x72,0x67,0x2f,0x32,0x30,0x30,
  0x30,0x2f,0x73,0x76,0x67,0x22,0x20,0x77,0x69,0x64,0x74,0x68,0x3d,0x22,0x32,0x34,
  0x22,0x20,0x68,0x65,0x69,0x67,0x68,0x74,0x3d,0x22,0x32,0x34,0x22,0x20,0x76,0x69,
  0x65,0x77,0x42,0x6f,0x78,0x3d,0x22,0x30,0x20,0x30,0x20,0x32,0x34,0x20,0x32,0x34,
  0x22,0x20,0x66,0x69,0x6c,0x6c,0x3d,0x22,0x6e,0x6f,0x6e,0x65,0x22,0x20,0x73,0x74,
  0x72,0x6f,0x6b,0x65,0x3d,0x22,0x23,0x66,0x66,0x66,0x22,0x20,0x73,0x74,0x72,0x6f,
  0x6b,0x65,0x2d,0x77,0x69,0x64,0x74,0x68,0x3d,0x22,0x32,0x22,0x20,0x73,0x74,0x72,
  0x6f,0x6b,0x65,0x2d,0x6c,0x69,0x6e,0x65,0x63,0x61,0x70,0x3d,0x22,0x72,0x6f,0x75,
  0x6e,0x64,0x22,0x20,0x73,0x74,0x72,0x6f,0x6b,0x65,0x2d,0x6c,0x69,0x6e,0x65,0x6a,
  0x6f,0x69,0x6e,0x3d,0x22,0x72,0x6f,0x75,0x6e,0x64,0x22,0x20,0x63,0x6c,0x61,0x73,
  0x73,0x3d,0x22,0x66,0x65,0x61,0x74,0x68,0x65,0x72,0x20,0x66,0x65,0x61,0x74,0x68,
  0x65,0x72,0x2d,0x73,0x68,0x75,0x66,0x66,0x6c,0x65,0x22,0x3e,0x3c,0x70,0x6f,0x6c,
  0x79,0x6c,0x69,0x6e,0x65,0x20,0x70,0x6f,0x69,0x6e,0x74,0x73,0x3d,0x22,0x31,0x36,
  0x20,0x33,0x20,0x32,0x31,0x20,0x33,0x20,0x32,0x31,0x20,0x38,0x22,0x3e,0x3c,0x2f,
  0x70,0x6f,0x6c,0x79,0x6c,0x69,0x6e,0x65,0x3e,0x3c,0x6c,0x69,0x6e,0x65,0x20,0x78,
  0x31,0x3d,0x22,0x34,0x22,0x20,0x79,0x31,0x3d,0x22,0x32,0x30,0x22,0x20,0x78,0x32,
  0x3d,0x22,0x32,0x31,0x22,0x20,0x79,0x32,0x3d,0x22,0x33,0x22,0x3e,0x3c,0x2f,0x6c,
  0x69,0x6e,0x65,0x3e,0x3c,0x70,0x6f,0x6c,0x79,0x6c,0x69,0x6e,0x65,0x20,0x70,0x6f,
  0x69,0x6e,0x74,0x73,0x3d,0x22,0x32,0x31,0x20,0x31,0x36,0x20,0x32,0x31,0x20,0x32,
  0x31,0x20,0x31,0x36,0x20,0x32,0x31,0x22,0x3e,0x3c,0x2f,0x70,0x6f,0x6c,0x79,0x6c,
  0x69,0x6e,0x65,0x3e,0x3c,0x6c,0x69,0x6e,0x65,0x20,0x78,0x31,0x3d,0x22,0x31,0x35,
  0x22,0x20,0x79,0x31,0x3d,0x22,0x31,0x35,0x22,0x20,0x78,0x32,0x3d,0x22,0x32,0x31,
  0x22,0x20,0x79,0x32,0x3d,0x22,0x32,0x31,0x22,0x3e,0x3c,0x2f,0x6c,0x69,0x6e,0x65,
  0x3e,0x3c,0x6c,0x69,0x6e,0x65,0x20,0x78,0x31,0x3d,0x22,0x34,0x22,0x20,0x79,0x31,
  0x3d,0x22,0x34,0x22,0x20,0x78,0x32,0x3d,0x22,0x39,0x22,0x20,0x79,0x32,0x3d,0x22,
  0x39,0x22,0x3e,0x3c,0x2f,0x6c,0x69,0x6e,0x65,0x3e,0x3c,0x2f,0x73,0x76,0x67,0x3e,
  
    // cloud-rain.svg
  0x0,0x0,0x1,0x9d,
  0x3c,
  0x73,0x76,0x67,0x20,0x78,0x6d,0x6c,0x6e,0x73,0x3d,0x22,0x68,0x74,0x74,0x70,0x3a,
  0x2f,0x2f,0x77,0x77,0x77,0x2e,0x77,0x33,0x2e,0x6f,0x72,0x67,0x2f,0x32,0x30,0x30,
  0x30,0x2f,0x73,0x76,0x67,0x22,0x20,0x77,0x69,0x64,0x74,0x68,0x3d,0x22,0x32,0x34,
  0x22,0x20,0x68,0x65,0x69,0x67,0x68,0x74,0x3d,0x22,0x32,0x34,0x22,0x20,0x76,0x69,
  0x65,0x77,0x42,0x6f,0x78,0x3d,0x22,0x30,0x20,0x30,0x20,0x32,0x34,0x20,0x32,0x34,
  0x22,0x20,0x66,0x69,0x6c,0x6c,0x3d,0x22,0x6e,0x6f,0x6e,0x65,0x22,0x20,0x73,0x74,
  0x72,0x6f,0x6b,0x65,0x3d,0x22,0x23,0x66,0x66,0x66,0x22,0x20,0x73,0x74,0x72,0x6f,
  0x6b,0x65,0x2d,0x77,0x69,0x64,0x74,0x68,0x3d,0x22,0x32,0x22,0x20,0x73,0x74,0x72,
  0x6f,0x6b,0x65,0x2d,0x6c,0x69,0x6e,0x65,0x63,0x61,0x70,0x3d,0x22,0x72,0x6f,0x75,
  0x6e,0x64,0x22,0x20,0x73,0x74,0x72,0x6f,0x6b,0x65,0x2d,0x6c,0x69,0x6e,0x65,0x6a,
  0x6f,0x69,0x6e,0x3d,0x22,0x72,0x6f,0x75,0x6e,0x64,0x22,0x20,0x63,0x6c,0x61,0x73,
  0x73,0x3d,0x22,0x66,0x65,0x61,0x74,0x68,0x65,0x72,0x20,0x66,0x65,0x61,0x74,0x68,
  0x65,0x72,0x2d,0x63,0x6c,0x6f,0x75,0x64,0x2d,0x72,0x61,0x69,0x6e,0x22,0x3e,0x3c,
  0x6c,0x69,0x6e,0x65,0x20,0x78,0x31,0x3d,0x22,0x31,0x36,0x22,0x20,0x79,0x31,0x3d,
  0x22,0x31,0x33,0x22,0x20,0x78,0x32,0x3d,0x22,0x31,0x36,0x22,0x20,0x79,0x32,0x3d,
  0x22,0x32,0x31,0x22,0x3e,0x3c,0x2f,0x6c,0x69,0x6e,0x65,0x3e,0x3c,0x6c,0x69,0x6e,
  0x65,0x20,0x78,0x31,0x3d,0x22,0x38,0x22,0x20,0x79,0x31,0x3d,0x22,0x31,0x33,0x22,
  0x20,0x78,0x32,0x3d,0x22,0x38,0x22,0x20,0x79,0x32,0x3d,0x22,0x32,0x31,0x22,0x3e,
  0x3c,0x2f,0x6c,0x69,0x6e,0x65,0x3e,0x3c,0x6c,0x69,0x6e,0x65,0x20,0x78,0x31,0x3d,
  0x22,0x31,0x32,0x22,0x20,0x79,0x31,0x3d,0x22,0x31,0x35,0x22,0x20,0x78,0x32,0x3d,
  0x22,0x31,0x32,0x22,0x20,0x79,0x32,0x3d,0x22,0x32,0x33,0x22,0x3e,0x3c,0x2f,0x6c,
  0x69,0x6e,0x65,0x3e,0x3c,0x70,0x61,0x74,0x68,0x20,0x64,0x3d,0x22,0x4d,0x32,0x30,
  0x20,0x31,0x36,0x2e,0x35,0x38,0x41,0x35,0x20,0x35,0x20,0x30,0x20,0x30,0x20,0x30,
  0x20,0x31,0x38,0x20,0x37,0x68,0x2d,0x31,0x2e,0x32,0x36,0x41,0x38,0x20,0x38,0x20,
  0x30,0x20,0x31,0x20,0x30,0x20,0x34,0x20,0x31,0x35,0x2e,0x32,0x35,0x22,0x3e,0x3c,
  0x2f,0x70,0x61,0x74,0x68,0x3e,0x3c,0x2f,0x73,0x76,0x67,0x3e,
    // tool.svg
  0x0,0x0,0x1,0x7a,
  0x3c,
  0x73,0x76,0x67,0x20,0x78,0x6d,0x6c,0x6e,0x73,0x3d,0x22,0x68,0x74,0x74,0x70,0x3a,
  0x2f,0x2f,0x77,0x77,0x77,0x2e,0x77,0x33,0x2e,0x6f,0x72,0x67,0x2f,0x32,0x30,0x30,
  0x30,0x2f,0x73,0x76,0x67,0x22,0x20,0x77,0x69,0x64,0x74,0x68,0x3d,0x22,0x32,0x34,
  0x22,0x20,0x68,0x65,0x69,0x67,0x68,0x74,0x3d,0x22,0x32,0x34,0x22,0x20,0x76,0x69,
  0x65,0x77,0x42,0x6f,0x78,0x3d,0x22,0x30,0x20,0x30,0x20,0x32,0x34,0x20,0x32,0x34,
  0x22,0x20,0x66,0x69,0x6c,0x6c,0x3d,0x22,0x6e,0x6f,0x6e,0x65,0x22,0x20,0x73,0x74,
  0x72,0x6f,0x6b,0x65,0x3d,0x22,0x23,0x66,0x66,0x66,0x22,0x20,0x73,0x74,0x72,0x6f,
  0x6b,0x65,0x2d,0x77,0x69,0x64,0x74,0x68,0x3d,0x22,0x32,0x22,0x20,0x73,0x74,0x72,
  0x6f,0x6b,0x65,0x2d,0x6c,0x69,0x6e,0x65,0x63,0x61,0x70,0x3d,0x22,0x72,0x6f,0x75,
  0x6e,0x64,0x22,0x20,0x73,0x74,0x72,0x6f,0x6b,0x65,0x2d,0x6c,0x69,0x6e,0x65,0x6a,
  0x6f,0x69,0x6e,0x3d,0x22,0x72,0x6f,0x75,0x6e,0x64,0x22,0x20,0x63,0x6c,0x61,0x73,
  0x73,0x3d,0x22,0x66,0x65,0x61,0x74,0x68,0x65,0x72,0x20,0x66,0x65,0x61,0x74,0x68,
  0x65,0x72,0x2d,0x74,0x6f,0x6f,0x6c,0x22,0x3e,0x3c,0x70,0x61,0x74,0x68,0x20,0x64,
  0x3d,0x22,0x4d,0x31,0x34,0x2e,0x37,0x20,0x36,0x2e,0x33,0x61,0x31,0x20,0x31,0x20,
  0x30,0x20,0x30,0x20,0x30,0x20,0x30,0x20,0x31,0x2e,0x34,0x6c,0x31,0x2e,0x36,0x20,
  0x31,0x2e,0x36,0x61,0x31,0x20,0x31,0x20,0x30,0x20,0x30,0x20,0x30,0x20,0x31,0x2e,
  0x34,0x20,0x30,0x6c,0x33,0x2e,0x37,0x37,0x2d,0x33,0x2e,0x37,0x37,0x61,0x36,0x20,
  0x36,0x20,0x30,0x20,0x30,0x20,0x31,0x2d,0x37,0x2e,0x39,0x34,0x20,0x37,0x2e,0x39,
  0x34,0x6c,0x2d,0x36,0x2e,0x39,0x31,0x20,0x36,0x2e,0x39,0x31,0x61,0x32,0x2e,0x31,
  0x32,0x20,0x32,0x2e,0x31,0x32,0x20,0x30,0x20,0x30,0x20,0x31,0x2d,0x33,0x2d,0x33,
  0x6c,0x36,0x2e,0x39,0x31,0x2d,0x36,0x2e,0x39,0x31,0x61,0x36,0x20,0x36,0x20,0x30,
  0x20,0x30,0x20,0x31,0x20,0x37,0x2e,0x39,0x34,0x2d,0x37,0x2e,0x39,0x34,0x6c,0x2d,
  0x33,0x2e,0x37,0x36,0x20,0x33,0x2e,0x37,0x36,0x7a,0x22,0x3e,0x3c,0x2f,0x70,0x61,
  0x74,0x68,0x3e,0x3c,0x2f,0x73,0x76,0x67,0x3e,
    // globe.svg
  0x0,0x0,0x1,0x91,
  0x3c,
  0x73,0x76,0x67,0x20,0x78,0x6d,0x6c,0x6e,0x73,0x3d,0x22,0x68,0x74,0x74,0x70,0x3a,
  0x2f,0x2f,0x77,0x77,0x77,0x2e,0x77,0x33,0x2e,0x6f,0x72,0x67,0x2f,0x32,0x30,0x30,
  0x30,0x2f,0x73,0x76,0x67,0x22,0x20,0x77,0x69,0x64,0x74,0x68,0x3d,0x22,0x32,0x34,
  0x22,0x20,0x68,0x65,0x69,0x67,0x68,0x74,0x3d,0x22,0x32,0x34,0x22,0x20,0x76,0x69,
  0x65,0x77,0x42,0x6f,0x78,0x3d,0x22,0x30,0x20,0x30,0x20,0x32,0x34,0x20,0x32,0x34,
  0x22,0x20,0x66,0x69,0x6c,0x6c,0x3d,0x22,0x6e,0x6f,0x6e,0x65,0x22,0x20,0x73,0x74,
  0x72,0x6f,0x6b,0x65,0x3d,0x22,0x23,0x66,0x66,0x66,0x22,0x20,0x73,0x74,0x72,0x6f,
  0x6b,0x65,0x2d,0x77,0x69,0x64,0x74,0x68,0x3d,0x22,0x32,0x22,0x20,0x73,0x74,0x72,
  0x6f,0x6b,0x65,0x2d,0x6c,0x69,0x6e,0x65,0x63,0x61,0x70,0x3d,0x22,0x72,0x6f,0x75,
  0x6e,0x64,0x22,0x20,0x73,0x74,0x72,0x6f,0x6b,0x65,0x2d,0x6c,0x69,0x6e,0x65,0x6a,
  0x6f,0x69,0x6e,0x3d,0x22,0x72,0x6f,0x75,0x6e,0x64,0x22,0x20,0x63,0x6c,0x61,0x73,
  0x73,0x3d,0x22,0x66,0x65,0x61,0x74,0x68,0x65,0x72,0x20,0x66,0x65,0x61,0x74,0x68,
  0x65,0x72,0x2d,0x67,0x6c,0x6f,0x62,0x65,0x22,0x3e,0x3c,0x63,0x69,0x72,0x63,0x6c,
  0x65,0x20,0x63,0x78,0x3d,0x22,0x31,0x32,0x22,0x20,0x63,0x79,0x3d,0x22,0x31,0x32,
  0x22,0x20,0x72,0x3d,0x22,0x31,0x30,0x22,0x3e,0x3c,0x2f,0x63,0x69,0x72,0x63,0x6c,
  0x65,0x3e,0x3c,0x6c,0x69,0x6e,0x65,0x20,0x78,0x31,0x3d,0x22,0x32,0x22,0x20,0x79,
  0x31,0x3d,0x22,0x31,0x32,0x22,0x20,0x78,0x32,0x3d,0x22,0x32,0x32,0x22,0x20,0x79,
  0x32,0x3d,0x22,0x31,0x32,0x22,0x3e,0x3c,0x2f,0x6c,0x69,0x6e,0x65,0x3e,0x3c,0x70,
  0x61,0x74,0x68,0x20,0x64,0x3d,0x22,0x4d,0x31,0x32,0x20,0x32,0x61,0x31,0x35,0x2e,
  0x33,0x20,0x31,0x35,0x2e,0x33,0x20,0x30,0x20,0x30,0x20,0x31,0x20,0x34,0x20,0x31,
  0x30,0x20,0x31,0x35,0x2e,0x33,0x20,0x31,0x35,0x2e,0x33,0x20,0x30,0x20,0x30,0x20,
  0x31,0x2d,0x34,0x20,0x31,0x30,0x20,0x31,0x35,0x2e,0x33,0x20,0x31,0x35,0x2e,0x33,
  0x20,0x30,0x20,0x30,0x20,0x31,0x2d,0x34,0x2d,0x31,0x30,0x20,0x31,0x35,0x2e,0x33,
  0x20,0x31,0x35,0x2e,0x33,0x20,0x30,0x20,0x30,0x20,0x31,0x20,0x34,0x2d,0x31,0x30,
  0x7a,0x22,0x3e,0x3c,0x2f,0x70,0x61,0x74,0x68,0x3e,0x3c,0x2f,0x73,0x76,0x67,0x3e,
  
    // umbrella.svg
  0x0,0x0,0x1,0x1a,
  0x3c,
  0x73,0x76,0x67,0x20,0x78,0x6d,0x6c,0x6e,0x73,0x3d,0x22,0x68,0x74,0x74,0x70,0x3a,
  0x2f,0x2f,0x77,0x77,0x77,0x2e,0x77,0x33,0x2e,0x6f,0x72,0x67,0x2f,0x32,0x30,0x30,
  0x30,0x2f,0x73,0x76,0x67,0x22,0x20,0x77,0x69,0x64,0x74,0x68,0x3d,0x22,0x32,0x34,
  0x22,0x20,0x68,0x65,0x69,0x67,0x68,0x74,0x3d,0x22,0x32,0x34,0x22,0x20,0x76,0x69,
  0x65,0x77,0x42,0x6f,0x78,0x3d,0x22,0x30,0x20,0x30,0x20,0x32,0x34,0x20,0x32,0x34,
  0x22,0x20,0x66,0x69,0x6c,0x6c,0x3d,0x22,0x6e,0x6f,0x6e,0x65,0x22,0x20,0x73,0x74,
  0x72,0x6f,0x6b,0x65,0x3d,0x22,0x23,0x66,0x66,0x66,0x22,0x20,0x73,0x74,0x72,0x6f,
  0x6b,0x65,0x2d,0x77,0x69,0x64,0x74,0x68,0x3d,0x22,0x32,0x22,0x20,0x73,0x74,0x72,
  0x6f,0x6b,0x65,0x2d,0x6c,0x69,0x6e,0x65,0x63,0x61,0x70,0x3d,0x22,0x72,0x6f,0x75,
  0x6e,0x64,0x22,0x20,0x73,0x74,0x72,0x6f,0x6b,0x65,0x2d,0x6c,0x69,0x6e,0x65,0x6a,
  0x6f,0x69,0x6e,0x3d,0x22,0x72,0x6f,0x75,0x6e,0x64,0x22,0x20,0x63,0x6c,0x61,0x73,
  0x73,0x3d,0x22,0x66,0x65,0x61,0x74,0x68,0x65,0x72,0x20,0x66,0x65,0x61,0x74,0x68,
  0x65,0x72,0x2d,0x75,0x6d,0x62,0x72,0x65,0x6c,0x6c,0x61,0x22,0x3e,0x3c,0x70,0x61,
  0x74,0x68,0x20,0x64,0x3d,0x22,0x4d,0x32,0x33,0x20,0x31,0x32,0x61,0x31,0x31,0x2e,
  0x30,0x35,0x20,0x31,0x31,0x2e,0x30,0x35,0x20,0x30,0x20,0x30,0x20,0x30,0x2d,0x32,
  0x32,0x20,0x30,0x7a,0x6d,0x2d,0x35,0x20,0x37,0x61,0x33,0x20,0x33,0x20,0x30,0x20,
  0x30,0x20,0x31,0x2d,0x36,0x20,0x30,0x76,0x2d,0x37,0x22,0x3e,0x3c,0x2f,0x70,0x61,
  0x74,0x68,0x3e,0x3c,0x2f,0x73,0x76,0x67,0x3e,
    // arrow-up-right.svg
  0x0,0x0,0x1,0x32,
  0x3c,
  0x73,0x76,0x67,0x20,0x78,0x6d,0x6c,0x6e,0x73,0x3d,0x22,0x68,0x74,0x74,0x70,0x3a,
  0x2f,0x2f,0x77,0x77,0x77,0x2e,0x77,0x33,0x2e,0x6f,0x72,0x67,0x2f,0x32,0x30,0x30,
  0x30,0x2f,0x73,0x76,0x67,0x22,0x20,0x77,0x69,0x64,0x74,0x68,0x3d,0x22,0x32,0x34,
  0x22,0x20,0x68,0x65,0x69,0x67,0x68,0x74,0x3d,0x22,0x32,0x34,0x22,0x20,0x76,0x69,
  0x65,0x77,0x42,0x6f,0x78,0x3d,0x22,0x30,0x20,0x30,0x20,0x32,0x34,0x20,0x32,0x34,
  0x22,0x20,0x66,0x69,0x6c,0x6c,0x3d,0x22,0x6e,0x6f,0x6e,0x65,0x22,0x20,0x73,0x74,
  0x72,0x6f,0x6b,0x65,0x3d,0x22,0x23,0x66,0x66,0x66,0x22,0x20,0x73,0x74,0x72,0x6f,
  0x6b,0x65,0x2d,0x77,0x69,0x64,0x74,0x68,0x3d,0x22,0x32,0x22,0x20,0x73,0x74,0x72,
  0x6f,0x6b,0x65,0x2d,0x6c,0x69,0x6e,0x65,0x63,0x61,0x70,0x3d,0x22,0x72,0x6f,0x75,
  0x6e,0x64,0x22,0x20,0x73,0x74,0x72,0x6f,0x6b,0x65,0x2d,0x6c,0x69,0x6e,0x65,0x6a,
  0x6f,0x69,0x6e,0x3d,0x22,0x72,0x6f,0x75,0x6e,0x64,0x22,0x20,0x63,0x6c,0x61,0x73,
  0x73,0x3d,0x22,0x66,0x65,0x61,0x74,0x68,0x65,0x72,0x20,0x66,0x65,0x61,0x74,0x68,
  0x65,0x72,0x2d,0x61,0x72,0x72,0x6f,0x77,0x2d,0x75,0x70,0x2d,0x72,0x69,0x67,0x68,
  0x74,0x22,0x3e,0x3c,0x6c,0x69,0x6e,0x65,0x20,0x78,0x31,0x3d,0x22,0x37,0x22,0x20,
  0x79,0x31,0x3d,0x22,0x31,0x37,0x22,0x20,0x78,0x32,0x3d,0x22,0x31,0x37,0x22,0x20,
  0x79,0x32,0x3d,0x22,0x37,0x22,0x3e,0x3c,0x2f,0x6c,0x69,0x6e,0x65,0x3e,0x3c,0x70,
  0x6f,0x6c,0x79,0x6c,0x69,0x6e,0x65,0x20,0x70,0x6f,0x69,0x6e,0x74,0x73,0x3d,0x22,
  0x37,0x20,0x37,0x20,0x31,0x37,0x20,0x37,0x20,0x31,0x37,0x20,0x31,0x37,0x22,0x3e,
  0x3c,0x2f,0x70,0x6f,0x6c,0x79,0x6c,0x69,0x6e,0x65,0x3e,0x3c,0x2f,0x73,0x76,0x67,
  0x3e,
    // mail.svg
  0x0,0x0,0x1,0x5a,
  0x3c,
  0x73,0x76,0x67,0x20,0x78,0x6d,0x6c,0x6e,0x73,0x3d,0x22,0x68,0x74,0x74,0x70,0x3a,
  0x2f,0x2f,0x77,0x77,0x77,0x2e,0x77,0x33,0x2e,0x6f,0x72,0x67,0x2f,0x32,0x30,0x30,
  0x30,0x2f,0x73,0x76,0x67,0x22,0x20,0x77,0x69,0x64,0x74,0x68,0x3d,0x22,0x32,0x34,
  0x22,0x20,0x68,0x65,0x69,0x67,0x68,0x74,0x3d,0x22,0x32,0x34,0x22,0x20,0x76,0x69,
  0x65,0x77,0x42,0x6f,0x78,0x3d,0x22,0x30,0x20,0x30,0x20,0x32,0x34,0x20,0x32,0x34,
  0x22,0x20,0x66,0x69,0x6c,0x6c,0x3d,0x22,0x6e,0x6f,0x6e,0x65,0x22,0x20,0x73,0x74,
  0x72,0x6f,0x6b,0x65,0x3d,0x22,0x23,0x66,0x66,0x66,0x22,0x20,0x73,0x74,0x72,0x6f,
  0x6b,0x65,0x2d,0x77,0x69,0x64,0x74,0x68,0x3d,0x22,0x32,0x22,0x20,0x73,0x74,0x72,
  0x6f,0x6b,0x65,0x2d,0x6c,0x69,0x6e,0x65,0x63,0x61,0x70,0x3d,0x22,0x72,0x6f,0x75,
  0x6e,0x64,0x22,0x20,0x73,0x74,0x72,0x6f,0x6b,0x65,0x2d,0x6c,0x69,0x6e,0x65,0x6a,
  0x6f,0x69,0x6e,0x3d,0x22,0x72,0x6f,0x75,0x6e,0x64,0x22,0x20,0x63,0x6c,0x61,0x73,
  0x73,0x3d,0x22,0x66,0x65,0x61,0x74,0x68,0x65,0x72,0x20,0x66,0x65,0x61,0x74,0x68,
  0x65,0x72,0x2d,0x6d,0x61,0x69,0x6c,0x22,0x3e,0x3c,0x70,0x61,0x74,0x68,0x20,0x64,
  0x3d,0x22,0x4d,0x34,0x20,0x34,0x68,0x31,0x36,0x63,0x31,0x2e,0x31,0x20,0x30,0x20,
  0x32,0x20,0x2e,0x39,0x20,0x32,0x20,0x32,0x76,0x31,0x32,0x63,0x30,0x20,0x31,0x2e,
  0x31,0x2d,0x2e,0x39,0x20,0x32,0x2d,0x32,0x20,0x32,0x48,0x34,0x63,0x2d,0x31,0x2e,
  0x31,0x20,0x30,0x2d,0x32,0x2d,0x2e,0x39,0x2d,0x32,0x2d,0x32,0x56,0x36,0x63,0x30,
  0x2d,0x31,0x2e,0x31,0x2e,0x39,0x2d,0x32,0x20,0x32,0x2d,0x32,0x7a,0x22,0x3e,0x3c,
  0x2f,0x70,0x61,0x74,0x68,0x3e,0x3c,0x70,0x6f,0x6c,0x79,0x6c,0x69,0x6e,0x65,0x20,
  0x70,0x6f,0x69,0x6e,0x74,0x73,0x3d,0x22,0x32,0x32,0x2c,0x36,0x20,0x31,0x32,0x2c,
  0x31,0x33,0x20,0x32,0x2c,0x36,0x22,0x3e,0x3c,0x2f,0x70,0x6f,0x6c,0x79,0x6c,0x69,
  0x6e,0x65,0x3e,0x3c,0x2f,0x73,0x76,0x67,0x3e,
    // octagon.svg
  0x0,0x0,0x1,0x36,
  0x3c,
  0x73,0x76,0x67,0x20,0x78,0x6d,0x6c,0x6e,0x73,0x3d,0x22,0x68,0x74,0x74,0x70,0x3a,
  0x2f,0x2f,0x77,0x77,0x77,0x2e,0x77,0x33,0x2e,0x6f,0x72,0x67,0x2f,0x32,0x30,0x30,
  0x30,0x2f,0x73,0x76,0x67,0x22,0x20,0x77,0x69,0x64,0x74,0x68,0x3d,0x22,0x32,0x34,
  0x22,0x20,0x68,0x65,0x69,0x67,0x68,0x74,0x3d,0x22,0x32,0x34,0x22,0x20,0x76,0x69,
  0x65,0x77,0x42,0x6f,0x78,0x3d,0x22,0x30,0x20,0x30,0x20,0x32,0x34,0x20,0x32,0x34,
  0x22,0x20,0x66,0x69,0x6c,0x6c,0x3d,0x22,0x6e,0x6f,0x6e,0x65,0x22,0x20,0x73,0x74,
  0x72,0x6f,0x6b,0x65,0x3d,0x22,0x23,0x66,0x66,0x66,0x22,0x20,0x73,0x74,0x72,0x6f,
  0x6b,0x65,0x2d,0x77,0x69,0x64,0x74,0x68,0x3d,0x22,0x32,0x22,0x20,0x73,0x74,0x72,
  0x6f,0x6b,0x65,0x2d,0x6c,0x69,0x6e,0x65,0x63,0x61,0x70,0x3d,0x22,0x72,0x6f,0x75,
  0x6e,0x64,0x22,0x20,0x73,0x74,0x72,0x6f,0x6b,0x65,0x2d,0x6c,0x69,0x6e,0x65,0x6a,
  0x6f,0x69,0x6e,0x3d,0x22,0x72,0x6f,0x75,0x6e,0x64,0x22,0x20,0x63,0x6c,0x61,0x73,
  0x73,0x3d,0x22,0x66,0x65,0x61,0x74,0x68,0x65,0x72,0x20,0x66,0x65,0x61,0x74,0x68,
  0x65,0x72,0x2d,0x6f,0x63,0x74,0x61,0x67,0x6f,0x6e,0x22,0x3e,0x3c,0x70,0x6f,0x6c,
  0x79,0x67,0x6f,0x6e,0x20,0x70,0x6f,0x69,0x6e,0x74,0x73,0x3d,0x22,0x37,0x2e,0x38,
  0x36,0x20,0x32,0x20,0x31,0x36,0x2e,0x31,0x34,0x20,0x32,0x20,0x32,0x32,0x20,0x37,
  0x2e,0x38,0x36,0x20,0x32,0x32,0x20,0x31,0x36,0x2e,0x31,0x34,0x20,0x31,0x36,0x2e,
  0x31,0x34,0x20,0x32,0x32,0x20,0x37,0x2e,0x38,0x36,0x20,0x32,0x32,0x20,0x32,0x20,
  0x31,0x36,0x2e,0x31,0x34,0x20,0x32,0x20,0x37,0x2e,0x38,0x36,0x20,0x37,0x2e,0x38,
  0x36,0x20,0x32,0x22,0x3e,0x3c,0x2f,0x70,0x6f,0x6c,0x79,0x67,0x6f,0x6e,0x3e,0x3c,
  0x2f,0x73,0x76,0x67,0x3e,
    // pause-circle.svg
  0x0,0x0,0x1,0x58,
  0x3c,
  0x73,0x76,0x67,0x20,0x78,0x6d,0x6c,0x6e,0x73,0x3d,0x22,0x68,0x74,0x74,0x70,0x3a,
  0x2f,0x2f,0x77,0x77,0x77,0x2e,0x77,0x33,0x2e,0x6f,0x72,0x67,0x2f,0x32,0x30,0x30,
  0x30,0x2f,0x73,0x76,0x67,0x22,0x20,0x77,0x69,0x64,0x74,0x68,0x3d,0x22,0x32,0x34,
  0x22,0x20,0x68,0x65,0x69,0x67,0x68,0x74,0x3d,0x22,0x32,0x34,0x22,0x20,0x76,0x69,
  0x65,0x77,0x42,0x6f,0x78,0x3d,0x22,0x30,0x20,0x30,0x20,0x32,0x34,0x20,0x32,0x34,
  0x22,0x20,0x66,0x69,0x6c,0x6c,0x3d,0x22,0x6e,0x6f,0x6e,0x65,0x22,0x20,0x73,0x74,
  0x72,0x6f,0x6b,0x65,0x3d,0x22,0x23,0x66,0x66,0x66,0x22,0x20,0x73,0x74,0x72,0x6f,
  0x6b,0x65,0x2d,0x77,0x69,0x64,0x74,0x68,0x3d,0x22,0x32,0x22,0x20,0x73,0x74,0x72,
  0x6f,0x6b,0x65,0x2d,0x6c,0x69,0x6e,0x65,0x63,0x61,0x70,0x3d,0x22,0x72,0x6f,0x75,
  0x6e,0x64,0x22,0x20,0x73,0x74,0x72,0x6f,0x6b,0x65,0x2d,0x6c,0x69,0x6e,0x65,0x6a,
  0x6f,0x69,0x6e,0x3d,0x22,0x72,0x6f,0x75,0x6e,0x64,0x22,0x20,0x63,0x6c,0x61,0x73,
  0x73,0x3d,0x22,0x66,0x65,0x61,0x74,0x68,0x65,0x72,0x20,0x66,0x65,0x61,0x74,0x68,
  0x65,0x72,0x2d,0x70,0x61,0x75,0x73,0x65,0x2d,0x63,0x69,0x72,0x63,0x6c,0x65,0x22,
  0x3e,0x3c,0x63,0x69,0x72,0x63,0x6c,0x65,0x20,0x63,0x78,0x3d,0x22,0x31,0x32,0x22,
  0x20,0x63,0x79,0x3d,0x22,0x31,0x32,0x22,0x20,0x72,0x3d,0x22,0x31,0x30,0x22,0x3e,
  0x3c,0x2f,0x63,0x69,0x72,0x63,0x6c,0x65,0x3e,0x3c,0x6c,0x69,0x6e,0x65,0x20,0x78,
  0x31,0x3d,0x22,0x31,0x30,0x22,0x20,0x79,0x31,0x3d,0x22,0x31,0x35,0x22,0x20,0x78,
  0x32,0x3d,0x22,0x31,0x30,0x22,0x20,0x79,0x32,0x3d,0x22,0x39,0x22,0x3e,0x3c,0x2f,
  0x6c,0x69,0x6e,0x65,0x3e,0x3c,0x6c,0x69,0x6e,0x65,0x20,0x78,0x31,0x3d,0x22,0x31,
  0x34,0x22,0x20,0x79,0x31,0x3d,0x22,0x31,0x35,0x22,0x20,0x78,0x32,0x3d,0x22,0x31,
  0x34,0x22,0x20,0x79,0x32,0x3d,0x22,0x39,0x22,0x3e,0x3c,0x2f,0x6c,0x69,0x6e,0x65,
  0x3e,0x3c,0x2f,0x73,0x76,0x67,0x3e,
    // chevron-right.svg
  0x0,0x0,0x1,0x6,
  0x3c,
  0x73,0x76,0x67,0x20,0x78,0x6d,0x6c,0x6e,0x73,0x3d,0x22,0x68,0x74,0x74,0x70,0x3a,
  0x2f,0x2f,0x77,0x77,0x77,0x2e,0x77,0x33,0x2e,0x6f,0x72,0x67,0x2f,0x32,0x30,0x30,
  0x30,0x2f,0x73,0x76,0x67,0x22,0x20,0x77,0x69,0x64,0x74,0x68,0x3d,0x22,0x32,0x34,
  0x22,0x20,0x68,0x65,0x69,0x67,0x68,0x74,0x3d,0x22,0x32,0x34,0x22,0x20,0x76,0x69,
  0x65,0x77,0x42,0x6f,0x78,0x3d,0x22,0x30,0x20,0x30,0x20,0x32,0x34,0x20,0x32,0x34,
  0x22,0x20,0x66,0x69,0x6c,0x6c,0x3d,0x22,0x6e,0x6f,0x6e,0x65,0x22,0x20,0x73,0x74,
  0x72,0x6f,0x6b,0x65,0x3d,0x22,0x23,0x66,0x66,0x66,0x22,0x20,0x73,0x74,0x72,0x6f,
  0x6b,0x65,0x2d,0x77,0x69,0x64,0x74,0x68,0x3d,0x22,0x32,0x22,0x20,0x73,0x74,0x72,
  0x6f,0x6b,0x65,0x2d,0x6c,0x69,0x6e,0x65,0x63,0x61,0x70,0x3d,0x22,0x72,0x6f,0x75,
  0x6e,0x64,0x22,0x20,0x73,0x74,0x72,0x6f,0x6b,0x65,0x2d,0x6c,0x69,0x6e,0x65,0x6a,
  0x6f,0x69,0x6e,0x3d,0x22,0x72,0x6f,0x75,0x6e,0x64,0x22,0x20,0x63,0x6c,0x61,0x73,
  0x73,0x3d,0x22,0x66,0x65,0x61,0x74,0x68,0x65,0x72,0x20,0x66,0x65,0x61,0x74,0x68,
  0x65,0x72,0x2d,0x63,0x68,0x65,0x76,0x72,0x6f,0x6e,0x2d,0x72,0x69,0x67,0x68,0x74,
  0x22,0x3e,0x3c,0x70,0x6f,0x6c,0x79,0x6c,0x69,0x6e,0x65,0x20,0x70,0x6f,0x69,0x6e,
  0x74,0x73,0x3d,0x22,0x39,0x20,0x31,0x38,0x20,0x31,0x35,0x20,0x31,0x32,0x20,0x39,
  0x20,0x36,0x22,0x3e,0x3c,0x2f,0x70,0x6f,0x6c,0x79,0x6c,0x69,0x6e,0x65,0x3e,0x3c,
  0x2f,0x73,0x76,0x67,0x3e,
    // home.svg
  0x0,0x0,0x1,0x44,
  0x3c,
  0x73,0x76,0x67,0x20,0x78,0x6d,0x6c,0x6e,0x73,0x3d,0x22,0x68,0x74,0x74,0x70,0x3a,
  0x2f,0x2f,0x77,0x77,0x77,0x2e,0x77,0x33,0x2e,0x6f,0x72,0x67,0x2f,0x32,0x30,0x30,
  0x30,0x2f,0x73,0x76,0x67,0x22,0x20,0x77,0x69,0x64,0x74,0x68,0x3d,0x22,0x32,0x34,
  0x22,0x20,0x68,0x65,0x69,0x67,0x68,0x74,0x3d,0x22,0x32,0x34,0x22,0x20,0x76,0x69,
  0x65,0x77,0x42,0x6f,0x78,0x3d,0x22,0x30,0x20,0x30,0x20,0x32,0x34,0x20,0x32,0x34,
  0x22,0x20,0x66,0x69,0x6c,0x6c,0x3d,0x22,0x6e,0x6f,0x6e,0x65,0x22,0x20,0x73,0x74,
  0x72,0x6f,0x6b,0x65,0x3d,0x22,0x23,0x66,0x66,0x66,0x22,0x20,0x73,0x74,0x72,0x6f,
  0x6b,0x65,0x2d,0x77,0x69,0x64,0x74,0x68,0x3d,0x22,0x32,0x22,0x20,0x73,0x74,0x72,
  0x6f,0x6b,0x65,0x2d,0x6c,0x69,0x6e,0x65,0x63,0x61,0x70,0x3d,0x22,0x72,0x6f,0x75,
  0x6e,0x64,0x22,0x20,0x73,0x74,0x72,0x6f,0x6b,0x65,0x2d,0x6c,0x69,0x6e,0x65,0x6a,
  0x6f,0x69,0x6e,0x3d,0x22,0x72,0x6f,0x75,0x6e,0x64,0x22,0x20,0x63,0x6c,0x61,0x73,
  0x73,0x3d,0x22,0x66,0x65,0x61,0x74,0x68,0x65,0x72,0x20,0x66,0x65,0x61,0x74,0x68,
  0x65,0x72,0x2d,0x68,0x6f,0x6d,0x65,0x22,0x3e,0x3c,0x70,0x61,0x74,0x68,0x20,0x64,
  0x3d,0x22,0x4d,0x33,0x20,0x39,0x6c,0x39,0x2d,0x37,0x20,0x39,0x20,0x37,0x76,0x31,
  0x31,0x61,0x32,0x20,0x32,0x20,0x30,0x20,0x30,0x20,0x31,0x2d,0x32,0x20,0x32,0x48,
  0x35,0x61,0x32,0x20,0x32,0x20,0x30,0x20,0x30,0x20,0x31,0x2d,0x32,0x2d,0x32,0x7a,
  0x22,0x3e,0x3c,0x2f,0x70,0x61,0x74,0x68,0x3e,0x3c,0x70,0x6f,0x6c,0x79,0x6c,0x69,
  0x6e,0x65,0x20,0x70,0x6f,0x69,0x6e,0x74,0x73,0x3d,0x22,0x39,0x20,0x32,0x32,0x20,
  0x39,0x20,0x31,0x32,0x20,0x31,0x35,0x20,0x31,0x32,0x20,0x31,0x35,0x20,0x32,0x32,
  0x22,0x3e,0x3c,0x2f,0x70,0x6f,0x6c,0x79,0x6c,0x69,0x6e,0x65,0x3e,0x3c,0x2f,0x73,
  0x76,0x67,0x3e,
    // meh.svg
  0x0,0x0,0x1,0x7d,
  0x3c,
  0x73,0x76,0x67,0x20,0x78,0x6d,0x6c,0x6e,0x73,0x3d,0x22,0x68,0x74,0x74,0x70,0x3a,
  0x2f,0x2f,0x77,0x77,0x77,0x2e,0x77,0x33,0x2e,0x6f,0x72,0x67,0x2f,0x32,0x30,0x30,
  0x30,0x2f,0x73,0x76,0x67,0x22,0x20,0x77,0x69,0x64,0x74,0x68,0x3d,0x22,0x32,0x34,
  0x22,0x20,0x68,0x65,0x69,0x67,0x68,0x74,0x3d,0x22,0x32,0x34,0x22,0x20,0x76,0x69,
  0x65,0x77,0x42,0x6f,0x78,0x3d,0x22,0x30,0x20,0x30,0x20,0x32,0x34,0x20,0x32,0x34,
  0x22,0x20,0x66,0x69,0x6c,0x6c,0x3d,0x22,0x6e,0x6f,0x6e,0x65,0x22,0x20,0x73,0x74,
  0x72,0x6f,0x6b,0x65,0x3d,0x22,0x23,0x66,0x66,0x66,0x22,0x20,0x73,0x74,0x72,0x6f,
  0x6b,0x65,0x2d,0x77,0x69,0x64,0x74,0x68,0x3d,0x22,0x32,0x22,0x20,0x73,0x74,0x72,
  0x6f,0x6b,0x65,0x2d,0x6c,0x69,0x6e,0x65,0x63,0x61,0x70,0x3d,0x22,0x72,0x6f,0x75,
  0x6e,0x64,0x22,0x20,0x73,0x74,0x72,0x6f,0x6b,0x65,0x2d,0x6c,0x69,0x6e,0x65,0x6a,
  0x6f,0x69,0x6e,0x3d,0x22,0x72,0x6f,0x75,0x6e,0x64,0x22,0x20,0x63,0x6c,0x61,0x73,
  0x73,0x3d,0x22,0x66,0x65,0x61,0x74,0x68,0x65,0x72,0x20,0x66,0x65,0x61,0x74,0x68,
  0x65,0x72,0x2d,0x6d,0x65,0x68,0x22,0x3e,0x3c,0x63,0x69,0x72,0x63,0x6c,0x65,0x20,
  0x63,0x78,0x3d,0x22,0x31,0x32,0x22,0x20,0x63,0x79,0x3d,0x22,0x31,0x32,0x22,0x20,
  0x72,0x3d,0x22,0x31,0x30,0x22,0x3e,0x3c,0x2f,0x63,0x69,0x72,0x63,0x6c,0x65,0x3e,
  0x3c,0x6c,0x69,0x6e,0x65,0x20,0x78,0x31,0x3d,0x22,0x38,0x22,0x20,0x79,0x31,0x3d,
  0x22,0x31,0x35,0x22,0x20,0x78,0x32,0x3d,0x22,0x31,0x36,0x22,0x20,0x79,0x32,0x3d,
  0x22,0x31,0x35,0x22,0x3e,0x3c,0x2f,0x6c,0x69,0x6e,0x65,0x3e,0x3c,0x6c,0x69,0x6e,
  0x65,0x20,0x78,0x31,0x3d,0x22,0x39,0x22,0x20,0x79,0x31,0x3d,0x22,0x39,0x22,0x20,
  0x78,0x32,0x3d,0x22,0x39,0x2e,0x30,0x31,0x22,0x20,0x79,0x32,0x3d,0x22,0x39,0x22,
  0x3e,0x3c,0x2f,0x6c,0x69,0x6e,0x65,0x3e,0x3c,0x6c,0x69,0x6e,0x65,0x20,0x78,0x31,
  0x3d,0x22,0x31,0x35,0x22,0x20,0x79,0x31,0x3d,0x22,0x39,0x22,0x20,0x78,0x32,0x3d,
  0x22,0x31,0x35,0x2e,0x30,0x31,0x22,0x20,0x79,0x32,0x3d,0x22,0x39,0x22,0x3e,0x3c,
  0x2f,0x6c,0x69,0x6e,0x65,0x3e,0x3c,0x2f,0x73,0x76,0x67,0x3e,
    // book-open.svg
  0x0,0x0,0x1,0x4b,
  0x3c,
  0x73,0x76,0x67,0x20,0x78,0x6d,0x6c,0x6e,0x73,0x3d,0x22,0x68,0x74,0x74,0x70,0x3a,
  0x2f,0x2f,0x77,0x77,0x77,0x2e,0x77,0x33,0x2e,0x6f,0x72,0x67,0x2f,0x32,0x30,0x30,
  0x30,0x2f,0x73,0x76,0x67,0x22,0x20,0x77,0x69,0x64,0x74,0x68,0x3d,0x22,0x32,0x34,
  0x22,0x20,0x68,0x65,0x69,0x67,0x68,0x74,0x3d,0x22,0x32,0x34,0x22,0x20,0x76,0x69,
  0x65,0x77,0x42,0x6f,0x78,0x3d,0x22,0x30,0x20,0x30,0x20,0x32,0x34,0x20,0x32,0x34,
  0x22,0x20,0x66,0x69,0x6c,0x6c,0x3d,0x22,0x6e,0x6f,0x6e,0x65,0x22,0x20,0x73,0x74,
  0x72,0x6f,0x6b,0x65,0x3d,0x22,0x23,0x66,0x66,0x66,0x22,0x20,0x73,0x74,0x72,0x6f,
  0x6b,0x65,0x2d,0x77,0x69,0x64,0x74,0x68,0x3d,0x22,0x32,0x22,0x20,0x73,0x74,0x72,
  0x6f,0x6b,0x65,0x2d,0x6c,0x69,0x6e,0x65,0x63,0x61,0x70,0x3d,0x22,0x72,0x6f,0x75,
  0x6e,0x64,0x22,0x20,0x73,0x74,0x72,0x6f,0x6b,0x65,0x2d,0x6c,0x69,0x6e,0x65,0x6a,
  0x6f,0x69,0x6e,0x3d,0x22,0x72,0x6f,0x75,0x6e,0x64,0x22,0x20,0x63,0x6c,0x61,0x73,
  0x73,0x3d,0x22,0x66,0x65,0x61,0x74,0x68,0x65,0x72,0x20,0x66,0x65,0x61,0x74,0x68,
  0x65,0x72,0x2d,0x62,0x6f,0x6f,0x6b,0x2d,0x6f,0x70,0x65,0x6e,0x22,0x3e,0x3c,0x70,
  0x61,0x74,0x68,0x20,0x64,0x3d,0x22,0x4d,0x32,0x20,0x33,0x68,0x36,0x61,0x34,0x20,
  0x34,0x20,0x30,0x20,0x30,0x20,0x31,0x20,0x34,0x20,0x34,0x76,0x31,0x34,0x61,0x33,
  0x20,0x33,0x20,0x30,0x20,0x30,0x20,0x30,0x2d,0x33,0x2d,0x33,0x48,0x32,0x7a,0x22,
  0x3e,0x3c,0x2f,0x70,0x61,0x74,0x68,0x3e,0x3c,0x70,0x61,0x74,0x68,0x20,0x64,0x3d,
  0x22,0x4d,0x32,0x32,0x20,0x33,0x68,0x2d,0x36,0x61,0x34,0x20,0x34,0x20,0x30,0x20,
  0x30,0x20,0x30,0x2d,0x34,0x20,0x34,0x76,0x31,0x34,0x61,0x33,0x20,0x33,0x20,0x30,
  0x20,0x30,0x20,0x31,0x20,0x33,0x2d,0x33,0x68,0x37,0x7a,0x22,0x3e,0x3c,0x2f,0x70,
  0x61,0x74,0x68,0x3e,0x3c,0x2f,0x73,0x76,0x67,0x3e,
    // smile.svg
  0x0,0x0,0x1,0x7c,
  0x3c,
  0x73,0x76,0x67,0x20,0x78,0x6d,0x6c,0x6e,0x73,0x3d,0x22,0x68,0x74,0x74,0x70,0x3a,
  0x2f,0x2f,0x77,0x77,0x77,0x2e,0x77,0x33,0x2e,0x6f,0x72,0x67,0x2f,0x32,0x30,0x30,
  0x30,0x2f,0x73,0x76,0x67,0x22,0x20,0x77,0x69,0x64,0x74,0x68,0x3d,0x22,0x32,0x34,
  0x22,0x20,0x68,0x65,0x69,0x67,0x68,0x74,0x3d,0x22,0x32,0x34,0x22,0x20,0x76,0x69,
  0x65,0x77,0x42,0x6f,0x78,0x3d,0x22,0x30,0x20,0x30,0x20,0x32,0x34,0x20,0x32,0x34,
  0x22,0x20,0x66,0x69,0x6c,0x6c,0x3d,0x22,0x6e,0x6f,0x6e,0x65,0x22,0x20,0x73,0x74,
  0x72,0x6f,0x6b,0x65,0x3d,0x22,0x23,0x66,0x66,0x66,0x22,0x20,0x73,0x74,0x72,0x6f,
  0x6b,0x65,0x2d,0x77,0x69,0x64,0x74,0x68,0x3d,0x22,0x32,0x22,0x20,0x73,0x74,0x72,
  0x6f,0x6b,0x65,0x2d,0x6c,0x69,0x6e,0x65,0x63,0x61,0x70,0x3d,0x22,0x72,0x6f,0x75,
  0x6e,0x64,0x22,0x20,0x73,0x74,0x72,0x6f,0x6b,0x65,0x2d,0x6c,0x69,0x6e,0x65,0x6a,
  0x6f,0x69,0x6e,0x3d,0x22,0x72,0x6f,0x75,0x6e,0x64,0x22,0x20,0x63,0x6c,0x61,0x73,
  0x73,0x3d,0x22,0x66,0x65,0x61,0x74,0x68,0x65,0x72,0x20,0x66,0x65,0x61,0x74,0x68,
  0x65,0x72,0x2d,0x73,0x6d,0x69,0x6c,0x65,0x22,0x3e,0x3c,0x63,0x69,0x72,0x63,0x6c,
  0x65,0x20,0x63,0x78,0x3d,0x22,0x31,0x32,0x22,0x20,0x63,0x79,0x3d,0x22,0x31,0x32,
  0x22,0x20,0x72,0x3d,0x22,0x31,0x30,0x22,0x3e,0x3c,0x2f,0x63,0x69,0x72,0x63,0x6c,
  0x65,0x3e,0x3c,0x70,0x61,0x74,0x68,0x20,0x64,0x3d,0x22,0x4d,0x38,0x20,0x31,0x34,
  0x73,0x31,0x2e,0x35,0x20,0x32,0x20,0x34,0x20,0x32,0x20,0x34,0x2d,0x32,0x20,0x34,
  0x2d,0x32,0x22,0x3e,0x3c,0x2f,0x70,0x61,0x74,0x68,0x3e,0x3c,0x6c,0x69,0x6e,0x65,
  0x20,0x78,0x31,0x3d,0x22,0x39,0x22,0x20,0x79,0x31,0x3d,0x22,0x39,0x22,0x20,0x78,
  0x32,0x3d,0x22,0x39,0x2e,0x30,0x31,0x22,0x20,0x79,0x32,0x3d,0x22,0x39,0x22,0x3e,
  0x3c,0x2f,0x6c,0x69,0x6e,0x65,0x3e,0x3c,0x6c,0x69,0x6e,0x65,0x20,0x78,0x31,0x3d,
  0x22,0x31,0x35,0x22,0x20,0x79,0x31,0x3d,0x22,0x39,0x22,0x20,0x78,0x32,0x3d,0x22,
  0x31,0x35,0x2e,0x30,0x31,0x22,0x20,0x79,0x32,0x3d,0x22,0x39,0x22,0x3e,0x3c,0x2f,
  0x6c,0x69,0x6e,0x65,0x3e,0x3c,0x2f,0x73,0x76,0x67,0x3e,
    // arrow-up-left.svg
  0x0,0x0,0x1,0x30,
  0x3c,
  0x73,0x76,0x67,0x20,0x78,0x6d,0x6c,0x6e,0x73,0x3d,0x22,0x68,0x74,0x74,0x70,0x3a,
  0x2f,0x2f,0x77,0x77,0x77,0x2e,0x77,0x33,0x2e,0x6f,0x72,0x67,0x2f,0x32,0x30,0x30,
  0x30,0x2f,0x73,0x76,0x67,0x22,0x20,0x77,0x69,0x64,0x74,0x68,0x3d,0x22,0x32,0x34,
  0x22,0x20,0x68,0x65,0x69,0x67,0x68,0x74,0x3d,0x22,0x32,0x34,0x22,0x20,0x76,0x69,
  0x65,0x77,0x42,0x6f,0x78,0x3d,0x22,0x30,0x20,0x30,0x20,0x32,0x34,0x20,0x32,0x34,
  0x22,0x20,0x66,0x69,0x6c,0x6c,0x3d,0x22,0x6e,0x6f,0x6e,0x65,0x22,0x20,0x73,0x74,
  0x72,0x6f,0x6b,0x65,0x3d,0x22,0x23,0x66,0x66,0x66,0x22,0x20,0x73,0x74,0x72,0x6f,
  0x6b,0x65,0x2d,0x77,0x69,0x64,0x74,0x68,0x3d,0x22,0x32,0x22,0x20,0x73,0x74,0x72,
  0x6f,0x6b,0x65,0x2d,0x6c,0x69,0x6e,0x65,0x63,0x61,0x70,0x3d,0x22,0x72,0x6f,0x75,
  0x6e,0x64,0x22,0x20,0x73,0x74,0x72,0x6f,0x6b,0x65,0x2d,0x6c,0x69,0x6e,0x65,0x6a,
  0x6f,0x69,0x6e,0x3d,0x22,0x72,0x6f,0x75,0x6e,0x64,0x22,0x20,0x63,0x6c,0x61,0x73,
  0x73,0x3d,0x22,0x66,0x65,0x61,0x74,0x68,0x65,0x72,0x20,0x66,0x65,0x61,0x74,0x68,
  0x65,0x72,0x2d,0x61,0x72,0x72,0x6f,0x77,0x2d,0x75,0x70,0x2d,0x6c,0x65,0x66,0x74,
  0x22,0x3e,0x3c,0x6c,0x69,0x6e,0x65,0x20,0x78,0x31,0x3d,0x22,0x31,0x37,0x22,0x20,
  0x79,0x31,0x3d,0x22,0x31,0x37,0x22,0x20,0x78,0x32,0x3d,0x22,0x37,0x22,0x20,0x79,
  0x32,0x3d,0x22,0x37,0x22,0x3e,0x3c,0x2f,0x6c,0x69,0x6e,0x65,0x3e,0x3c,0x70,0x6f,
  0x6c,0x79,0x6c,0x69,0x6e,0x65,0x20,0x70,0x6f,0x69,0x6e,0x74,0x73,0x3d,0x22,0x37,
  0x20,0x31,0x37,0x20,0x37,0x20,0x37,0x20,0x31,0x37,0x20,0x37,0x22,0x3e,0x3c,0x2f,
  0x70,0x6f,0x6c,0x79,0x6c,0x69,0x6e,0x65,0x3e,0x3c,0x2f,0x73,0x76,0x67,0x3e,
    // chevrons-down.svg
  0x0,0x0,0x1,0x35,
  0x3c,
  0x73,0x76,0x67,0x20,0x78,0x6d,0x6c,0x6e,0x73,0x3d,0x22,0x68,0x74,0x74,0x70,0x3a,
  0x2f,0x2f,0x77,0x77,0x77,0x2e,0x77,0x33,0x2e,0x6f,0x72,0x67,0x2f,0x32,0x30,0x30,
  0x30,0x2f,0x73,0x76,0x67,0x22,0x20,0x77,0x69,0x64,0x74,0x68,0x3d,0x22,0x32,0x34,
  0x22,0x20,0x68,0x65,0x69,0x67,0x68,0x74,0x3d,0x22,0x32,0x34,0x22,0x20,0x76,0x69,
  0x65,0x77,0x42,0x6f,0x78,0x3d,0x22,0x30,0x20,0x30,0x20,0x32,0x34,0x20,0x32,0x34,
  0x22,0x20,0x66,0x69,0x6c,0x6c,0x3d,0x22,0x6e,0x6f,0x6e,0x65,0x22,0x20,0x73,0x74,
  0x72,0x6f,0x6b,0x65,0x3d,0x22,0x23,0x66,0x66,0x66,0x22,0x20,0x73,0x74,0x72,0x6f,
  0x6b,0x65,0x2d,0x77,0x69,0x64,0x74,0x68,0x3d,0x22,0x32,0x22,0x20,0x73,0x74,0x72,
  0x6f,0x6b,0x65,0x2d,0x6c,0x69,0x6e,0x65,0x63,0x61,0x70,0x3d,0x22,0x72,0x6f,0x75,
  0x6e,0x64,0x22,0x20,0x73,0x74,0x72,0x6f,0x6b,0x65,0x2d,0x6c,0x69,0x6e,0x65,0x6a,
  0x6f,0x69,0x6e,0x3d,0x22,0x72,0x6f,0x75,0x6e,0x64,0x22,0x20,0x63,0x6c,0x61,0x73,
  0x73,0x3d,0x22,0x66,0x65,0x61,0x74,0x68,0x65,0x72,0x20,0x66,0x65,0x61,0x74,0x68,
  0x65,0x72,0x2d,0x63,0x68,0x65,0x76,0x72,0x6f,0x6e,0x73,0x2d,0x64,0x6f,0x77,0x6e,
  0x22,0x3e,0x3c,0x70,0x6f,0x6c,0x79,0x6c,0x69,0x6e,0x65,0x20,0x70,0x6f,0x69,0x6e,
  0x74,0x73,0x3d,0x22,0x37,0x20,0x31,0x33,0x20,0x31,0x32,0x20,0x31,0x38,0x20,0x31,
  0x37,0x20,0x31,0x33,0x22,0x3e,0x3c,0x2f,0x70,0x6f,0x6c,0x79,0x6c,0x69,0x6e,0x65,
  0x3e,0x3c,0x70,0x6f,0x6c,0x79,0x6c,0x69,0x6e,0x65,0x20,0x70,0x6f,0x69,0x6e,0x74,
  0x73,0x3d,0x22,0x37,0x20,0x36,0x20,0x31,0x32,0x20,0x31,0x31,0x20,0x31,0x37,0x20,
  0x36,0x22,0x3e,0x3c,0x2f,0x70,0x6f,0x6c,0x79,0x6c,0x69,0x6e,0x65,0x3e,0x3c,0x2f,
  0x73,0x76,0x67,0x3e,
    // music.svg
  0x0,0x0,0x1,0x3f,
  0x3c,
  0x73,0x76,0x67,0x20,0x78,0x6d,0x6c,0x6e,0x73,0x3d,0x22,0x68,0x74,0x74,0x70,0x3a,
  0x2f,0x2f,0x77,0x77,0x77,0x2e,0x77,0x33,0x2e,0x6f,0x72,0x67,0x2f,0x32,0x30,0x30,
  0x30,0x2f,0x73,0x76,0x67,0x22,0x20,0x77,0x69,0x64,0x74,0x68,0x3d,0x22,0x32,0x34,
  0x22,0x20,0x68,0x65,0x69,0x67,0x68,0x74,0x3d,0x22,0x32,0x34,0x22,0x20,0x76,0x69,
  0x65,0x77,0x42,0x6f,0x78,0x3d,0x22,0x30,0x20,0x30,0x20,0x32,0x34,0x20,0x32,0x34,
  0x22,0x20,0x66,0x69,0x6c,0x6c,0x3d,0x22,0x6e,0x6f,0x6e,0x65,0x22,0x20,0x73,0x74,
  0x72,0x6f,0x6b,0x65,0x3d,0x22,0x23,0x66,0x66,0x66,0x22,0x20,0x73,0x74,0x72,0x6f,
  0x6b,0x65,0x2d,0x77,0x69,0x64,0x74,0x68,0x3d,0x22,0x32,0x22,0x20,0x73,0x74,0x72,
  0x6f,0x6b,0x65,0x2d,0x6c,0x69,0x6e,0x65,0x63,0x61,0x70,0x3d,0x22,0x72,0x6f,0x75,
  0x6e,0x64,0x22,0x20,0x73,0x74,0x72,0x6f,0x6b,0x65,0x2d,0x6c,0x69,0x6e,0x65,0x6a,
  0x6f,0x69,0x6e,0x3d,0x22,0x72,0x6f,0x75,0x6e,0x64,0x22,0x20,0x63,0x6c,0x61,0x73,
  0x73,0x3d,0x22,0x66,0x65,0x61,0x74,0x68,0x65,0x72,0x20,0x66,0x65,0x61,0x74,0x68,
  0x65,0x72,0x2d,0x6d,0x75,0x73,0x69,0x63,0x22,0x3e,0x3c,0x70,0x61,0x74,0x68,0x20,
  0x64,0x3d,0x22,0x4d,0x39,0x20,0x31,0x38,0x56,0x35,0x6c,0x31,0x32,0x2d,0x32,0x76,
  0x31,0x33,0x22,0x3e,0x3c,0x2f,0x70,0x61,0x74,0x68,0x3e,0x3c,0x63,0x69,0x72,0x63,
  0x6c,0x65,0x20,0x63,0x78,0x3d,0x22,0x36,0x22,0x20,0x63,0x79,0x3d,0x22,0x31,0x38,
  0x22,0x20,0x72,0x3d,0x22,0x33,0x22,0x3e,0x3c,0x2f,0x63,0x69,0x72,0x63,0x6c,0x65,
  0x3e,0x3c,0x63,0x69,0x72,0x63,0x6c,0x65,0x20,0x63,0x78,0x3d,0x22,0x31,0x38,0x22,
  0x20,0x63,0x79,0x3d,0x22,0x31,0x36,0x22,0x20,0x72,0x3d,0x22,0x33,0x22,0x3e,0x3c,
  0x2f,0x63,0x69,0x72,0x63,0x6c,0x65,0x3e,0x3c,0x2f,0x73,0x76,0x67,0x3e,
    // tag.svg
  0x0,0x0,0x1,0x5b,
  0x3c,
  0x73,0x76,0x67,0x20,0x78,0x6d,0x6c,0x6e,0x73,0x3d,0x22,0x68,0x74,0x74,0x70,0x3a,
  0x2f,0x2f,0x77,0x77,0x77,0x2e,0x77,0x33,0x2e,0x6f,0x72,0x67,0x2f,0x32,0x30,0x30,
  0x30,0x2f,0x73,0x76,0x67,0x22,0x20,0x77,0x69,0x64,0x74,0x68,0x3d,0x22,0x32,0x34,
  0x22,0x20,0x68,0x65,0x69,0x67,0x68,0x74,0x3d,0x22,0x32,0x34,0x22,0x20,0x76,0x69,
  0x65,0x77,0x42,0x6f,0x78,0x3d,0x22,0x30,0x20,0x30,0x20,0x32,0x34,0x20,0x32,0x34,
  0x22,0x20,0x66,0x69,0x6c,0x6c,0x3d,0x22,0x6e,0x6f,0x6e,0x65,0x22,0x20,0x73,0x74,
  0x72,0x6f,0x6b,0x65,0x3d,0x22,0x23,0x66,0x66,0x66,0x22,0x20,0x73,0x74,0x72,0x6f,
  0x6b,0x65,0x2d,0x77,0x69,0x64,0x74,0x68,0x3d,0x22,0x32,0x22,0x20,0x73,0x74,0x72,
  0x6f,0x6b,0x65,0x2d,0x6c,0x69,0x6e,0x65,0x63,0x61,0x70,0x3d,0x22,0x72,0x6f,0x75,
  0x6e,0x64,0x22,0x20,0x73,0x74,0x72,0x6f,0x6b,0x65,0x2d,0x6c,0x69,0x6e,0x65,0x6a,
  0x6f,0x69,0x6e,0x3d,0x22,0x72,0x6f,0x75,0x6e,0x64,0x22,0x20,0x63,0x6c,0x61,0x73,
  0x73,0x3d,0x22,0x66,0x65,0x61,0x74,0x68,0x65,0x72,0x20,0x66,0x65,0x61,0x74,0x68,
  0x65,0x72,0x2d,0x74,0x61,0x67,0x22,0x3e,0x3c,0x70,0x61,0x74,0x68,0x20,0x64,0x3d,
  0x22,0x4d,0x32,0x30,0x2e,0x35,0x39,0x20,0x31,0x33,0x2e,0x34,0x31,0x6c,0x2d,0x37,
  0x2e,0x31,0x37,0x20,0x37,0x2e,0x31,0x37,0x61,0x32,0x20,0x32,0x20,0x30,0x20,0x30,
  0x20,0x31,0x2d,0x32,0x2e,0x38,0x33,0x20,0x30,0x4c,0x32,0x20,0x31,0x32,0x56,0x32,
  0x68,0x31,0x30,0x6c,0x38,0x2e,0x35,0x39,0x20,0x38,0x2e,0x35,0x39,0x61,0x32,0x20,
  0x32,0x20,0x30,0x20,0x30,0x20,0x31,0x20,0x30,0x20,0x32,0x2e,0x38,0x32,0x7a,0x22,
  0x3e,0x3c,0x2f,0x70,0x61,0x74,0x68,0x3e,0x3c,0x6c,0x69,0x6e,0x65,0x20,0x78,0x31,
  0x3d,0x22,0x37,0x22,0x20,0x79,0x31,0x3d,0x22,0x37,0x22,0x20,0x78,0x32,0x3d,0x22,
  0x37,0x2e,0x30,0x31,0x22,0x20,0x79,0x32,0x3d,0x22,0x37,0x22,0x3e,0x3c,0x2f,0x6c,
  0x69,0x6e,0x65,0x3e,0x3c,0x2f,0x73,0x76,0x67,0x3e,
    // trending-down.svg
  0x0,0x0,0x1,0x43,
  0x3c,
  0x73,0x76,0x67,0x20,0x78,0x6d,0x6c,0x6e,0x73,0x3d,0x22,0x68,0x74,0x74,0x70,0x3a,
  0x2f,0x2f,0x77,0x77,0x77,0x2e,0x77,0x33,0x2e,0x6f,0x72,0x67,0x2f,0x32,0x30,0x30,
  0x30,0x2f,0x73,0x76,0x67,0x22,0x20,0x77,0x69,0x64,0x74,0x68,0x3d,0x22,0x32,0x34,
  0x22,0x20,0x68,0x65,0x69,0x67,0x68,0x74,0x3d,0x22,0x32,0x34,0x22,0x20,0x76,0x69,
  0x65,0x77,0x42,0x6f,0x78,0x3d,0x22,0x30,0x20,0x30,0x20,0x32,0x34,0x20,0x32,0x34,
  0x22,0x20,0x66,0x69,0x6c,0x6c,0x3d,0x22,0x6e,0x6f,0x6e,0x65,0x22,0x20,0x73,0x74,
  0x72,0x6f,0x6b,0x65,0x3d,0x22,0x23,0x66,0x66,0x66,0x22,0x20,0x73,0x74,0x72,0x6f,
  0x6b,0x65,0x2d,0x77,0x69,0x64,0x74,0x68,0x3d,0x22,0x32,0x22,0x20,0x73,0x74,0x72,
  0x6f,0x6b,0x65,0x2d,0x6c,0x69,0x6e,0x65,0x63,0x61,0x70,0x3d,0x22,0x72,0x6f,0x75,
  0x6e,0x64,0x22,0x20,0x73,0x74,0x72,0x6f,0x6b,0x65,0x2d,0x6c,0x69,0x6e,0x65,0x6a,
  0x6f,0x69,0x6e,0x3d,0x22,0x72,0x6f,0x75,0x6e,0x64,0x22,0x20,0x63,0x6c,0x61,0x73,
  0x73,0x3d,0x22,0x66,0x65,0x61,0x74,0x68,0x65,0x72,0x20,0x66,0x65,0x61,0x74,0x68,
  0x65,0x72,0x2d,0x74,0x72,0x65,0x6e,0x64,0x69,0x6e,0x67,0x2d,0x64,0x6f,0x77,0x6e,
  0x22,0x3e,0x3c,0x70,0x6f,0x6c,0x79,0x6c,0x69,0x6e,0x65,0x20,0x70,0x6f,0x69,0x6e,
  0x74,0x73,0x3d,0x22,0x32,0x33,0x20,0x31,0x38,0x20,0x31,0x33,0x2e,0x35,0x20,0x38,
  0x2e,0x35,0x20,0x38,0x2e,0x35,0x20,0x31,0x33,0x2e,0x35,0x20,0x31,0x20,0x36,0x22,
  0x3e,0x3c,0x2f,0x70,0x6f,0x6c,0x79,0x6c,0x69,0x6e,0x65,0x3e,0x3c,0x70,0x6f,0x6c,
  0x79,0x6c,0x69,0x6e,0x65,0x20,0x70,0x6f,0x69,0x6e,0x74,0x73,0x3d,0x22,0x31,0x37,
  0x20,0x31,0x38,0x20,0x32,0x33,0x20,0x31,0x38,0x20,0x32,0x33,0x20,0x31,0x32,0x22,
  0x3e,0x3c,0x2f,0x70,0x6f,0x6c,0x79,0x6c,0x69,0x6e,0x65,0x3e,0x3c,0x2f,0x73,0x76,
  0x67,0x3e,
    // coffee.svg
  0x0,0x0,0x1,0xb7,
  0x3c,
  0x73,0x76,0x67,0x20,0x78,0x6d,0x6c,0x6e,0x73,0x3d,0x22,0x68,0x74,0x74,0x70,0x3a,
  0x2f,0x2f,0x77,0x77,0x77,0x2e,0x77,0x33,0x2e,0x6f,0x72,0x67,0x2f,0x32,0x30,0x30,
  0x30,0x2f,0x73,0x76,0x67,0x22,0x20,0x77,0x69,0x64,0x74,0x68,0x3d,0x22,0x32,0x34,
  0x22,0x20,0x68,0x65,0x69,0x67,0x68,0x74,0x3d,0x22,0x32,0x34,0x22,0x20,0x76,0x69,
  0x65,0x77,0x42,0x6f,0x78,0x3d,0x22,0x30,0x20,0x30,0x20,0x32,0x34,0x20,0x32,0x34,
  0x22,0x20,0x66,0x69,0x6c,0x6c,0x3d,0x22,0x6e,0x6f,0x6e,0x65,0x22,0x20,0x73,0x74,
  0x72,0x6f,0x6b,0x65,0x3d,0x22,0x23,0x66,0x66,0x66,0x22,0x20,0x73,0x74,0x72,0x6f,
  0x6b,0x65,0x2d,0x77,0x69,0x64,0x74,0x68,0x3d,0x22,0x32,0x22,0x20,0x73,0x74,0x72,
  0x6f,0x6b,0x65,0x2d,0x6c,0x69,0x6e,0x65,0x63,0x61,0x70,0x3d,0x22,0x72,0x6f,0x75,
  0x6e,0x64,0x22,0x20,0x73,0x74,0x72,0x6f,0x6b,0x65,0x2d,0x6c,0x69,0x6e,0x65,0x6a,
  0x6f,0x69,0x6e,0x3d,0x22,0x72,0x6f,0x75,0x6e,0x64,0x22,0x20,0x63,0x6c,0x61,0x73,
  0x73,0x3d,0x22,0x66,0x65,0x61,0x74,0x68,0x65,0x72,0x20,0x66,0x65,0x61,0x74,0x68,
  0x65,0x72,0x2d,0x63,0x6f,0x66,0x66,0x65,0x65,0x22,0x3e,0x3c,0x70,0x61,0x74,0x68,
  0x20,0x64,0x3d,0x22,0x4d,0x31,0x38,0x20,0x38,0x68,0x31,0x61,0x34,0x20,0x34,0x20,
  0x30,0x20,0x30,0x20,0x31,0x20,0x30,0x20,0x38,0x68,0x2d,0x31,0x22,0x3e,0x3c,0x2f,
  0x70,0x61,0x74,0x68,0x3e,0x3c,0x70,0x61,0x74,0x68,0x20,0x64,0x3d,0x22,0x4d,0x32,
  0x20,0x38,0x68,0x31,0x36,0x76,0x39,0x61,0x34,0x20,0x34,0x20,0x30,0x20,0x30,0x20,
  0x31,0x2d,0x34,0x20,0x34,0x48,0x36,0x61,0x34,0x20,0x34,0x20,0x30,0x20,0x30,0x20,
  0x31,0x2d,0x34,0x2d,0x34,0x56,0x38,0x7a,0x22,0x3e,0x3c,0x2f,0x70,0x61,0x74,0x68,
  0x3e,0x3c,0x6c,0x69,0x6e,0x65,0x20,0x78,0x31,0x3d,0x22,0x36,0x22,0x20,0x79,0x31,
  0x3d,0x22,0x31,0x22,0x20,0x78,0x32,0x3d,0x22,0x36,0x22,0x20,0x79,0x32,0x3d,0x22,
  0x34,0x22,0x3e,0x3c,0x2f,0x6c,0x69,0x6e,0x65,0x3e,0x3c,0x6c,0x69,0x6e,0x65,0x20,
  0x78,0x31,0x3d,0x22,0x31,0x30,0x22,0x20,0x79,0x31,0x3d,0x22,0x31,0x22,0x20,0x78,
  0x32,0x3d,0x22,0x31,0x30,0x22,0x20,0x79,0x32,0x3d,0x22,0x34,0x22,0x3e,0x3c,0x2f,
  0x6c,0x69,0x6e,0x65,0x3e,0x3c,0x6c,0x69,0x6e,0x65,0x20,0x78,0x31,0x3d,0x22,0x31,
  0x34,0x22,0x20,0x79,0x31,0x3d,0x22,0x31,0x22,0x20,0x78,0x32,0x3d,0x22,0x31,0x34,
  0x22,0x20,0x79,0x32,0x3d,0x22,0x34,0x22,0x3e,0x3c,0x2f,0x6c,0x69,0x6e,0x65,0x3e,
  0x3c,0x2f,0x73,0x76,0x67,0x3e,
    // pie-chart.svg
  0x0,0x0,0x1,0x33,
  0x3c,
  0x73,0x76,0x67,0x20,0x78,0x6d,0x6c,0x6e,0x73,0x3d,0x22,0x68,0x74,0x74,0x70,0x3a,
  0x2f,0x2f,0x77,0x77,0x77,0x2e,0x77,0x33,0x2e,0x6f,0x72,0x67,0x2f,0x32,0x30,0x30,
  0x30,0x2f,0x73,0x76,0x67,0x22,0x20,0x77,0x69,0x64,0x74,0x68,0x3d,0x22,0x32,0x34,
  0x22,0x20,0x68,0x65,0x69,0x67,0x68,0x74,0x3d,0x22,0x32,0x34,0x22,0x20,0x76,0x69,
  0x65,0x77,0x42,0x6f,0x78,0x3d,0x22,0x30,0x20,0x30,0x20,0x32,0x34,0x20,0x32,0x34,
  0x22,0x20,0x66,0x69,0x6c,0x6c,0x3d,0x22,0x6e,0x6f,0x6e,0x65,0x22,0x20,0x73,0x74,
  0x72,0x6f,0x6b,0x65,0x3d,0x22,0x23,0x66,0x66,0x66,0x22,0x20,0x73,0x74,0x72,0x6f,
  0x6b,0x65,0x2d,0x77,0x69,0x64,0x74,0x68,0x3d,0x22,0x32,0x22,0x20,0x73,0x74,0x72,
  0x6f,0x6b,0x65,0x2d,0x6c,0x69,0x6e,0x65,0x63,0x61,0x70,0x3d,0x22,0x72,0x6f,0x75,
  0x6e,0x64,0x22,0x20,0x73,0x74,0x72,0x6f,0x6b,0x65,0x2d,0x6c,0x69,0x6e,0x65,0x6a,
  0x6f,0x69,0x6e,0x3d,0x22,0x72,0x6f,0x75,0x6e,0x64,0x22,0x20,0x63,0x6c,0x61,0x73,
  0x73,0x3d,0x22,0x66,0x65,0x61,0x74,0x68,0x65,0x72,0x20,0x66,0x65,0x61,0x74,0x68,
  0x65,0x72,0x2d,0x70,0x69,0x65,0x2d,0x63,0x68,0x61,0x72,0x74,0x22,0x3e,0x3c,0x70,
  0x61,0x74,0x68,0x20,0x64,0x3d,0x22,0x4d,0x32,0x31,0x2e,0x32,0x31,0x20,0x31,0x35,
  0x2e,0x38,0x39,0x41,0x31,0x30,0x20,0x31,0x30,0x20,0x30,0x20,0x31,0x20,0x31,0x20,
  0x38,0x20,0x32,0x2e,0x38,0x33,0x22,0x3e,0x3c,0x2f,0x70,0x61,0x74,0x68,0x3e,0x3c,
  0x70,0x61,0x74,0x68,0x20,0x64,0x3d,0x22,0x4d,0x32,0x32,0x20,0x31,0x32,0x41,0x31,
  0x30,0x20,0x31,0x30,0x20,0x30,0x20,0x30,0x20,0x30,0x20,0x31,0x32,0x20,0x32,0x76,
  0x31,0x30,0x7a,0x22,0x3e,0x3c,0x2f,0x70,0x61,0x74,0x68,0x3e,0x3c,0x2f,0x73,0x76,
  0x67,0x3e,
    // trash.svg
  0x0,0x0,0x1,0x5c,
  0x3c,
  0x73,0x76,0x67,0x20,0x78,0x6d,0x6c,0x6e,0x73,0x3d,0x22,0x68,0x74,0x74,0x70,0x3a,
  0x2f,0x2f,0x77,0x77,0x77,0x2e,0x77,0x33,0x2e,0x6f,0x72,0x67,0x2f,0x32,0x30,0x30,
  0x30,0x2f,0x73,0x76,0x67,0x22,0x20,0x77,0x69,0x64,0x74,0x68,0x3d,0x22,0x32,0x34,
  0x22,0x20,0x68,0x65,0x69,0x67,0x68,0x74,0x3d,0x22,0x32,0x34,0x22,0x20,0x76,0x69,
  0x65,0x77,0x42,0x6f,0x78,0x3d,0x22,0x30,0x20,0x30,0x20,0x32,0x34,0x20,0x32,0x34,
  0x22,0x20,0x66,0x69,0x6c,0x6c,0x3d,0x22,0x6e,0x6f,0x6e,0x65,0x22,0x20,0x73,0x74,
  0x72,0x6f,0x6b,0x65,0x3d,0x22,0x23,0x66,0x66,0x66,0x22,0x20,0x73,0x74,0x72,0x6f,
  0x6b,0x65,0x2d,0x77,0x69,0x64,0x74,0x68,0x3d,0x22,0x32,0x22,0x20,0x73,0x74,0x72,
  0x6f,0x6b,0x65,0x2d,0x6c,0x69,0x6e,0x65,0x63,0x61,0x70,0x3d,0x22,0x72,0x6f,0x75,
  0x6e,0x64,0x22,0x20,0x73,0x74,0x72,0x6f,0x6b,0x65,0x2d,0x6c,0x69,0x6e,0x65,0x6a,
  0x6f,0x69,0x6e,0x3d,0x22,0x72,0x6f,0x75,0x6e,0x64,0x22,0x20,0x63,0x6c,0x61,0x73,
  0x73,0x3d,0x22,0x66,0x65,0x61,0x74,0x68,0x65,0x72,0x20,0x66,0x65,0x61,0x74,0x68,
  0x65,0x72,0x2d,0x74,0x72,0x61,0x73,0x68,0x22,0x3e,0x3c,0x70,0x6f,0x6c,0x79,0x6c,
  0x69,0x6e,0x65,0x20,0x70,0x6f,0x69,0x6e,0x74,0x73,0x3d,0x22,0x33,0x20,0x36,0x20,
  0x35,0x20,0x36,0x20,0x32,0x31,0x20,0x36,0x22,0x3e,0x3c,0x2f,0x70,0x6f,0x6c,0x79,
  0x6c,0x69,0x6e,0x65,0x3e,0x3c,0x70,0x61,0x74,0x68,0x20,0x64,0x3d,0x22,0x4d,0x31,
  0x39,0x20,0x36,0x76,0x31,0x34,0x61,0x32,0x20,0x32,0x20,0x30,0x20,0x30,0x20,0x31,
  0x2d,0x32,0x20,0x32,0x48,0x37,0x61,0x32,0x20,0x32,0x20,0x30,0x20,0x30,0x20,0x31,
  0x2d,0x32,0x2d,0x32,0x56,0x36,0x6d,0x33,0x20,0x30,0x56,0x34,0x61,0x32,0x20,0x32,
  0x20,0x30,0x20,0x30,0x20,0x31,0x20,0x32,0x2d,0x32,0x68,0x34,0x61,0x32,0x20,0x32,
  0x20,0x30,0x20,0x30,0x20,0x31,0x20,0x32,0x20,0x32,0x76,0x32,0x22,0x3e,0x3c,0x2f,
  0x70,0x61,0x74,0x68,0x3e,0x3c,0x2f,0x73,0x76,0x67,0x3e,
    // framer.svg
  0x0,0x0,0x1,0xe,
  0x3c,
  0x73,0x76,0x67,0x20,0x78,0x6d,0x6c,0x6e,0x73,0x3d,0x22,0x68,0x74,0x74,0x70,0x3a,
  0x2f,0x2f,0x77,0x77,0x77,0x2e,0x77,0x33,0x2e,0x6f,0x72,0x67,0x2f,0x32,0x30,0x30,
  0x30,0x2f,0x73,0x76,0x67,0x22,0x20,0x77,0x69,0x64,0x74,0x68,0x3d,0x22,0x32,0x34,
  0x22,0x20,0x68,0x65,0x69,0x67,0x68,0x74,0x3d,0x22,0x32,0x34,0x22,0x20,0x76,0x69,
  0x65,0x77,0x42,0x6f,0x78,0x3d,0x22,0x30,0x20,0x30,0x20,0x32,0x34,0x20,0x32,0x34,
  0x22,0x20,0x66,0x69,0x6c,0x6c,0x3d,0x22,0x6e,0x6f,0x6e,0x65,0x22,0x20,0x73,0x74,
  0x72,0x6f,0x6b,0x65,0x3d,0x22,0x23,0x66,0x66,0x66,0x22,0x20,0x73,0x74,0x72,0x6f,
  0x6b,0x65,0x2d,0x77,0x69,0x64,0x74,0x68,0x3d,0x22,0x32,0x22,0x20,0x73,0x74,0x72,
  0x6f,0x6b,0x65,0x2d,0x6c,0x69,0x6e,0x65,0x63,0x61,0x70,0x3d,0x22,0x72,0x6f,0x75,
  0x6e,0x64,0x22,0x20,0x73,0x74,0x72,0x6f,0x6b,0x65,0x2d,0x6c,0x69,0x6e,0x65,0x6a,
  0x6f,0x69,0x6e,0x3d,0x22,0x72,0x6f,0x75,0x6e,0x64,0x22,0x20,0x63,0x6c,0x61,0x73,
  0x73,0x3d,0x22,0x66,0x65,0x61,0x74,0x68,0x65,0x72,0x20,0x66,0x65,0x61,0x74,0x68,
  0x65,0x72,0x2d,0x66,0x72,0x61,0x6d,0x65,0x72,0x22,0x3e,0x3c,0x70,0x61,0x74,0x68,
  0x20,0x64,0x3d,0x22,0x4d,0x35,0x20,0x31,0x36,0x56,0x39,0x68,0x31,0x34,0x56,0x32,
  0x48,0x35,0x6c,0x31,0x34,0x20,0x31,0x34,0x68,0x2d,0x37,0x6d,0x2d,0x37,0x20,0x30,
  0x6c,0x37,0x20,0x37,0x76,0x2d,0x37,0x6d,0x2d,0x37,0x20,0x30,0x68,0x37,0x22,0x3e,
  0x3c,0x2f,0x70,0x61,0x74,0x68,0x3e,0x3c,0x2f,0x73,0x76,0x67,0x3e,
    // scissors.svg
  0x0,0x0,0x1,0xb4,
  0x3c,
  0x73,0x76,0x67,0x20,0x78,0x6d,0x6c,0x6e,0x73,0x3d,0x22,0x68,0x74,0x74,0x70,0x3a,
  0x2f,0x2f,0x77,0x77,0x77,0x2e,0x77,0x33,0x2e,0x6f,0x72,0x67,0x2f,0x32,0x30,0x30,
  0x30,0x2f,0x73,0x76,0x67,0x22,0x20,0x77,0x69,0x64,0x74,0x68,0x3d,0x22,0x32,0x34,
  0x22,0x20,0x68,0x65,0x69,0x67,0x68,0x74,0x3d,0x22,0x32,0x34,0x22,0x20,0x76,0x69,
  0x65,0x77,0x42,0x6f,0x78,0x3d,0x22,0x30,0x20,0x30,0x20,0x32,0x34,0x20,0x32,0x34,
  0x22,0x20,0x66,0x69,0x6c,0x6c,0x3d,0x22,0x6e,0x6f,0x6e,0x65,0x22,0x20,0x73,0x74,
  0x72,0x6f,0x6b,0x65,0x3d,0x22,0x23,0x66,0x66,0x66,0x22,0x20,0x73,0x74,0x72,0x6f,
  0x6b,0x65,0x2d,0x77,0x69,0x64,0x74,0x68,0x3d,0x22,0x32,0x22,0x20,0x73,0x74,0x72,
  0x6f,0x6b,0x65,0x2d,0x6c,0x69,0x6e,0x65,0x63,0x61,0x70,0x3d,0x22,0x72,0x6f,0x75,
  0x6e,0x64,0x22,0x20,0x73,0x74,0x72,0x6f,0x6b,0x65,0x2d,0x6c,0x69,0x6e,0x65,0x6a,
  0x6f,0x69,0x6e,0x3d,0x22,0x72,0x6f,0x75,0x6e,0x64,0x22,0x20,0x63,0x6c,0x61,0x73,
  0x73,0x3d,0x22,0x66,0x65,0x61,0x74,0x68,0x65,0x72,0x20,0x66,0x65,0x61,0x74,0x68,
  0x65,0x72,0x2d,0x73,0x63,0x69,0x73,0x73,0x6f,0x72,0x73,0x22,0x3e,0x3c,0x63,0x69,
  0x72,0x63,0x6c,0x65,0x20,0x63,0x78,0x3d,0x22,0x36,0x22,0x20,0x63,0x79,0x3d,0x22,
  0x36,0x22,0x20,0x72,0x3d,0x22,0x33,0x22,0x3e,0x3c,0x2f,0x63,0x69,0x72,0x63,0x6c,
  0x65,0x3e,0x3c,0x63,0x69,0x72,0x63,0x6c,0x65,0x20,0x63,0x78,0x3d,0x22,0x36,0x22,
  0x20,0x63,0x79,0x3d,0x22,0x31,0x38,0x22,0x20,0x72,0x3d,0x22,0x33,0x22,0x3e,0x3c,
  0x2f,0x63,0x69,0x72,0x63,0x6c,0x65,0x3e,0x3c,0x6c,0x69,0x6e,0x65,0x20,0x78,0x31,
  0x3d,0x22,0x32,0x30,0x22,0x20,0x79,0x31,0x3d,0x22,0x34,0x22,0x20,0x78,0x32,0x3d,
  0x22,0x38,0x2e,0x31,0x32,0x22,0x20,0x79,0x32,0x3d,0x22,0x31,0x35,0x2e,0x38,0x38,
  0x22,0x3e,0x3c,0x2f,0x6c,0x69,0x6e,0x65,0x3e,0x3c,0x6c,0x69,0x6e,0x65,0x20,0x78,
  0x31,0x3d,0x22,0x31,0x34,0x2e,0x34,0x37,0x22,0x20,0x79,0x31,0x3d,0x22,0x31,0x34,
  0x2e,0x34,0x38,0x22,0x20,0x78,0x32,0x3d,0x22,0x32,0x30,0x22,0x20,0x79,0x32,0x3d,
  0x22,0x32,0x30,0x22,0x3e,0x3c,0x2f,0x6c,0x69,0x6e,0x65,0x3e,0x3c,0x6c,0x69,0x6e,
  0x65,0x20,0x78,0x31,0x3d,0x22,0x38,0x2e,0x31,0x32,0x22,0x20,0x79,0x31,0x3d,0x22,
  0x38,0x2e,0x31,0x32,0x22,0x20,0x78,0x32,0x3d,0x22,0x31,0x32,0x22,0x20,0x79,0x32,
  0x3d,0x22,0x31,0x32,0x22,0x3e,0x3c,0x2f,0x6c,0x69,0x6e,0x65,0x3e,0x3c,0x2f,0x73,
  0x76,0x67,0x3e,
    // corner-down-right.svg
  0x0,0x0,0x1,0x36,
  0x3c,
  0x73,0x76,0x67,0x20,0x78,0x6d,0x6c,0x6e,0x73,0x3d,0x22,0x68,0x74,0x74,0x70,0x3a,
  0x2f,0x2f,0x77,0x77,0x77,0x2e,0x77,0x33,0x2e,0x6f,0x72,0x67,0x2f,0x32,0x30,0x30,
  0x30,0x2f,0x73,0x76,0x67,0x22,0x20,0x77,0x69,0x64,0x74,0x68,0x3d,0x22,0x32,0x34,
  0x22,0x20,0x68,0x65,0x69,0x67,0x68,0x74,0x3d,0x22,0x32,0x34,0x22,0x20,0x76,0x69,
  0x65,0x77,0x42,0x6f,0x78,0x3d,0x22,0x30,0x20,0x30,0x20,0x32,0x34,0x20,0x32,0x34,
  0x22,0x20,0x66,0x69,0x6c,0x6c,0x3d,0x22,0x6e,0x6f,0x6e,0x65,0x22,0x20,0x73,0x74,
  0x72,0x6f,0x6b,0x65,0x3d,0x22,0x23,0x66,0x66,0x66,0x22,0x20,0x73,0x74,0x72,0x6f,
  0x6b,0x65,0x2d,0x77,0x69,0x64,0x74,0x68,0x3d,0x22,0x32,0x22,0x20,0x73,0x74,0x72,
  0x6f,0x6b,0x65,0x2d,0x6c,0x69,0x6e,0x65,0x63,0x61,0x70,0x3d,0x22,0x72,0x6f,0x75,
  0x6e,0x64,0x22,0x20,0x73,0x74,0x72,0x6f,0x6b,0x65,0x2d,0x6c,0x69,0x6e,0x65,0x6a,
  0x6f,0x69,0x6e,0x3d,0x22,0x72,0x6f,0x75,0x6e,0x64,0x22,0x20,0x63,0x6c,0x61,0x73,
  0x73,0x3d,0x22,0x66,0x65,0x61,0x74,0x68,0x65,0x72,0x20,0x66,0x65,0x61,0x74,0x68,
  0x65,0x72,0x2d,0x63,0x6f,0x72,0x6e,0x65,0x72,0x2d,0x64,0x6f,0x77,0x6e,0x2d,0x72,
  0x69,0x67,0x68,0x74,0x22,0x3e,0x3c,0x70,0x6f,0x6c,0x79,0x6c,0x69,0x6e,0x65,0x20,
  0x70,0x6f,0x69,0x6e,0x74,0x73,0x3d,0x22,0x31,0x35,0x20,0x31,0x30,0x20,0x32,0x30,
  0x20,0x31,0x35,0x20,0x31,0x35,0x20,0x32,0x30,0x22,0x3e,0x3c,0x2f,0x70,0x6f,0x6c,
  0x79,0x6c,0x69,0x6e,0x65,0x3e,0x3c,0x70,0x61,0x74,0x68,0x20,0x64,0x3d,0x22,0x4d,
  0x34,0x20,0x34,0x76,0x37,0x61,0x34,0x20,0x34,0x20,0x30,0x20,0x30,0x20,0x30,0x20,
  0x34,0x20,0x34,0x68,0x31,0x32,0x22,0x3e,0x3c,0x2f,0x70,0x61,0x74,0x68,0x3e,0x3c,
  0x2f,0x73,0x76,0x67,0x3e,
    // eye.svg
  0x0,0x0,0x1,0x34,
  0x3c,
  0x73,0x76,0x67,0x20,0x78,0x6d,0x6c,0x6e,0x73,0x3d,0x22,0x68,0x74,0x74,0x70,0x3a,
  0x2f,0x2f,0x77,0x77,0x77,0x2e,0x77,0x33,0x2e,0x6f,0x72,0x67,0x2f,0x32,0x30,0x30,
  0x30,0x2f,0x73,0x76,0x67,0x22,0x20,0x77,0x69,0x64,0x74,0x68,0x3d,0x22,0x32,0x34,
  0x22,0x20,0x68,0x65,0x69,0x67,0x68,0x74,0x3d,0x22,0x32,0x34,0x22,0x20,0x76,0x69,
  0x65,0x77,0x42,0x6f,0x78,0x3d,0x22,0x30,0x20,0x30,0x20,0x32,0x34,0x20,0x32,0x34,
  0x22,0x20,0x66,0x69,0x6c,0x6c,0x3d,0x22,0x6e,0x6f,0x6e,0x65,0x22,0x20,0x73,0x74,
  0x72,0x6f,0x6b,0x65,0x3d,0x22,0x23,0x66,0x66,0x66,0x22,0x20,0x73,0x74,0x72,0x6f,
  0x6b,0x65,0x2d,0x77,0x69,0x64,0x74,0x68,0x3d,0x22,0x32,0x22,0x20,0x73,0x74,0x72,
  0x6f,0x6b,0x65,0x2d,0x6c,0x69,0x6e,0x65,0x63,0x61,0x70,0x3d,0x22,0x72,0x6f,0x75,
  0x6e,0x64,0x22,0x20,0x73,0x74,0x72,0x6f,0x6b,0x65,0x2d,0x6c,0x69,0x6e,0x65,0x6a,
  0x6f,0x69,0x6e,0x3d,0x22,0x72,0x6f,0x75,0x6e,0x64,0x22,0x20,0x63,0x6c,0x61,0x73,
  0x73,0x3d,0x22,0x66,0x65,0x61,0x74,0x68,0x65,0x72,0x20,0x66,0x65,0x61,0x74,0x68,
  0x65,0x72,0x2d,0x65,0x79,0x65,0x22,0x3e,0x3c,0x70,0x61,0x74,0x68,0x20,0x64,0x3d,
  0x22,0x4d,0x31,0x20,0x31,0x32,0x73,0x34,0x2d,0x38,0x20,0x31,0x31,0x2d,0x38,0x20,
  0x31,0x31,0x20,0x38,0x20,0x31,0x31,0x20,0x38,0x2d,0x34,0x20,0x38,0x2d,0x31,0x31,
  0x20,0x38,0x2d,0x31,0x31,0x2d,0x38,0x2d,0x31,0x31,0x2d,0x38,0x7a,0x22,0x3e,0x3c,
  0x2f,0x70,0x61,0x74,0x68,0x3e,0x3c,0x63,0x69,0x72,0x63,0x6c,0x65,0x20,0x63,0x78,
  0x3d,0x22,0x31,0x32,0x22,0x20,0x63,0x79,0x3d,0x22,0x31,0x32,0x22,0x20,0x72,0x3d,
  0x22,0x33,0x22,0x3e,0x3c,0x2f,0x63,0x69,0x72,0x63,0x6c,0x65,0x3e,0x3c,0x2f,0x73,
  0x76,0x67,0x3e,
    // corner-left-down.svg
  0x0,0x0,0x1,0x35,
  0x3c,
  0x73,0x76,0x67,0x20,0x78,0x6d,0x6c,0x6e,0x73,0x3d,0x22,0x68,0x74,0x74,0x70,0x3a,
  0x2f,0x2f,0x77,0x77,0x77,0x2e,0x77,0x33,0x2e,0x6f,0x72,0x67,0x2f,0x32,0x30,0x30,
  0x30,0x2f,0x73,0x76,0x67,0x22,0x20,0x77,0x69,0x64,0x74,0x68,0x3d,0x22,0x32,0x34,
  0x22,0x20,0x68,0x65,0x69,0x67,0x68,0x74,0x3d,0x22,0x32,0x34,0x22,0x20,0x76,0x69,
  0x65,0x77,0x42,0x6f,0x78,0x3d,0x22,0x30,0x20,0x30,0x20,0x32,0x34,0x20,0x32,0x34,
  0x22,0x20,0x66,0x69,0x6c,0x6c,0x3d,0x22,0x6e,0x6f,0x6e,0x65,0x22,0x20,0x73,0x74,
  0x72,0x6f,0x6b,0x65,0x3d,0x22,0x23,0x66,0x66,0x66,0x22,0x20,0x73,0x74,0x72,0x6f,
  0x6b,0x65,0x2d,0x77,0x69,0x64,0x74,0x68,0x3d,0x22,0x32,0x22,0x20,0x73,0x74,0x72,
  0x6f,0x6b,0x65,0x2d,0x6c,0x69,0x6e,0x65,0x63,0x61,0x70,0x3d,0x22,0x72,0x6f,0x75,
  0x6e,0x64,0x22,0x20,0x73,0x74,0x72,0x6f,0x6b,0x65,0x2d,0x6c,0x69,0x6e,0x65,0x6a,
  0x6f,0x69,0x6e,0x3d,0x22,0x72,0x6f,0x75,0x6e,0x64,0x22,0x20,0x63,0x6c,0x61,0x73,
  0x73,0x3d,0x22,0x66,0x65,0x61,0x74,0x68,0x65,0x72,0x20,0x66,0x65,0x61,0x74,0x68,
  0x65,0x72,0x2d,0x63,0x6f,0x72,0x6e,0x65,0x72,0x2d,0x6c,0x65,0x66,0x74,0x2d,0x64,
  0x6f,0x77,0x6e,0x22,0x3e,0x3c,0x70,0x6f,0x6c,0x79,0x6c,0x69,0x6e,0x65,0x20,0x70,
  0x6f,0x69,0x6e,0x74,0x73,0x3d,0x22,0x31,0x34,0x20,0x31,0x35,0x20,0x39,0x20,0x32,
  0x30,0x20,0x34,0x20,0x31,0x35,0x22,0x3e,0x3c,0x2f,0x70,0x6f,0x6c,0x79,0x6c,0x69,
  0x6e,0x65,0x3e,0x3c,0x70,0x61,0x74,0x68,0x20,0x64,0x3d,0x22,0x4d,0x32,0x30,0x20,
  0x34,0x68,0x2d,0x37,0x61,0x34,0x20,0x34,0x20,0x30,0x20,0x30,0x20,0x30,0x2d,0x34,
  0x20,0x34,0x76,0x31,0x32,0x22,0x3e,0x3c,0x2f,0x70,0x61,0x74,0x68,0x3e,0x3c,0x2f,
  0x73,0x76,0x67,0x3e,
    // anchor.svg
  0x0,0x0,0x1,0x51,
  0x3c,
  0x73,0x76,0x67,0x20,0x78,0x6d,0x6c,0x6e,0x73,0x3d,0x22,0x68,0x74,0x74,0x70,0x3a,
  0x2f,0x2f,0x77,0x77,0x77,0x2e,0x77,0x33,0x2e,0x6f,0x72,0x67,0x2f,0x32,0x30,0x30,
  0x30,0x2f,0x73,0x76,0x67,0x22,0x20,0x77,0x69,0x64,0x74,0x68,0x3d,0x22,0x32,0x34,
  0x22,0x20,0x68,0x65,0x69,0x67,0x68,0x74,0x3d,0x22,0x32,0x34,0x22,0x20,0x76,0x69,
  0x65,0x77,0x42,0x6f,0x78,0x3d,0x22,0x30,0x20,0x30,0x20,0x32,0x34,0x20,0x32,0x34,
  0x22,0x20,0x66,0x69,0x6c,0x6c,0x3d,0x22,0x6e,0x6f,0x6e,0x65,0x22,0x20,0x73,0x74,
  0x72,0x6f,0x6b,0x65,0x3d,0x22,0x23,0x66,0x66,0x66,0x22,0x20,0x73,0x74,0x72,0x6f,
  0x6b,0x65,0x2d,0x77,0x69,0x64,0x74,0x68,0x3d,0x22,0x32,0x22,0x20,0x73,0x74,0x72,
  0x6f,0x6b,0x65,0x2d,0x6c,0x69,0x6e,0x65,0x63,0x61,0x70,0x3d,0x22,0x72,0x6f,0x75,
  0x6e,0x64,0x22,0x20,0x73,0x74,0x72,0x6f,0x6b,0x65,0x2d,0x6c,0x69,0x6e,0x65,0x6a,
  0x6f,0x69,0x6e,0x3d,0x22,0x72,0x6f,0x75,0x6e,0x64,0x22,0x20,0x63,0x6c,0x61,0x73,
  0x73,0x3d,0x22,0x66,0x65,0x61,0x74,0x68,0x65,0x72,0x20,0x66,0x65,0x61,0x74,0x68,
  0x65,0x72,0x2d,0x61,0x6e,0x63,0x68,0x6f,0x72,0x22,0x3e,0x3c,0x63,0x69,0x72,0x63,
  0x6c,0x65,0x20,0x63,0x78,0x3d,0x22,0x31,0x32,0x22,0x20,0x63,0x79,0x3d,0x22,0x35,
  0x22,0x20,0x72,0x3d,0x22,0x33,0x22,0x3e,0x3c,0x2f,0x63,0x69,0x72,0x63,0x6c,0x65,
  0x3e,0x3c,0x6c,0x69,0x6e,0x65,0x20,0x78,0x31,0x3d,0x22,0x31,0x32,0x22,0x20,0x79,
  0x31,0x3d,0x22,0x32,0x32,0x22,0x20,0x78,0x32,0x3d,0x22,0x31,0x32,0x22,0x20,0x79,
  0x32,0x3d,0x22,0x38,0x22,0x3e,0x3c,0x2f,0x6c,0x69,0x6e,0x65,0x3e,0x3c,0x70,0x61,
  0x74,0x68,0x20,0x64,0x3d,0x22,0x4d,0x35,0x20,0x31,0x32,0x48,0x32,0x61,0x31,0x30,
  0x20,0x31,0x30,0x20,0x30,0x20,0x30,0x20,0x30,0x20,0x32,0x30,0x20,0x30,0x68,0x2d,
  0x33,0x22,0x3e,0x3c,0x2f,0x70,0x61,0x74,0x68,0x3e,0x3c,0x2f,0x73,0x76,0x67,0x3e,
  
    // corner-right-down.svg
  0x0,0x0,0x1,0x36,
  0x3c,
  0x73,0x76,0x67,0x20,0x78,0x6d,0x6c,0x6e,0x73,0x3d,0x22,0x68,0x74,0x74,0x70,0x3a,
  0x2f,0x2f,0x77,0x77,0x77,0x2e,0x77,0x33,0x2e,0x6f,0x72,0x67,0x2f,0x32,0x30,0x30,
  0x30,0x2f,0x73,0x76,0x67,0x22,0x20,0x77,0x69,0x64,0x74,0x68,0x3d,0x22,0x32,0x34,
  0x22,0x20,0x68,0x65,0x69,0x67,0x68,0x74,0x3d,0x22,0x32,0x34,0x22,0x20,0x76,0x69,
  0x65,0x77,0x42,0x6f,0x78,0x3d,0x22,0x30,0x20,0x30,0x20,0x32,0x34,0x20,0x32,0x34,
  0x22,0x20,0x66,0x69,0x6c,0x6c,0x3d,0x22,0x6e,0x6f,0x6e,0x65,0x22,0x20,0x73,0x74,
  0x72,0x6f,0x6b,0x65,0x3d,0x22,0x23,0x66,0x66,0x66,0x22,0x20,0x73,0x74,0x72,0x6f,
  0x6b,0x65,0x2d,0x77,0x69,0x64,0x74,0x68,0x3d,0x22,0x32,0x22,0x20,0x73,0x74,0x72,
  0x6f,0x6b,0x65,0x2d,0x6c,0x69,0x6e,0x65,0x63,0x61,0x70,0x3d,0x22,0x72,0x6f,0x75,
  0x6e,0x64,0x22,0x20,0x73,0x74,0x72,0x6f,0x6b,0x65,0x2d,0x6c,0x69,0x6e,0x65,0x6a,
  0x6f,0x69,0x6e,0x3d,0x22,0x72,0x6f,0x75,0x6e,0x64,0x22,0x20,0x63,0x6c,0x61,0x73,
  0x73,0x3d,0x22,0x66,0x65,0x61,0x74,0x68,0x65,0x72,0x20,0x66,0x65,0x61,0x74,0x68,
  0x65,0x72,0x2d,0x63,0x6f,0x72,0x6e,0x65,0x72,0x2d,0x72,0x69,0x67,0x68,0x74,0x2d,
  0x64,0x6f,0x77,0x6e,0x22,0x3e,0x3c,0x70,0x6f,0x6c,0x79,0x6c,0x69,0x6e,0x65,0x20,
  0x70,0x6f,0x69,0x6e,0x74,0x73,0x3d,0x22,0x31,0x30,0x20,0x31,0x35,0x20,0x31,0x35,
  0x20,0x32,0x30,0x20,0x32,0x30,0x20,0x31,0x35,0x22,0x3e,0x3c,0x2f,0x70,0x6f,0x6c,
  0x79,0x6c,0x69,0x6e,0x65,0x3e,0x3c,0x70,0x61,0x74,0x68,0x20,0x64,0x3d,0x22,0x4d,
  0x34,0x20,0x34,0x68,0x37,0x61,0x34,0x20,0x34,0x20,0x30,0x20,0x30,0x20,0x31,0x20,
  0x34,0x20,0x34,0x76,0x31,0x32,0x22,0x3e,0x3c,0x2f,0x70,0x61,0x74,0x68,0x3e,0x3c,
  0x2f,0x73,0x76,0x67,0x3e,
    // facebook.svg
  0x0,0x0,0x1,0x27,
  0x3c,
  0x73,0x76,0x67,0x20,0x78,0x6d,0x6c,0x6e,0x73,0x3d,0x22,0x68,0x74,0x74,0x70,0x3a,
  0x2f,0x2f,0x77,0x77,0x77,0x2e,0x77,0x33,0x2e,0x6f,0x72,0x67,0x2f,0x32,0x30,0x30,
  0x30,0x2f,0x73,0x76,0x67,0x22,0x20,0x77,0x69,0x64,0x74,0x68,0x3d,0x22,0x32,0x34,
  0x22,0x20,0x68,0x65,0x69,0x67,0x68,0x74,0x3d,0x22,0x32,0x34,0x22,0x20,0x76,0x69,
  0x65,0x77,0x42,0x6f,0x78,0x3d,0x22,0x30,0x20,0x30,0x20,0x32,0x34,0x20,0x32,0x34,
  0x22,0x20,0x66,0x69,0x6c,0x6c,0x3d,0x22,0x6e,0x6f,0x6e,0x65,0x22,0x20,0x73,0x74,
  0x72,0x6f,0x6b,0x65,0x3d,0x22,0x23,0x66,0x66,0x66,0x22,0x20,0x73,0x74,0x72,0x6f,
  0x6b,0x65,0x2d,0x77,0x69,0x64,0x74,0x68,0x3d,0x22,0x32,0x22,0x20,0x73,0x74,0x72,
  0x6f,0x6b,0x65,0x2d,0x6c,0x69,0x6e,0x65,0x63,0x61,0x70,0x3d,0x22,0x72,0x6f,0x75,
  0x6e,0x64,0x22,0x20,0x73,0x74,0x72,0x6f,0x6b,0x65,0x2d,0x6c,0x69,0x6e,0x65,0x6a,
  0x6f,0x69,0x6e,0x3d,0x22,0x72,0x6f,0x75,0x6e,0x64,0x22,0x20,0x63,0x6c,0x61,0x73,
  0x73,0x3d,0x22,0x66,0x65,0x61,0x74,0x68,0x65,0x72,0x20,0x66,0x65,0x61,0x74,0x68,
  0x65,0x72,0x2d,0x66,0x61,0x63,0x65,0x62,0x6f,0x6f,0x6b,0x22,0x3e,0x3c,0x70,0x61,
  0x74,0x68,0x20,0x64,0x3d,0x22,0x4d,0x31,0x38,0x20,0x32,0x68,0x2d,0x33,0x61,0x35,
  0x20,0x35,0x20,0x30,0x20,0x30,0x20,0x30,0x2d,0x35,0x20,0x35,0x76,0x33,0x48,0x37,
  0x76,0x34,0x68,0x33,0x76,0x38,0x68,0x34,0x76,0x2d,0x38,0x68,0x33,0x6c,0x31,0x2d,
  0x34,0x68,0x2d,0x34,0x56,0x37,0x61,0x31,0x20,0x31,0x20,0x30,0x20,0x30,0x20,0x31,
  0x20,0x31,0x2d,0x31,0x68,0x33,0x7a,0x22,0x3e,0x3c,0x2f,0x70,0x61,0x74,0x68,0x3e,
  0x3c,0x2f,0x73,0x76,0x67,0x3e,
    // navigation-2.svg
  0x0,0x0,0x1,0xf,
  0x3c,
  0x73,0x76,0x67,0x20,0x78,0x6d,0x6c,0x6e,0x73,0x3d,0x22,0x68,0x74,0x74,0x70,0x3a,
  0x2f,0x2f,0x77,0x77,0x77,0x2e,0x77,0x33,0x2e,0x6f,0x72,0x67,0x2f,0x32,0x30,0x30,
  0x30,0x2f,0x73,0x76,0x67,0x22,0x20,0x77,0x69,0x64,0x74,0x68,0x3d,0x22,0x32,0x34,
  0x22,0x20,0x68,0x65,0x69,0x67,0x68,0x74,0x3d,0x22,0x32,0x34,0x22,0x20,0x76,0x69,
  0x65,0x77,0x42,0x6f,0x78,0x3d,0x22,0x30,0x20,0x30,0x20,0x32,0x34,0x20,0x32,0x34,
  0x22,0x20,0x66,0x69,0x6c,0x6c,0x3d,0x22,0x6e,0x6f,0x6e,0x65,0x22,0x20,0x73,0x74,
  0x72,0x6f,0x6b,0x65,0x3d,0x22,0x23,0x66,0x66,0x66,0x22,0x20,0x73,0x74,0x72,0x6f,
  0x6b,0x65,0x2d,0x77,0x69,0x64,0x74,0x68,0x3d,0x22,0x32,0x22,0x20,0x73,0x74,0x72,
  0x6f,0x6b,0x65,0x2d,0x6c,0x69,0x6e,0x65,0x63,0x61,0x70,0x3d,0x22,0x72,0x6f,0x75,
  0x6e,0x64,0x22,0x20,0x73,0x74,0x72,0x6f,0x6b,0x65,0x2d,0x6c,0x69,0x6e,0x65,0x6a,
  0x6f,0x69,0x6e,0x3d,0x22,0x72,0x6f,0x75,0x6e,0x64,0x22,0x20,0x63,0x6c,0x61,0x73,
  0x73,0x3d,0x22,0x66,0x65,0x61,0x74,0x68,0x65,0x72,0x20,0x66,0x65,0x61,0x74,0x68,
  0x65,0x72,0x2d,0x6e,0x61,0x76,0x69,0x67,0x61,0x74,0x69,0x6f,0x6e,0x2d,0x32,0x22,
  0x3e,0x3c,0x70,0x6f,0x6c,0x79,0x67,0x6f,0x6e,0x20,0x70,0x6f,0x69,0x6e,0x74,0x73,
  0x3d,0x22,0x31,0x32,0x20,0x32,0x20,0x31,0x39,0x20,0x32,0x31,0x20,0x31,0x32,0x20,
  0x31,0x37,0x20,0x35,0x20,0x32,0x31,0x20,0x31,0x32,0x20,0x32,0x22,0x3e,0x3c,0x2f,
  0x70,0x6f,0x6c,0x79,0x67,0x6f,0x6e,0x3e,0x3c,0x2f,0x73,0x76,0x67,0x3e,
    // at-sign.svg
  0x0,0x0,0x1,0x3a,
  0x3c,
  0x73,0x76,0x67,0x20,0x78,0x6d,0x6c,0x6e,0x73,0x3d,0x22,0x68,0x74,0x74,0x70,0x3a,
  0x2f,0x2f,0x77,0x77,0x77,0x2e,0x77,0x33,0x2e,0x6f,0x72,0x67,0x2f,0x32,0x30,0x30,
  0x30,0x2f,0x73,0x76,0x67,0x22,0x20,0x77,0x69,0x64,0x74,0x68,0x3d,0x22,0x32,0x34,
  0x22,0x20,0x68,0x65,0x69,0x67,0x68,0x74,0x3d,0x22,0x32,0x34,0x22,0x20,0x76,0x69,
  0x65,0x77,0x42,0x6f,0x78,0x3d,0x22,0x30,0x20,0x30,0x20,0x32,0x34,0x20,0x32,0x34,
  0x22,0x20,0x66,0x69,0x6c,0x6c,0x3d,0x22,0x6e,0x6f,0x6e,0x65,0x22,0x20,0x73,0x74,
  0x72,0x6f,0x6b,0x65,0x3d,0x22,0x23,0x66,0x66,0x66,0x22,0x20,0x73,0x74,0x72,0x6f,
  0x6b,0x65,0x2d,0x77,0x69,0x64,0x74,0x68,0x3d,0x22,0x32,0x22,0x20,0x73,0x74,0x72,
  0x6f,0x6b,0x65,0x2d,0x6c,0x69,0x6e,0x65,0x63,0x61,0x70,0x3d,0x22,0x72,0x6f,0x75,
  0x6e,0x64,0x22,0x20,0x73,0x74,0x72,0x6f,0x6b,0x65,0x2d,0x6c,0x69,0x6e,0x65,0x6a,
  0x6f,0x69,0x6e,0x3d,0x22,0x72,0x6f,0x75,0x6e,0x64,0x22,0x20,0x63,0x6c,0x61,0x73,
  0x73,0x3d,0x22,0x66,0x65,0x61,0x74,0x68,0x65,0x72,0x20,0x66,0x65,0x61,0x74,0x68,
  0x65,0x72,0x2d,0x61,0x74,0x2d,0x73,0x69,0x67,0x6e,0x22,0x3e,0x3c,0x63,0x69,0x72,
  0x63,0x6c,0x65,0x20,0x63,0x78,0x3d,0x22,0x31,0x32,0x22,0x20,0x63,0x79,0x3d,0x22,
  0x31,0x32,0x22,0x20,0x72,0x3d,0x22,0x34,0x22,0x3e,0x3c,0x2f,0x63,0x69,0x72,0x63,
  0x6c,0x65,0x3e,0x3c,0x70,0x61,0x74,0x68,0x20,0x64,0x3d,0x22,0x4d,0x31,0x36,0x20,
  0x38,0x76,0x35,0x61,0x33,0x20,0x33,0x20,0x30,0x20,0x30,0x20,0x30,0x20,0x36,0x20,
  0x30,0x76,0x2d,0x31,0x61,0x31,0x30,0x20,0x31,0x30,0x20,0x30,0x20,0x31,0x20,0x30,
  0x2d,0x33,0x2e,0x39,0x32,0x20,0x37,0x2e,0x39,0x34,0x22,0x3e,0x3c,0x2f,0x70,0x61,
  0x74,0x68,0x3e,0x3c,0x2f,0x73,0x76,0x67,0x3e,
    // battery-charging.svg
  0x0,0x0,0x1,0xa3,
  0x3c,
  0x73,0x76,0x67,0x20,0x78,0x6d,0x6c,0x6e,0x73,0x3d,0x22,0x68,0x74,0x74,0x70,0x3a,
  0x2f,0x2f,0x77,0x77,0x77,0x2e,0x77,0x33,0x2e,0x6f,0x72,0x67,0x2f,0x32,0x30,0x30,
  0x30,0x2f,0x73,0x76,0x67,0x22,0x20,0x77,0x69,0x64,0x74,0x68,0x3d,0x22,0x32,0x34,
  0x22,0x20,0x68,0x65,0x69,0x67,0x68,0x74,0x3d,0x22,0x32,0x34,0x22,0x20,0x76,0x69,
  0x65,0x77,0x42,0x6f,0x78,0x3d,0x22,0x30,0x20,0x30,0x20,0x32,0x34,0x20,0x32,0x34,
  0x22,0x20,0x66,0x69,0x6c,0x6c,0x3d,0x22,0x6e,0x6f,0x6e,0x65,0x22,0x20,0x73,0x74,
  0x72,0x6f,0x6b,0x65,0x3d,0x22,0x23,0x66,0x66,0x66,0x22,0x20,0x73,0x74,0x72,0x6f,
  0x6b,0x65,0x2d,0x77,0x69,0x64,0x74,0x68,0x3d,0x22,0x32,0x22,0x20,0x73,0x74,0x72,
  0x6f,0x6b,0x65,0x2d,0x6c,0x69,0x6e,0x65,0x63,0x61,0x70,0x3d,0x22,0x72,0x6f,0x75,
  0x6e,0x64,0x22,0x20,0x73,0x74,0x72,0x6f,0x6b,0x65,0x2d,0x6c,0x69,0x6e,0x65,0x6a,
  0x6f,0x69,0x6e,0x3d,0x22,0x72,0x6f,0x75,0x6e,0x64,0x22,0x20,0x63,0x6c,0x61,0x73,
  0x73,0x3d,0x22,0x66,0x65,0x61,0x74,0x68,0x65,0x72,0x20,0x66,0x65,0x61,0x74,0x68,
  0x65,0x72,0x2d,0x62,0x61,0x74,0x74,0x65,0x72,0x79,0x2d,0x63,0x68,0x61,0x72,0x67,
  0x69,0x6e,0x67,0x22,0x3e,0x3c,0x70,0x61,0x74,0x68,0x20,0x64,0x3d,0x22,0x4d,0x35,
  0x20,0x31,0x38,0x48,0x33,0x61,0x32,0x20,0x32,0x20,0x30,0x20,0x30,0x20,0x31,0x2d,
  0x32,0x2d,0x32,0x56,0x38,0x61,0x32,0x20,0x32,0x20,0x30,0x20,0x30,0x20,0x31,0x20,
  0x32,0x2d,0x32,0x68,0x33,0x2e,0x31,0x39,0x4d,0x31,0x35,0x20,0x36,0x68,0x32,0x61,
  0x32,0x20,0x32,0x20,0x30,0x20,0x30,0x20,0x31,0x20,0x32,0x20,0x32,0x76,0x38,0x61,
  0x32,0x20,0x32,0x20,0x30,0x20,0x30,0x20,0x31,0x2d,0x32,0x20,0x32,0x68,0x2d,0x33,
  0x2e,0x31,0x39,0x22,0x3e,0x3c,0x2f,0x70,0x61,0x74,0x68,0x3e,0x3c,0x6c,0x69,0x6e,
  0x65,0x20,0x78,0x31,0x3d,0x22,0x32,0x33,0x22,0x20,0x79,0x31,0x3d,0x22,0x31,0x33,
  0x22,0x20,0x78,0x32,0x3d,0x22,0x32,0x33,0x22,0x20,0x79,0x32,0x3d,0x22,0x31,0x31,
  0x22,0x3e,0x3c,0x2f,0x6c,0x69,0x6e,0x65,0x3e,0x3c,0x70,0x6f,0x6c,0x79,0x6c,0x69,
  0x6e,0x65,0x20,0x70,0x6f,0x69,0x6e,0x74,0x73,0x3d,0x22,0x31,0x31,0x20,0x36,0x20,
  0x37,0x20,0x31,0x32,0x20,0x31,0x33,0x20,0x31,0x32,0x20,0x39,0x20,0x31,0x38,0x22,
  0x3e,0x3c,0x2f,0x70,0x6f,0x6c,0x79,0x6c,0x69,0x6e,0x65,0x3e,0x3c,0x2f,0x73,0x76,
  0x67,0x3e,
    // inbox.svg
  0x0,0x0,0x1,0x8d,
  0x3c,
  0x73,0x76,0x67,0x20,0x78,0x6d,0x6c,0x6e,0x73,0x3d,0x22,0x68,0x74,0x74,0x70,0x3a,
  0x2f,0x2f,0x77,0x77,0x77,0x2e,0x77,0x33,0x2e,0x6f,0x72,0x67,0x2f,0x32,0x30,0x30,
  0x30,0x2f,0x73,0x76,0x67,0x22,0x20,0x77,0x69,0x64,0x74,0x68,0x3d,0x22,0x32,0x34,
  0x22,0x20,0x68,0x65,0x69,0x67,0x68,0x74,0x3d,0x22,0x32,0x34,0x22,0x20,0x76,0x69,
  0x65,0x77,0x42,0x6f,0x78,0x3d,0x22,0x30,0x20,0x30,0x20,0x32,0x34,0x20,0x32,0x34,
  0x22,0x20,0x66,0x69,0x6c,0x6c,0x3d,0x22,0x6e,0x6f,0x6e,0x65,0x22,0x20,0x73,0x74,
  0x72,0x6f,0x6b,0x65,0x3d,0x22,0x23,0x66,0x66,0x66,0x22,0x20,0x73,0x74,0x72,0x6f,
  0x6b,0x65,0x2d,0x77,0x69,0x64,0x74,0x68,0x3d,0x22,0x32,0x22,0x20,0x73,0x74,0x72,
  0x6f,0x6b,0x65,0x2d,0x6c,0x69,0x6e,0x65,0x63,0x61,0x70,0x3d,0x22,0x72,0x6f,0x75,
  0x6e,0x64,0x22,0x20,0x73,0x74,0x72,0x6f,0x6b,0x65,0x2d,0x6c,0x69,0x6e,0x65,0x6a,
  0x6f,0x69,0x6e,0x3d,0x22,0x72,0x6f,0x75,0x6e,0x64,0x22,0x20,0x63,0x6c,0x61,0x73,
  0x73,0x3d,0x22,0x66,0x65,0x61,0x74,0x68,0x65,0x72,0x20,0x66,0x65,0x61,0x74,0x68,
  0x65,0x72,0x2d,0x69,0x6e,0x62,0x6f,0x78,0x22,0x3e,0x3c,0x70,0x6f,0x6c,0x79,0x6c,
  0x69,0x6e,0x65,0x20,0x70,0x6f,0x69,0x6e,0x74,0x73,0x3d,0x22,0x32,0x32,0x20,0x31,
  0x32,0x20,0x31,0x36,0x20,0x31,0x32,0x20,0x31,0x34,0x20,0x31,0x35,0x20,0x31,0x30,
  0x20,0x31,0x35,0x20,0x38,0x20,0x31,0x32,0x20,0x32,0x20,0x31,0x32,0x22,0x3e,0x3c,
  0x2f,0x70,0x6f,0x6c,0x79,0x6c,0x69,0x6e,0x65,0x3e,0x3c,0x70,0x61,0x74,0x68,0x20,
  0x64,0x3d,0x22,0x4d,0x35,0x2e,0x34,0x35,0x20,0x35,0x2e,0x31,0x31,0x4c,0x32,0x20,
  0x31,0x32,0x76,0x36,0x61,0x32,0x20,0x32,0x20,0x30,0x20,0x30,0x20,0x30,0x20,0x32,
  0x20,0x32,0x68,0x31,0x36,0x61,0x32,0x20,0x32,0x20,0x30,0x20,0x30,0x20,0x30,0x20,
  0x32,0x2d,0x32,0x76,0x2d,0x36,0x6c,0x2d,0x33,0x2e,0x34,0x35,0x2d,0x36,0x2e,0x38,
  0x39,0x41,0x32,0x20,0x32,0x20,0x30,0x20,0x30,0x20,0x30,0x20,0x31,0x36,0x2e,0x37,
  0x36,0x20,0x34,0x48,0x37,0x2e,0x32,0x34,0x61,0x32,0x20,0x32,0x20,0x30,0x20,0x30,
  0x20,0x30,0x2d,0x31,0x2e,0x37,0x39,0x20,0x31,0x2e,0x31,0x31,0x7a,0x22,0x3e,0x3c,
  0x2f,0x70,0x61,0x74,0x68,0x3e,0x3c,0x2f,0x73,0x76,0x67,0x3e,
    // cloud-lightning.svg
  0x0,0x0,0x1,0x51,
  0x3c,
  0x73,0x76,0x67,0x20,0x78,0x6d,0x6c,0x6e,0x73,0x3d,0x22,0x68,0x74,0x74,0x70,0x3a,
  0x2f,0x2f,0x77,0x77,0x77,0x2e,0x77,0x33,0x2e,0x6f,0x72,0x67,0x2f,0x32,0x30,0x30,
  0x30,0x2f,0x73,0x76,0x67,0x22,0x20,0x77,0x69,0x64,0x74,0x68,0x3d,0x22,0x32,0x34,
  0x22,0x20,0x68,0x65,0x69,0x67,0x68,0x74,0x3d,0x22,0x32,0x34,0x22,0x20,0x76,0x69,
  0x65,0x77,0x42,0x6f,0x78,0x3d,0x22,0x30,0x20,0x30,0x20,0x32,0x34,0x20,0x32,0x34,
  0x22,0x20,0x66,0x69,0x6c,0x6c,0x3d,0x22,0x6e,0x6f,0x6e,0x65,0x22,0x20,0x73,0x74,
  0x72,0x6f,0x6b,0x65,0x3d,0x22,0x23,0x66,0x66,0x66,0x22,0x20,0x73,0x74,0x72,0x6f,
  0x6b,0x65,0x2d,0x77,0x69,0x64,0x74,0x68,0x3d,0x22,0x32,0x22,0x20,0x73,0x74,0x72,
  0x6f,0x6b,0x65,0x2d,0x6c,0x69,0x6e,0x65,0x63,0x61,0x70,0x3d,0x22,0x72,0x6f,0x75,
  0x6e,0x64,0x22,0x20,0x73,0x74,0x72,0x6f,0x6b,0x65,0x2d,0x6c,0x69,0x6e,0x65,0x6a,
  0x6f,0x69,0x6e,0x3d,0x22,0x72,0x6f,0x75,0x6e,0x64,0x22,0x20,0x63,0x6c,0x61,0x73,
  0x73,0x3d,0x22,0x66,0x65,0x61,0x74,0x68,0x65,0x72,0x20,0x66,0x65,0x61,0x74,0x68,
  0x65,0x72,0x2d,0x63,0x6c,0x6f,0x75,0x64,0x2d,0x6c,0x69,0x67,0x68,0x74,0x6e,0x69,
  0x6e,0x67,0x22,0x3e,0x3c,0x70,0x61,0x74,0x68,0x20,0x64,0x3d,0x22,0x4d,0x31,0x39,
  0x20,0x31,0x36,0x2e,0x39,0x41,0x35,0x20,0x35,0x20,0x30,0x20,0x30,0x20,0x30,0x20,
  0x31,0x38,0x20,0x37,0x68,0x2d,0x31,0x2e,0x32,0x36,0x61,0x38,0x20,0x38,0x20,0x30,
  0x20,0x31,0x20,0x30,0x2d,0x31,0x31,0x2e,0x36,0x32,0x20,0x39,0x22,0x3e,0x3c,0x2f,
  0x70,0x61,0x74,0x68,0x3e,0x3c,0x70,0x6f,0x6c,0x79,0x6c,0x69,0x6e,0x65,0x20,0x70,
  0x6f,0x69,0x6e,0x74,0x73,0x3d,0x22,0x31,0x33,0x20,0x31,0x31,0x20,0x39,0x20,0x31,
  0x37,0x20,0x31,0x35,0x20,0x31,0x37,0x20,0x31,0x31,0x20,0x32,0x33,0x22,0x3e,0x3c,
  0x2f,0x70,0x6f,0x6c,0x79,0x6c,0x69,0x6e,0x65,0x3e,0x3c,0x2f,0x73,0x76,0x67,0x3e,
  
    // file-text.svg
  0x0,0x0,0x1,0xd1,
  0x3c,
  0x73,0x76,0x67,0x20,0x78,0x6d,0x6c,0x6e,0x73,0x3d,0x22,0x68,0x74,0x74,0x70,0x3a,
  0x2f,0x2f,0x77,0x77,0x77,0x2e,0x77,0x33,0x2e,0x6f,0x72,0x67,0x2f,0x32,0x30,0x30,
  0x30,0x2f,0x73,0x76,0x67,0x22,0x20,0x77,0x69,0x64,0x74,0x68,0x3d,0x22,0x32,0x34,
  0x22,0x20,0x68,0x65,0x69,0x67,0x68,0x74,0x3d,0x22,0x32,0x34,0x22,0x20,0x76,0x69,
  0x65,0x77,0x42,0x6f,0x78,0x3d,0x22,0x30,0x20,0x30,0x20,0x32,0x34,0x20,0x32,0x34,
  0x22,0x20,0x66,0x69,0x6c,0x6c,0x3d,0x22,0x6e,0x6f,0x6e,0x65,0x22,0x20,0x73,0x74,
  0x72,0x6f,0x6b,0x65,0x3d,0x22,0x23,0x66,0x66,0x66,0x22,0x20,0x73,0x74,0x72,0x6f,
  0x6b,0x65,0x2d,0x77,0x69,0x64,0x74,0x68,0x3d,0x22,0x32,0x22,0x20,0x73,0x74,0x72,
  0x6f,0x6b,0x65,0x2d,0x6c,0x69,0x6e,0x65,0x63,0x61,0x70,0x3d,0x22,0x72,0x6f,0x75,
  0x6e,0x64,0x22,0x20,0x73,0x74,0x72,0x6f,0x6b,0x65,0x2d,0x6c,0x69,0x6e,0x65,0x6a,
  0x6f,0x69,0x6e,0x3d,0x22,0x72,0x6f,0x75,0x6e,0x64,0x22,0x20,0x63,0x6c,0x61,0x73,
  0x73,0x3d,0x22,0x66,0x65,0x61,0x74,0x68,0x65,0x72,0x20,0x66,0x65,0x61,0x74,0x68,
  0x65,0x72,0x2d,0x66,0x69,0x6c,0x65,0x2d,0x74,0x65,0x78,0x74,0x22,0x3e,0x3c,0x70,
  0x61,0x74,0x68,0x20,0x64,0x3d,0x22,0x4d,0x31,0x34,0x20,0x32,0x48,0x36,0x61,0x32,
  0x20,0x32,0x20,0x30,0x20,0x30,0x20,0x30,0x2d,0x32,0x20,0x32,0x76,0x31,0x36,0x61,
  0x32,0x20,0x32,0x20,0x30,0x20,0x30,0x20,0x30,0x20,0x32,0x20,0x32,0x68,0x31,0x32,
  0x61,0x32,0x20,0x32,0x20,0x30,0x20,0x30,0x20,0x30,0x20,0x32,0x2d,0x32,0x56,0x38,
  0x7a,0x22,0x3e,0x3c,0x2f,0x70,0x61,0x74,0x68,0x3e,0x3c,0x70,0x6f,0x6c,0x79,0x6c,
  0x69,0x6e,0x65,0x20,0x70,0x6f,0x69,0x6e,0x74,0x73,0x3d,0x22,0x31,0x34,0x20,0x32,
  0x20,0x31,0x34,0x20,0x38,0x20,0x32,0x30,0x20,0x38,0x22,0x3e,0x3c,0x2f,0x70,0x6f,
  0x6c,0x79,0x6c,0x69,0x6e,0x65,0x3e,0x3c,0x6c,0x69,0x6e,0x65,0x20,0x78,0x31,0x3d,
  0x22,0x31,0x36,0x22,0x20,0x79,0x31,0x3d,0x22,0x31,0x33,0x22,0x20,0x78,0x32,0x3d,
  0x22,0x38,0x22,0x20,0x79,0x32,0x3d,0x22,0x31,0x33,0x22,0x3e,0x3c,0x2f,0x6c,0x69,
  0x6e,0x65,0x3e,0x3c,0x6c,0x69,0x6e,0x65,0x20,0x78,0x31,0x3d,0x22,0x31,0x36,0x22,
  0x20,0x79,0x31,0x3d,0x22,0x31,0x37,0x22,0x20,0x78,0x32,0x3d,0x22,0x38,0x22,0x20,
  0x79,0x32,0x3d,0x22,0x31,0x37,0x22,0x3e,0x3c,0x2f,0x6c,0x69,0x6e,0x65,0x3e,0x3c,
  0x70,0x6f,0x6c,0x79,0x6c,0x69,0x6e,0x65,0x20,0x70,0x6f,0x69,0x6e,0x74,0x73,0x3d,
  0x22,0x31,0x30,0x20,0x39,0x20,0x39,0x20,0x39,0x20,0x38,0x20,0x39,0x22,0x3e,0x3c,
  0x2f,0x70,0x6f,0x6c,0x79,0x6c,0x69,0x6e,0x65,0x3e,0x3c,0x2f,0x73,0x76,0x67,0x3e,
  
    // align-right.svg
  0x0,0x0,0x1,0x85,
  0x3c,
  0x73,0x76,0x67,0x20,0x78,0x6d,0x6c,0x6e,0x73,0x3d,0x22,0x68,0x74,0x74,0x70,0x3a,
  0x2f,0x2f,0x77,0x77,0x77,0x2e,0x77,0x33,0x2e,0x6f,0x72,0x67,0x2f,0x32,0x30,0x30,
  0x30,0x2f,0x73,0x76,0x67,0x22,0x20,0x77,0x69,0x64,0x74,0x68,0x3d,0x22,0x32,0x34,
  0x22,0x20,0x68,0x65,0x69,0x67,0x68,0x74,0x3d,0x22,0x32,0x34,0x22,0x20,0x76,0x69,
  0x65,0x77,0x42,0x6f,0x78,0x3d,0x22,0x30,0x20,0x30,0x20,0x32,0x34,0x20,0x32,0x34,
  0x22,0x20,0x66,0x69,0x6c,0x6c,0x3d,0x22,0x6e,0x6f,0x6e,0x65,0x22,0x20,0x73,0x74,
  0x72,0x6f,0x6b,0x65,0x3d,0x22,0x23,0x66,0x66,0x66,0x22,0x20,0x73,0x74,0x72,0x6f,
  0x6b,0x65,0x2d,0x77,0x69,0x64,0x74,0x68,0x3d,0x22,0x32,0x22,0x20,0x73,0x74,0x72,
  0x6f,0x6b,0x65,0x2d,0x6c,0x69,0x6e,0x65,0x63,0x61,0x70,0x3d,0x22,0x72,0x6f,0x75,
  0x6e,0x64,0x22,0x20,0x73,0x74,0x72,0x6f,0x6b,0x65,0x2d,0x6c,0x69,0x6e,0x65,0x6a,
  0x6f,0x69,0x6e,0x3d,0x22,0x72,0x6f,0x75,0x6e,0x64,0x22,0x20,0x63,0x6c,0x61,0x73,
  0x73,0x3d,0x22,0x66,0x65,0x61,0x74,0x68,0x65,0x72,0x20,0x66,0x65,0x61,0x74,0x68,
  0x65,0x72,0x2d,0x61,0x6c,0x69,0x67,0x6e,0x2d,0x72,0x69,0x67,0x68,0x74,0x22,0x3e,
  0x3c,0x6c,0x69,0x6e,0x65,0x20,0x78,0x31,0x3d,0x22,0x32,0x31,0x22,0x20,0x79,0x31,
  0x3d,0x22,0x31,0x30,0x22,0x20,0x78,0x32,0x3d,0x22,0x37,0x22,0x20,0x79,0x32,0x3d,
  0x22,0x31,0x30,0x22,0x3e,0x3c,0x2f,0x6c,0x69,0x6e,0x65,0x3e,0x3c,0x6c,0x69,0x6e,
  0x65,0x20,0x78,0x31,0x3d,0x22,0x32,0x31,0x22,0x20,0x79,0x31,0x3d,0x22,0x36,0x22,
  0x20,0x78,0x32,0x3d,0x22,0x33,0x22,0x20,0x79,0x32,0x3d,0x22,0x36,0x22,0x3e,0x3c,
  0x2f,0x6c,0x69,0x6e,0x65,0x3e,0x3c,0x6c,0x69,0x6e,0x65,0x20,0x78,0x31,0x3d,0x22,
  0x32,0x31,0x22,0x20,0x79,0x31,0x3d,0x22,0x31,0x34,0x22,0x20,0x78,0x32,0x3d,0x22,
  0x33,0x22,0x20,0x79,0x32,0x3d,0x22,0x31,0x34,0x22,0x3e,0x3c,0x2f,0x6c,0x69,0x6e,
  0x65,0x3e,0x3c,0x6c,0x69,0x6e,0x65,0x20,0x78,0x31,0x3d,0x22,0x32,0x31,0x22,0x20,
  0x79,0x31,0x3d,0x22,0x31,0x38,0x22,0x20,0x78,0x32,0x3d,0x22,0x37,0x22,0x20,0x79,
  0x32,0x3d,0x22,0x31,0x38,0x22,0x3e,0x3c,0x2f,0x6c,0x69,0x6e,0x65,0x3e,0x3c,0x2f,
  0x73,0x76,0x67,0x3e,
    // wind.svg
  0x0,0x0,0x1,0x3e,
  0x3c,
  0x73,0x76,0x67,0x20,0x78,0x6d,0x6c,0x6e,0x73,0x3d,0x22,0x68,0x74,0x74,0x70,0x3a,
  0x2f,0x2f,0x77,0x77,0x77,0x2e,0x77,0x33,0x2e,0x6f,0x72,0x67,0x2f,0x32,0x30,0x30,
  0x30,0x2f,0x73,0x76,0x67,0x22,0x20,0x77,0x69,0x64,0x74,0x68,0x3d,0x22,0x32,0x34,
  0x22,0x20,0x68,0x65,0x69,0x67,0x68,0x74,0x3d,0x22,0x32,0x34,0x22,0x20,0x76,0x69,
  0x65,0x77,0x42,0x6f,0x78,0x3d,0x22,0x30,0x20,0x30,0x20,0x32,0x34,0x20,0x32,0x34,
  0x22,0x20,0x66,0x69,0x6c,0x6c,0x3d,0x22,0x6e,0x6f,0x6e,0x65,0x22,0x20,0x73,0x74,
  0x72,0x6f,0x6b,0x65,0x3d,0x22,0x23,0x66,0x66,0x66,0x22,0x20,0x73,0x74,0x72,0x6f,
  0x6b,0x65,0x2d,0x77,0x69,0x64,0x74,0x68,0x3d,0x22,0x32,0x22,0x20,0x73,0x74,0x72,
  0x6f,0x6b,0x65,0x2d,0x6c,0x69,0x6e,0x65,0x63,0x61,0x70,0x3d,0x22,0x72,0x6f,0x75,
  0x6e,0x64,0x22,0x20,0x73,0x74,0x72,0x6f,0x6b,0x65,0x2d,0x6c,0x69,0x6e,0x65,0x6a,
  0x6f,0x69,0x6e,0x3d,0x22,0x72,0x6f,0x75,0x6e,0x64,0x22,0x20,0x63,0x6c,0x61,0x73,
  0x73,0x3d,0x22,0x66,0x65,0x61,0x74,0x68,0x65,0x72,0x20,0x66,0x65,0x61,0x74,0x68,
  0x65,0x72,0x2d,0x77,0x69,0x6e,0x64,0x22,0x3e,0x3c,0x70,0x61,0x74,0x68,0x20,0x64,
  0x3d,0x22,0x4d,0x39,0x2e,0x35,0x39,0x20,0x34,0x2e,0x35,0x39,0x41,0x32,0x20,0x32,
  0x20,0x30,0x20,0x31,0x20,0x31,0x20,0x31,0x31,0x20,0x38,0x48,0x32,0x6d,0x31,0x30,
  0x2e,0x35,0x39,0x20,0x31,0x31,0x2e,0x34,0x31,0x41,0x32,0x20,0x32,0x20,0x30,0x20,
  0x31,0x20,0x30,0x20,0x31,0x34,0x20,0x31,0x36,0x48,0x32,0x6d,0x31,0x35,0x2e,0x37,
  0x33,0x2d,0x38,0x2e,0x32,0x37,0x41,0x32,0x2e,0x35,0x20,0x32,0x2e,0x35,0x20,0x30,
  0x20,0x31,0x20,0x31,0x20,0x31,0x39,0x2e,0x35,0x20,0x31,0x32,0x48,0x32,0x22,0x3e,
  0x3c,0x2f,0x70,0x61,0x74,0x68,0x3e,0x3c,0x2f,0x73,0x76,0x67,0x3e,
    // zap.svg
  0x0,0x0,0x1,0x12,
  0x3c,
  0x73,0x76,0x67,0x20,0x78,0x6d,0x6c,0x6e,0x73,0x3d,0x22,0x68,0x74,0x74,0x70,0x3a,
  0x2f,0x2f,0x77,0x77,0x77,0x2e,0x77,0x33,0x2e,0x6f,0x72,0x67,0x2f,0x32,0x30,0x30,
  0x30,0x2f,0x73,0x76,0x67,0x22,0x20,0x77,0x69,0x64,0x74,0x68,0x3d,0x22,0x32,0x34,
  0x22,0x20,0x68,0x65,0x69,0x67,0x68,0x74,0x3d,0x22,0x32,0x34,0x22,0x20,0x76,0x69,
  0x65,0x77,0x42,0x6f,0x78,0x3d,0x22,0x30,0x20,0x30,0x20,0x32,0x34,0x20,0x32,0x34,
  0x22,0x20,0x66,0x69,0x6c,0x6c,0x3d,0x22,0x6e,0x6f,0x6e,0x65,0x22,0x20,0x73,0x74,
  0x72,0x6f,0x6b,0x65,0x3d,0x22,0x23,0x66,0x66,0x66,0x22,0x20,0x73,0x74,0x72,0x6f,
  0x6b,0x65,0x2d,0x77,0x69,0x64,0x74,0x68,0x3d,0x22,0x32,0x22,0x20,0x73,0x74,0x72,
  0x6f,0x6b,0x65,0x2d,0x6c,0x69,0x6e,0x65,0x63,0x61,0x70,0x3d,0x22,0x72,0x6f,0x75,
  0x6e,0x64,0x22,0x20,0x73,0x74,0x72,0x6f,0x6b,0x65,0x2d,0x6c,0x69,0x6e,0x65,0x6a,
  0x6f,0x69,0x6e,0x3d,0x22,0x72,0x6f,0x75,0x6e,0x64,0x22,0x20,0x63,0x6c,0x61,0x73,
  0x73,0x3d,0x22,0x66,0x65,0x61,0x74,0x68,0x65,0x72,0x20,0x66,0x65,0x61,0x74,0x68,
  0x65,0x72,0x2d,0x7a,0x61,0x70,0x22,0x3e,0x3c,0x70,0x6f,0x6c,0x79,0x67,0x6f,0x6e,
  0x20,0x70,0x6f,0x69,0x6e,0x74,0x73,0x3d,0x22,0x31,0x33,0x20,0x32,0x20,0x33,0x20,
  0x31,0x34,0x20,0x31,0x32,0x20,0x31,0x34,0x20,0x31,0x31,0x20,0x32,0x32,0x20,0x32,
  0x31,0x20,0x31,0x30,0x20,0x31,0x32,0x20,0x31,0x30,0x20,0x31,0x33,0x20,0x32,0x22,
  0x3e,0x3c,0x2f,0x70,0x6f,0x6c,0x79,0x67,0x6f,0x6e,0x3e,0x3c,0x2f,0x73,0x76,0x67,
  0x3e,
    // power.svg
  0x0,0x0,0x1,0x2c,
  0x3c,
  0x73,0x76,0x67,0x20,0x78,0x6d,0x6c,0x6e,0x73,0x3d,0x22,0x68,0x74,0x74,0x70,0x3a,
  0x2f,0x2f,0x77,0x77,0x77,0x2e,0x77,0x33,0x2e,0x6f,0x72,0x67,0x2f,0x32,0x30,0x30,
  0x30,0x2f,0x73,0x76,0x67,0x22,0x20,0x77,0x69,0x64,0x74,0x68,0x3d,0x22,0x32,0x34,
  0x22,0x20,0x68,0x65,0x69,0x67,0x68,0x74,0x3d,0x22,0x32,0x34,0x22,0x20,0x76,0x69,
  0x65,0x77,0x42,0x6f,0x78,0x3d,0x22,0x30,0x20,0x30,0x20,0x32,0x34,0x20,0x32,0x34,
  0x22,0x20,0x66,0x69,0x6c,0x6c,0x3d,0x22,0x6e,0x6f,0x6e,0x65,0x22,0x20,0x73,0x74,
  0x72,0x6f,0x6b,0x65,0x3d,0x22,0x23,0x66,0x66,0x66,0x22,0x20,0x73,0x74,0x72,0x6f,
  0x6b,0x65,0x2d,0x77,0x69,0x64,0x74,0x68,0x3d,0x22,0x32,0x22,0x20,0x73,0x74,0x72,
  0x6f,0x6b,0x65,0x2d,0x6c,0x69,0x6e,0x65,0x63,0x61,0x70,0x3d,0x22,0x72,0x6f,0x75,
  0x6e,0x64,0x22,0x20,0x73,0x74,0x72,0x6f,0x6b,0x65,0x2d,0x6c,0x69,0x6e,0x65,0x6a,
  0x6f,0x69,0x6e,0x3d,0x22,0x72,0x6f,0x75,0x6e,0x64,0x22,0x20,0x63,0x6c,0x61,0x73,
  0x73,0x3d,0x22,0x66,0x65,0x61,0x74,0x68,0x65,0x72,0x20,0x66,0x65,0x61,0x74,0x68,
  0x65,0x72,0x2d,0x70,0x6f,0x77,0x65,0x72,0x22,0x3e,0x3c,0x70,0x61,0x74,0x68,0x20,
  0x64,0x3d,0x22,0x4d,0x31,0x38,0x2e,0x33,0x36,0x20,0x36,0x2e,0x36,0x34,0x61,0x39,
  0x20,0x39,0x20,0x30,0x20,0x31,0x20,0x31,0x2d,0x31,0x32,0x2e,0x37,0x33,0x20,0x30,
  0x22,0x3e,0x3c,0x2f,0x70,0x61,0x74,0x68,0x3e,0x3c,0x6c,0x69,0x6e,0x65,0x20,0x78,
  0x31,0x3d,0x22,0x31,0x32,0x22,0x20,0x79,0x31,0x3d,0x22,0x32,0x22,0x20,0x78,0x32,
  0x3d,0x22,0x31,0x32,0x22,0x20,0x79,0x32,0x3d,0x22,0x31,0x32,0x22,0x3e,0x3c,0x2f,
  0x6c,0x69,0x6e,0x65,0x3e,0x3c,0x2f,0x73,0x76,0x67,0x3e,
    // bold.svg
  0x0,0x0,0x1,0x3f,
  0x3c,
  0x73,0x76,0x67,0x20,0x78,0x6d,0x6c,0x6e,0x73,0x3d,0x22,0x68,0x74,0x74,0x70,0x3a,
  0x2f,0x2f,0x77,0x77,0x77,0x2e,0x77,0x33,0x2e,0x6f,0x72,0x67,0x2f,0x32,0x30,0x30,
  0x30,0x2f,0x73,0x76,0x67,0x22,0x20,0x77,0x69,0x64,0x74,0x68,0x3d,0x22,0x32,0x34,
  0x22,0x20,0x68,0x65,0x69,0x67,0x68,0x74,0x3d,0x22,0x32,0x34,0x22,0x20,0x76,0x69,
  0x65,0x77,0x42,0x6f,0x78,0x3d,0x22,0x30,0x20,0x30,0x20,0x32,0x34,0x20,0x32,0x34,
  0x22,0x20,0x66,0x69,0x6c,0x6c,0x3d,0x22,0x6e,0x6f,0x6e,0x65,0x22,0x20,0x73,0x74,
  0x72,0x6f,0x6b,0x65,0x3d,0x22,0x23,0x66,0x66,0x66,0x22,0x20,0x73,0x74,0x72,0x6f,
  0x6b,0x65,0x2d,0x77,0x69,0x64,0x74,0x68,0x3d,0x22,0x32,0x22,0x20,0x73,0x74,0x72,
  0x6f,0x6b,0x65,0x2d,0x6c,0x69,0x6e,0x65,0x63,0x61,0x70,0x3d,0x22,0x72,0x6f,0x75,
  0x6e,0x64,0x22,0x20,0x73,0x74,0x72,0x6f,0x6b,0x65,0x2d,0x6c,0x69,0x6e,0x65,0x6a,
  0x6f,0x69,0x6e,0x3d,0x22,0x72,0x6f,0x75,0x6e,0x64,0x22,0x20,0x63,0x6c,0x61,0x73,
  0x73,0x3d,0x22,0x66,0x65,0x61,0x74,0x68,0x65,0x72,0x20,0x66,0x65,0x61,0x74,0x68,
  0x65,0x72,0x2d,0x62,0x6f,0x6c,0x64,0x22,0x3e,0x3c,0x70,0x61,0x74,0x68,0x20,0x64,
  0x3d,0x22,0x4d,0x36,0x20,0x34,0x68,0x38,0x61,0x34,0x20,0x34,0x20,0x30,0x20,0x30,
  0x20,0x31,0x20,0x34,0x20,0x34,0x20,0x34,0x20,0x34,0x20,0x30,0x20,0x30,0x20,0x31,
  0x2d,0x34,0x20,0x34,0x48,0x36,0x7a,0x22,0x3e,0x3c,0x2f,0x70,0x61,0x74,0x68,0x3e,
  0x3c,0x70,0x61,0x74,0x68,0x20,0x64,0x3d,0x22,0x4d,0x36,0x20,0x31,0x32,0x68,0x39,
  0x61,0x34,0x20,0x34,0x20,0x30,0x20,0x30,0x20,0x31,0x20,0x34,0x20,0x34,0x20,0x34,
  0x20,0x34,0x20,0x30,0x20,0x30,0x20,0x31,0x2d,0x34,0x20,0x34,0x48,0x36,0x7a,0x22,
  0x3e,0x3c,0x2f,0x70,0x61,0x74,0x68,0x3e,0x3c,0x2f,0x73,0x76,0x67,0x3e,
    // bar-chart-2.svg
  0x0,0x0,0x1,0x5b,
  0x3c,
  0x73,0x76,0x67,0x20,0x78,0x6d,0x6c,0x6e,0x73,0x3d,0x22,0x68,0x74,0x74,0x70,0x3a,
  0x2f,0x2f,0x77,0x77,0x77,0x2e,0x77,0x33,0x2e,0x6f,0x72,0x67,0x2f,0x32,0x30,0x30,
  0x30,0x2f,0x73,0x76,0x67,0x22,0x20,0x77,0x69,0x64,0x74,0x68,0x3d,0x22,0x32,0x34,
  0x22,0x20,0x68,0x65,0x69,0x67,0x68,0x74,0x3d,0x22,0x32,0x34,0x22,0x20,0x76,0x69,
  0x65,0x77,0x42,0x6f,0x78,0x3d,0x22,0x30,0x20,0x30,0x20,0x32,0x34,0x20,0x32,0x34,
  0x22,0x20,0x66,0x69,0x6c,0x6c,0x3d,0x22,0x6e,0x6f,0x6e,0x65,0x22,0x20,0x73,0x74,
  0x72,0x6f,0x6b,0x65,0x3d,0x22,0x23,0x66,0x66,0x66,0x22,0x20,0x73,0x74,0x72,0x6f,
  0x6b,0x65,0x2d,0x77,0x69,0x64,0x74,0x68,0x3d,0x22,0x32,0x22,0x20,0x73,0x74,0x72,
  0x6f,0x6b,0x65,0x2d,0x6c,0x69,0x6e,0x65,0x63,0x61,0x70,0x3d,0x22,0x72,0x6f,0x75,
  0x6e,0x64,0x22,0x20,0x73,0x74,0x72,0x6f,0x6b,0x65,0x2d,0x6c,0x69,0x6e,0x65,0x6a,
  0x6f,0x69,0x6e,0x3d,0x22,0x72,0x6f,0x75,0x6e,0x64,0x22,0x20,0x63,0x6c,0x61,0x73,
  0x73,0x3d,0x22,0x66,0x65,0x61,0x74,0x68,0x65,0x72,0x20,0x66,0x65,0x61,0x74,0x68,
  0x65,0x72,0x2d,0x62,0x61,0x72,0x2d,0x63,0x68,0x61,0x72,0x74,0x2d,0x32,0x22,0x3e,
  0x3c,0x6c,0x69,0x6e,0x65,0x20,0x78,0x31,0x3d,0x22,0x31,0x38,0x22,0x20,0x79,0x31,
  0x3d,0x22,0x32,0x30,0x22,0x20,0x78,0x32,0x3d,0x22,0x31,0x38,0x22,0x20,0x79,0x32,
  0x3d,0x22,0x31,0x30,0x22,0x3e,0x3c,0x2f,0x6c,0x69,0x6e,0x65,0x3e,0x3c,0x6c,0x69,
  0x6e,0x65,0x20,0x78,0x31,0x3d,0x22,0x31,0x32,0x22,0x20,0x79,0x31,0x3d,0x22,0x32,
  0x30,0x22,0x20,0x78,0x32,0x3d,0x22,0x31,0x32,0x22,0x20,0x79,0x32,0x3d,0x22,0x34,
  0x22,0x3e,0x3c,0x2f,0x6c,0x69,0x6e,0x65,0x3e,0x3c,0x6c,0x69,0x6e,0x65,0x20,0x78,
  0x31,0x3d,0x22,0x36,0x22,0x20,0x79,0x31,0x3d,0x22,0x32,0x30,0x22,0x20,0x78,0x32,
  0x3d,0x22,0x36,0x22,0x20,0x79,0x32,0x3d,0x22,0x31,0x34,0x22,0x3e,0x3c,0x2f,0x6c,
  0x69,0x6e,0x65,0x3e,0x3c,0x2f,0x73,0x76,0x67,0x3e,
    // rotate-ccw.svg
  0x0,0x0,0x1,0x35,
  0x3c,
  0x73,0x76,0x67,0x20,0x78,0x6d,0x6c,0x6e,0x73,0x3d,0x22,0x68,0x74,0x74,0x70,0x3a,
  0x2f,0x2f,0x77,0x77,0x77,0x2e,0x77,0x33,0x2e,0x6f,0x72,0x67,0x2f,0x32,0x30,0x30,
  0x30,0x2f,0x73,0x76,0x67,0x22,0x20,0x77,0x69,0x64,0x74,0x68,0x3d,0x22,0x32,0x34,
  0x22,0x20,0x68,0x65,0x69,0x67,0x68,0x74,0x3d,0x22,0x32,0x34,0x22,0x20,0x76,0x69,
  0x65,0x77,0x42,0x6f,0x78,0x3d,0x22,0x30,0x20,0x30,0x20,0x32,0x34,0x20,0x32,0x34,
  0x22,0x20,0x66,0x69,0x6c,0x6c,0x3d,0x22,0x6e,0x6f,0x6e,0x65,0x22,0x20,0x73,0x74,
  0x72,0x6f,0x6b,0x65,0x3d,0x22,0x23,0x66,0x66,0x66,0x22,0x20,0x73,0x74,0x72,0x6f,
  0x6b,0x65,0x2d,0x77,0x69,0x64,0x74,0x68,0x3d,0x22,0x32,0x22,0x20,0x73,0x74,0x72,
  0x6f,0x6b,0x65,0x2d,0x6c,0x69,0x6e,0x65,0x63,0x61,0x70,0x3d,0x22,0x72,0x6f,0x75,
  0x6e,0x64,0x22,0x20,0x73,0x74,0x72,0x6f,0x6b,0x65,0x2d,0x6c,0x69,0x6e,0x65,0x6a,
  0x6f,0x69,0x6e,0x3d,0x22,0x72,0x6f,0x75,0x6e,0x64,0x22,0x20,0x63,0x6c,0x61,0x73,
  0x73,0x3d,0x22,0x66,0x65,0x61,0x74,0x68,0x65,0x72,0x20,0x66,0x65,0x61,0x74,0x68,
  0x65,0x72,0x2d,0x72,0x6f,0x74,0x61,0x74,0x65,0x2d,0x63,0x63,0x77,0x22,0x3e,0x3c,
  0x70,0x6f,0x6c,0x79,0x6c,0x69,0x6e,0x65,0x20,0x70,0x6f,0x69,0x6e,0x74,0x73,0x3d,
  0x22,0x31,0x20,0x34,0x20,0x31,0x20,0x31,0x30,0x20,0x37,0x20,0x31,0x30,0x22,0x3e,
  0x3c,0x2f,0x70,0x6f,0x6c,0x79,0x6c,0x69,0x6e,0x65,0x3e,0x3c,0x70,0x61,0x74,0x68,
  0x20,0x64,0x3d,0x22,0x4d,0x33,0x2e,0x35,0x31,0x20,0x31,0x35,0x61,0x39,0x20,0x39,
  0x20,0x30,0x20,0x31,0x20,0x30,0x20,0x32,0x2e,0x31,0x33,0x2d,0x39,0x2e,0x33,0x36,
  0x4c,0x31,0x20,0x31,0x30,0x22,0x3e,0x3c,0x2f,0x70,0x61,0x74,0x68,0x3e,0x3c,0x2f,
  0x73,0x76,0x67,0x3e,
    // user-minus.svg
  0x0,0x0,0x1,0x65,
  0x3c,
  0x73,0x76,0x67,0x20,0x78,0x6d,0x6c,0x6e,0x73,0x3d,0x22,0x68,0x74,0x74,0x70,0x3a,
  0x2f,0x2f,0x77,0x77,0x77,0x2e,0x77,0x33,0x2e,0x6f,0x72,0x67,0x2f,0x32,0x30,0x30,
  0x30,0x2f,0x73,0x76,0x67,0x22,0x20,0x77,0x69,0x64,0x74,0x68,0x3d,0x22,0x32,0x34,
  0x22,0x20,0x68,0x65,0x69,0x67,0x68,0x74,0x3d,0x22,0x32,0x34,0x22,0x20,0x76,0x69,
  0x65,0x77,0x42,0x6f,0x78,0x3d,0x22,0x30,0x20,0x30,0x20,0x32,0x34,0x20,0x32,0x34,
  0x22,0x20,0x66,0x69,0x6c,0x6c,0x3d,0x22,0x6e,0x6f,0x6e,0x65,0x22,0x20,0x73,0x74,
  0x72,0x6f,0x6b,0x65,0x3d,0x22,0x23,0x66,0x66,0x66,0x22,0x20,0x73,0x74,0x72,0x6f,
  0x6b,0x65,0x2d,0x77,0x69,0x64,0x74,0x68,0x3d,0x22,0x32,0x22,0x20,0x73,0x74,0x72,
  0x6f,0x6b,0x65,0x2d,0x6c,0x69,0x6e,0x65,0x63,0x61,0x70,0x3d,0x22,0x72,0x6f,0x75,
  0x6e,0x64,0x22,0x20,0x73,0x74,0x72,0x6f,0x6b,0x65,0x2d,0x6c,0x69,0x6e,0x65,0x6a,
  0x6f,0x69,0x6e,0x3d,0x22,0x72,0x6f,0x75,0x6e,0x64,0x22,0x20,0x63,0x6c,0x61,0x73,
  0x73,0x3d,0x22,0x66,0x65,0x61,0x74,0x68,0x65,0x72,0x20,0x66,0x65,0x61,0x74,0x68,
  0x65,0x72,0x2d,0x75,0x73,0x65,0x72,0x2d,0x6d,0x69,0x6e,0x75,0x73,0x22,0x3e,0x3c,
  0x70,0x61,0x74,0x68,0x20,0x64,0x3d,0x22,0x4d,0x31,0x36,0x20,0x32,0x31,0x76,0x2d,
  0x32,0x61,0x34,0x20,0x34,0x20,0x30,0x20,0x30,0x20,0x30,0x2d,0x34,0x2d,0x34,0x48,
  0x35,0x61,0x34,0x20,0x34,0x20,0x30,0x20,0x30,0x20,0x30,0x2d,0x34,0x20,0x34,0x76,
  0x32,0x22,0x3e,0x3c,0x2f,0x70,0x61,0x74,0x68,0x3e,0x3c,0x63,0x69,0x72,0x63,0x6c,
  0x65,0x20,0x63,0x78,0x3d,0x22,0x38,0x2e,0x35,0x22,0x20,0x63,0x79,0x3d,0x22,0x37,
  0x22,0x20,0x72,0x3d,0x22,0x34,0x22,0x3e,0x3c,0x2f,0x63,0x69,0x72,0x63,0x6c,0x65,
  0x3e,0x3c,0x6c,0x69,0x6e,0x65,0x20,0x78,0x31,0x3d,0x22,0x32,0x33,0x22,0x20,0x79,
  0x31,0x3d,0x22,0x31,0x31,0x22,0x20,0x78,0x32,0x3d,0x22,0x31,0x37,0x22,0x20,0x79,
  0x32,0x3d,0x22,0x31,0x31,0x22,0x3e,0x3c,0x2f,0x6c,0x69,0x6e,0x65,0x3e,0x3c,0x2f,
  0x73,0x76,0x67,0x3e,
    // codepen.svg
  0x0,0x0,0x1,0xde,
  0x3c,
  0x73,0x76,0x67,0x20,0x78,0x6d,0x6c,0x6e,0x73,0x3d,0x22,0x68,0x74,0x74,0x70,0x3a,
  0x2f,0x2f,0x77,0x77,0x77,0x2e,0x77,0x33,0x2e,0x6f,0x72,0x67,0x2f,0x32,0x30,0x30,
  0x30,0x2f,0x73,0x76,0x67,0x22,0x20,0x77,0x69,0x64,0x74,0x68,0x3d,0x22,0x32,0x34,
  0x22,0x20,0x68,0x65,0x69,0x67,0x68,0x74,0x3d,0x22,0x32,0x34,0x22,0x20,0x76,0x69,
  0x65,0x77,0x42,0x6f,0x78,0x3d,0x22,0x30,0x20,0x30,0x20,0x32,0x34,0x20,0x32,0x34,
  0x22,0x20,0x66,0x69,0x6c,0x6c,0x3d,0x22,0x6e,0x6f,0x6e,0x65,0x22,0x20,0x73,0x74,
  0x72,0x6f,0x6b,0x65,0x3d,0x22,0x23,0x66,0x66,0x66,0x22,0x20,0x73,0x74,0x72,0x6f,
  0x6b,0x65,0x2d,0x77,0x69,0x64,0x74,0x68,0x3d,0x22,0x32,0x22,0x20,0x73,0x74,0x72,
  0x6f,0x6b,0x65,0x2d,0x6c,0x69,0x6e,0x65,0x63,0x61,0x70,0x3d,0x22,0x72,0x6f,0x75,
  0x6e,0x64,0x22,0x20,0x73,0x74,0x72,0x6f,0x6b,0x65,0x2d,0x6c,0x69,0x6e,0x65,0x6a,
  0x6f,0x69,0x6e,0x3d,0x22,0x72,0x6f,0x75,0x6e,0x64,0x22,0x20,0x63,0x6c,0x61,0x73,
  0x73,0x3d,0x22,0x66,0x65,0x61,0x74,0x68,0x65,0x72,0x20,0x66,0x65,0x61,0x74,0x68,
  0x65,0x72,0x2d,0x63,0x6f,0x64,0x65,0x70,0x65,0x6e,0x22,0x3e,0x3c,0x70,0x6f,0x6c,
  0x79,0x67,0x6f,0x6e,0x20,0x70,0x6f,0x69,0x6e,0x74,0x73,0x3d,0x22,0x31,0x32,0x20,
  0x32,0x20,0x32,0x32,0x20,0x38,0x2e,0x35,0x20,0x32,0x32,0x20,0x31,0x35,0x2e,0x35,
  0x20,0x31,0x32,0x20,0x32,0x32,0x20,0x32,0x20,0x31,0x35,0x2e,0x35,0x20,0x32,0x20,
  0x38,0x2e,0x35,0x20,0x31,0x32,0x20,0x32,0x22,0x3e,0x3c,0x2f,0x70,0x6f,0x6c,0x79,
  0x67,0x6f,0x6e,0x3e,0x3c,0x6c,0x69,0x6e,0x65,0x20,0x78,0x31,0x3d,0x22,0x31,0x32,
  0x22,0x20,0x79,0x31,0x3d,0x22,0x32,0x32,0x22,0x20,0x78,0x32,0x3d,0x22,0x31,0x32,
  0x22,0x20,0x79,0x32,0x3d,0x22,0x31,0x35,0x2e,0x35,0x22,0x3e,0x3c,0x2f,0x6c,0x69,
  0x6e,0x65,0x3e,0x3c,0x70,0x6f,0x6c,0x79,0x6c,0x69,0x6e,0x65,0x20,0x70,0x6f,0x69,
  0x6e,0x74,0x73,0x3d,0x22,0x32,0x32,0x20,0x38,0x2e,0x35,0x20,0x31,0x32,0x20,0x31,
  0x35,0x2e,0x35,0x20,0x32,0x20,0x38,0x2e,0x35,0x22,0x3e,0x3c,0x2f,0x70,0x6f,0x6c,
  0x79,0x6c,0x69,0x6e,0x65,0x3e,0x3c,0x70,0x6f,0x6c,0x79,0x6c,0x69,0x6e,0x65,0x20,
  0x70,0x6f,0x69,0x6e,0x74,0x73,0x3d,0x22,0x32,0x20,0x31,0x35,0x2e,0x35,0x20,0x31,
  0x32,0x20,0x38,0x2e,0x35,0x20,0x32,0x32,0x20,0x31,0x35,0x2e,0x35,0x22,0x3e,0x3c,
  0x2f,0x70,0x6f,0x6c,0x79,0x6c,0x69,0x6e,0x65,0x3e,0x3c,0x6c,0x69,0x6e,0x65,0x20,
  0x78,0x31,0x3d,0x22,0x31,0x32,0x22,0x20,0x79,0x31,0x3d,0x22,0x32,0x22,0x20,0x78,
  0x32,0x3d,0x22,0x31,0x32,0x22,0x20,0x79,0x32,0x3d,0x22,0x38,0x2e,0x35,0x22,0x3e,
  0x3c,0x2f,0x6c,0x69,0x6e,0x65,0x3e,0x3c,0x2f,0x73,0x76,0x67,0x3e,
    // phone-outgoing.svg
  0x0,0x0,0x2,0x61,
  0x3c,
  0x73,0x76,0x67,0x20,0x78,0x6d,0x6c,0x6e,0x73,0x3d,0x22,0x68,0x74,0x74,0x70,0x3a,
  0x2f,0x2f,0x77,0x77,0x77,0x2e,0x77,0x33,0x2e,0x6f,0x72,0x67,0x2f,0x32,0x30,0x30,
  0x30,0x2f,0x73,0x76,0x67,0x22,0x20,0x77,0x69,0x64,0x74,0x68,0x3d,0x22,0x32,0x34,
  0x22,0x20,0x68,0x65,0x69,0x67,0x68,0x74,0x3d,0x22,0x32,0x34,0x22,0x20,0x76,0x69,
  0x65,0x77,0x42,0x6f,0x78,0x3d,0x22,0x30,0x20,0x30,0x20,0x32,0x34,0x20,0x32,0x34,
  0x22,0x20,0x66,0x69,0x6c,0x6c,0x3d,0x22,0x6e,0x6f,0x6e,0x65,0x22,0x20,0x73,0x74,
  0x72,0x6f,0x6b,0x65,0x3d,0x22,0x23,0x66,0x66,0x66,0x22,0x20,0x73,0x74,0x72,0x6f,
  0x6b,0x65,0x2d,0x77,0x69,0x64,0x74,0x68,0x3d,0x22,0x32,0x22,0x20,0x73,0x74,0x72,
  0x6f,0x6b,0x65,0x2d,0x6c,0x69,0x6e,0x65,0x63,0x61,0x70,0x3d,0x22,0x72,0x6f,0x75,
  0x6e,0x64,0x22,0x20,0x73,0x74,0x72,0x6f,0x6b,0x65,0x2d,0x6c,0x69,0x6e,0x65,0x6a,
  0x6f,0x69,0x6e,0x3d,0x22,0x72,0x6f,0x75,0x6e,0x64,0x22,0x20,0x63,0x6c,0x61,0x73,
  0x73,0x3d,0x22,0x66,0x65,0x61,0x74,0x68,0x65,0x72,0x20,0x66,0x65,0x61,0x74,0x68,
  0x65,0x72,0x2d,0x70,0x68,0x6f,0x6e,0x65,0x2d,0x6f,0x75,0x74,0x67,0x6f,0x69,0x6e,
  0x67,0x22,0x3e,0x3c,0x70,0x6f,0x6c,0x79,0x6c,0x69,0x6e,0x65,0x20,0x70,0x6f,0x69,
  0x6e,0x74,0x73,0x3d,0x22,0x32,0x33,0x20,0x37,0x20,0x32,0x33,0x20,0x31,0x20,0x31,
  0x37,0x20,0x31,0x22,0x3e,0x3c,0x2f,0x70,0x6f,0x6c,0x79,0x6c,0x69,0x6e,0x65,0x3e,
  0x3c,0x6c,0x69,0x6e,0x65,0x20,0x78,0x31,0x3d,0x22,0x31,0x36,0x22,0x20,0x79,0x31,
  0x3d,0x22,0x38,0x22,0x20,0x78,0x32,0x3d,0x22,0x32,0x33,0x22,0x20,0x79,0x32,0x3d,
  0x22,0x31,0x22,0x3e,0x3c,0x2f,0x6c,0x69,0x6e,0x65,0x3e,0x3c,0x70,0x61,0x74,0x68,
  0x20,0x64,0x3d,0x22,0x4d,0x32,0x32,0x20,0x31,0x36,0x2e,0x39,0x32,0x76,0x33,0x61,
  0x32,0x20,0x32,0x20,0x30,0x20,0x30,0x20,0x31,0x2d,0x32,0x2e,0x31,0x38,0x20,0x32,
  0x20,0x31,0x39,0x2e,0x37,0x39,0x20,0x31,0x39,0x2e,0x37,0x39,0x20,0x30,0x20,0x30,
  0x20,0x31,0x2d,0x38,0x2e,0x36,0x33,0x2d,0x33,0x2e,0x30,0x37,0x20,0x31,0x39,0x2e,
  0x35,0x20,0x31,0x39,0x2e,0x35,0x20,0x30,0x20,0x30,0x20,0x31,0x2d,0x36,0x2d,0x36,
  0x20,0x31,0x39,0x2e,0x37,0x39,0x20,0x31,0x39,0x2e,0x37,0x39,0x20,0x30,0x20,0x30,
  0x20,0x31,0x2d,0x33,0x2e,0x30,0x37,0x2d,0x38,0x2e,0x36,0x37,0x41,0x32,0x20,0x32,
  0x20,0x30,0x20,0x30,0x20,0x31,0x20,0x34,0x2e,0x31,0x31,0x20,0x32,0x68,0x33,0x61,
  0x32,0x20,0x32,0x20,0x30,0x20,0x30,0x20,0x31,0x20,0x32,0x20,0x31,0x2e,0x37,0x32,
  0x20,0x31,0x32,0x2e,0x38,0x34,0x20,0x31,0x32,0x2e,0x38,0x34,0x20,0x30,0x20,0x30,
  0x20,0x30,0x20,0x2e,0x37,0x20,0x32,0x2e,0x38,0x31,0x20,0x32,0x20,0x32,0x20,0x30,
  0x20,0x30,0x20,0x31,0x2d,0x2e,0x34,0x35,0x20,0x32,0x2e,0x31,0x31,0x4c,0x38,0x2e,
  0x30,0x39,0x20,0x39,0x2e,0x39,0x31,0x61,0x31,0x36,0x20,0x31,0x36,0x20,0x30,0x20,
  0x30,0x20,0x30,0x20,0x36,0x20,0x36,0x6c,0x31,0x2e,0x32,0x37,0x2d,0x31,0x2e,0x32,
  0x37,0x61,0x32,0x20,0x32,0x20,0x30,0x20,0x30,0x20,0x31,0x20,0x32,0x2e,0x31,0x31,
  0x2d,0x2e,0x34,0x35,0x20,0x31,0x32,0x2e,0x38,0x34,0x20,0x31,0x32,0x2e,0x38,0x34,
  0x20,0x30,0x20,0x30,0x20,0x30,0x20,0x32,0x2e,0x38,0x31,0x2e,0x37,0x41,0x32,0x20,
  0x32,0x20,0x30,0x20,0x30,0x20,0x31,0x20,0x32,0x32,0x20,0x31,0x36,0x2e,0x39,0x32,
  0x7a,0x22,0x3e,0x3c,0x2f,0x70,0x61,0x74,0x68,0x3e,0x3c,0x2f,0x73,0x76,0x67,0x3e,
  
  
};

static const unsigned char qt_resource_name[] = {
  // img
  0x0,0x3,
  0x0,0x0,0x70,0x37,
  0x0,0x69,
  0x0,0x6d,0x0,0x67,
    // icon_light
  0x0,0xa,
  0x4,0x6f,0x9,0x34,
  0x0,0x69,
  0x0,0x63,0x0,0x6f,0x0,0x6e,0x0,0x5f,0x0,0x6c,0x0,0x69,0x0,0x67,0x0,0x68,0x0,0x74,
    // moon.svg
  0x0,0x8,
  0x6,0x61,0x54,0x47,
  0x0,0x6d,
  0x0,0x6f,0x0,0x6f,0x0,0x6e,0x0,0x2e,0x0,0x73,0x0,0x76,0x0,0x67,
    // skip-forward.svg
  0x0,0x10,
  0xe,0xe3,0x1,0x67,
  0x0,0x73,
  0x0,0x6b,0x0,0x69,0x0,0x70,0x0,0x2d,0x0,0x66,0x0,0x6f,0x0,0x72,0x0,0x77,0x0,0x61,0x0,0x72,0x0,0x64,0x0,0x2e,0x0,0x73,0x0,0x76,0x0,0x67,
    // sidebar.svg
  0x0,0xb,
  0x8,0x76,0xaf,0xa7,
  0x0,0x73,
  0x0,0x69,0x0,0x64,0x0,0x65,0x0,0x62,0x0,0x61,0x0,0x72,0x0,0x2e,0x0,0x73,0x0,0x76,0x0,0x67,
    // refresh-ccw.svg
  0x0,0xf,
  0x2,0xb2,0x8e,0x47,
  0x0,0x72,
  0x0,0x65,0x0,0x66,0x0,0x72,0x0,0x65,0x0,0x73,0x0,0x68,0x0,0x2d,0x0,0x63,0x0,0x63,0x0,0x77,0x0,0x2e,0x0,0x73,0x0,0x76,0x0,0x67,
    // align-left.svg
  0x0,0xe,
  0xe,0x2b,0x18,0x87,
  0x0,0x61,
  0x0,0x6c,0x0,0x69,0x0,0x67,0x0,0x6e,0x0,0x2d,0x0,0x6c,0x0,0x65,0x0,0x66,0x0,0x74,0x0,0x2e,0x0,0x73,0x0,0x76,0x0,0x67,
    // arrow-down-left.svg
  0x0,0x13,
  0xf,0x16,0xc9,0x27,
  0x0,0x61,
  0x0,0x72,0x0,0x72,0x0,0x6f,0x0,0x77,0x0,0x2d,0x0,0x64,0x0,0x6f,0x0,0x77,0x0,0x6e,0x0,0x2d,0x0,0x6c,0x0,0x65,0x0,0x66,0x0,0x74,0x0,0x2e,0x0,0x73,
  0x0,0x76,0x0,0x67,
    // play-circle.svg
  0x0,0xf,
  0xb,0xa3,0x47,0x67,
  0x0,0x70,
  0x0,0x6c,0x0,0x61,0x0,0x79,0x0,0x2d,0x0,0x63,0x0,0x69,0x0,0x72,0x0,0x63,0x0,0x6c,0x0,0x65,0x0,0x2e,0x0,0x73,0x0,0x76,0x0,0x67,
    // folder-plus.svg
  0x0,0xf,
  0x6,0x9f,0x47,0xa7,
  0x0,0x66,
  0x0,0x6f,0x0,0x6c,0x0,0x64,0x0,0x65,0x0,0x72,0x0,0x2d,0x0,0x70,0x0,0x6c,0x0,0x75,0x0,0x73,0x0,0x2e,0x0,0x73,0x0,0x76,0x0,0x67,
    // message-square.svg
  0x0,0x12,
  0xe,0xff,0xae,0x67,
  0x0,0x6d,
  0x0,0x65,0x0,0x73,0x0,0x73,0x0,0x61,0x0,0x67,0x0,0x65,0x0,0x2d,0x0,0x73,0x0,0x71,0x0,0x75,0x0,0x61,0x0,0x72,0x0,0x65,0x0,0x2e,0x0,0x73,0x0,0x76,
  0x0,0x67,
    // pause.svg
  0x0,0x9,
  0xc,0x98,0xb7,0xc7,
  0x0,0x70,
  0x0,0x61,0x0,0x75,0x0,0x73,0x0,0x65,0x0,0x2e,0x0,0x73,0x0,0x76,0x0,0x67,
    // twitter.svg
  0x0,0xb,
  0xa,0x32,0x9b,0xa7,
  0x0,0x74,
  0x0,0x77,0x0,0x69,0x0,0x74,0x0,0x74,0x0,0x65,0x0,0x72,0x0,0x2e,0x0,0x73,0x0,0x76,0x0,0x67,
    // edit.svg
  0x0,0x8,
  0xb,0x7,0x57,0xa7,
  0x0,0x65,
  0x0,0x64,0x0,0x69,0x0,0x74,0x0,0x2e,0x0,0x73,0x0,0x76,0x0,0x67,
    // repeat.svg
  0x0,0xa,
  0xb,0x88,0x42,0x7,
  0x0,0x72,
  0x0,0x65,0x0,0x70,0x0,0x65,0x0,0x61,0x0,0x74,0x0,0x2e,0x0,0x73,0x0,0x76,0x0,0x67,
    // x-octagon.svg
  0x0,0xd,
  0xc,0xea,0xf,0xc7,
  0x0,0x78,
  0x0,0x2d,0x0,0x6f,0x0,0x63,0x0,0x74,0x0,0x61,0x0,0x67,0x0,0x6f,0x0,0x6e,0x0,0x2e,0x0,0x73,0x0,0x76,0x0,0x67,
    // shield-off.svg
  0x0,0xe,
  0x8,0x31,0xa,0xa7,
  0x0,0x73,
  0x0,0x68,0x0,0x69,0x0,0x65,0x0,0x6c,0x0,0x64,0x0,0x2d,0x0,0x6f,0x0,0x66,0x0,0x66,0x0,0x2e,0x0,0x73,0x0,0x76,0x0,0x67,
    // server.svg
  0x0,0xa,
  0xc,0xca,0x63,0xe7,
  0x0,0x73,
  0x0,0x65,0x0,0x72,0x0,0x76,0x0,0x65,0x0,0x72,0x0,0x2e,0x0,0x73,0x0,0x76,0x0,0x67,
    // share-2.svg
  0x0,0xb,
  0x8,0xf6,0x8b,0xc7,
  0x0,0x73,
  0x0,0x68,0x0,0x61,0x0,0x72,0x0,0x65,0x0,0x2d,0x0,0x32,0x0,0x2e,0x0,0x73,0x0,0x76,0x0,0x67,
    // map-pin.svg
  0x0,0xb,
  0x6,0x26,0x5c,0x47,
  0x0,0x6d,
  0x0,0x61,0x0,0x70,0x0,0x2d,0x0,0x70,0x0,0x69,0x0,0x6e,0x0,0x2e,0x0,0x73,0x0,0x76,0x0,0x67,
    // underline.svg
  0x0,0xd,
  0x8,0xd5,0xc9,0x67,
  0x0,0x75,
  0x0,0x6e,0x0,0x64,0x0,0x65,0x0,0x72,0x0,0x6c,0x0,0x69,0x0,0x6e,0x0,0x65,0x0,0x2e,0x0,0x73,0x0,0x76,0x0,0x67,
    // edit-3.svg
  0x0,0xa,
  0x7,0xb,0x2c,0xc7,
  0x0,0x65,
  0x0,0x64,0x0,0x69,0x0,0x74,0x0,0x2d,0x0,0x33,0x0,0x2e,0x0,0x73,0x0,0x76,0x0,0x67,
    // square.svg
  0x0,0xa,
  0x8,0x8b,0xb,0xa7,
  0x0,0x73,
  0x0,0x71,0x0,0x75,0x0,0x61,0x0,0x72,0x0,0x65,0x0,0x2e,0x0,0x73,0x0,0x76,0x0,0x67,
    // chevron-up.svg
  0x0,0xe,
  0x9,0x58,0x6c,0x87,
  0x0,0x63,
  0x0,0x68,0x0,0x65,0x0,0x76,0x0,0x72,0x0,0x6f,0x0,0x6e,0x0,0x2d,0x0,0x75,0x0,0x70,0x0,0x2e,0x0,0x73,0x0,0x76,0x0,0x67,
    // toggle-left.svg
  0x0,0xf,
  0x0,0x12,0x37,0xe7,
  0x0,0x74,
  0x0,0x6f,0x0,0x67,0x0,0x67,0x0,0x6c,0x0,0x65,0x0,0x2d,0x0,0x6c,0x0,0x65,0x0,0x66,0x0,0x74,0x0,0x2e,0x0,0x73,0x0,0x76,0x0,0x67,
    // smartphone.svg
  0x0,0xe,
  0x5,0x57,0x29,0xa7,
  0x0,0x73,
  0x0,0x6d,0x0,0x61,0x0,0x72,0x0,0x74,0x0,0x70,0x0,0x68,0x0,0x6f,0x0,0x6e,0x0,0x65,0x0,0x2e,0x0,0x73,0x0,0x76,0x0,0x67,
    // eye-off.svg
  0x0,0xb,
  0x5,0x10,0xaa,0x47,
  0x0,0x65,
  0x0,0x79,0x0,0x65,0x0,0x2d,0x0,0x6f,0x0,0x66,0x0,0x66,0x0,0x2e,0x0,0x73,0x0,0x76,0x0,0x67,
    // feather.svg
  0x0,0xb,
  0xe,0x1c,0x2b,0x87,
  0x0,0x66,
  0x0,0x65,0x0,0x61,0x0,0x74,0x0,0x68,0x0,0x65,0x0,0x72,0x0,0x2e,0x0,0x73,0x0,0x76,0x0,0x67,
    // rewind.svg
  0x0,0xa,
  0x0,0x48,0x43,0x7,
  0x0,0x72,
  0x0,0x65,0x0,0x77,0x0,0x69,0x0,0x6e,0x0,0x64,0x0,0x2e,0x0,0x73,0x0,0x76,0x0,0x67,
    // cast.svg
  0x0,0x8,
  0x8,0xa7,0x57,0xe7,
  0x0,0x63,
  0x0,0x61,0x0,0x73,0x0,0x74,0x0,0x2e,0x0,0x73,0x0,0x76,0x0,0x67,
    // arrow-down.svg
  0x0,0xe,
  0x6,0xc,0x7,0x87,
  0x0,0x61,
  0x0,0x72,0x0,0x72,0x0,0x6f,0x0,0x77,0x0,0x2d,0x0,0x64,0x0,0x6f,0x0,0x77,0x0,0x6e,0x0,0x2e,0x0,0x73,0x0,0x76,0x0,0x67,
    // cloud-drizzle.svg
  0x0,0x11,
  0xe,0xfb,0xa3,0xc7,
  0x0,0x63,
  0x0,0x6c,0x0,0x6f,0x0,0x75,0x0,0x64,0x0,0x2d,0x0,0x64,0x0,0x72,0x0,0x69,0x0,0x7a,0x0,0x7a,0x0,0x6c,0x0,0x65,0x0,0x2e,0x0,0x73,0x0,0x76,0x0,0x67,
  
    // git-merge.svg
  0x0,0xd,
  0x4,0xda,0xdc,0xe7,
  0x0,0x67,
  0x0,0x69,0x0,0x74,0x0,0x2d,0x0,0x6d,0x0,0x65,0x0,0x72,0x0,0x67,0x0,0x65,0x0,0x2e,0x0,0x73,0x0,0x76,0x0,0x67,
    // life-buoy.svg
  0x0,0xd,
  0x1,0x95,0x5d,0xc7,
  0x0,0x6c,
  0x0,0x69,0x0,0x66,0x0,0x65,0x0,0x2d,0x0,0x62,0x0,0x75,0x0,0x6f,0x0,0x79,0x0,0x2e,0x0,0x73,0x0,0x76,0x0,0x67,
    // code.svg
  0x0,0x8,
  0x5,0xa8,0x57,0x87,
  0x0,0x63,
  0x0,0x6f,0x0,0x64,0x0,0x65,0x0,0x2e,0x0,0x73,0x0,0x76,0x0,0x67,
    // list.svg
  0x0,0x8,
  0x0,0xa7,0x54,0xa7,
  0x0,0x6c,
  0x0,0x69,0x0,0x73,0x0,0x74,0x0,0x2e,0x0,0x73,0x0,0x76,0x0,0x67,
    // type.svg
  0x0,0x8,
  0x0,0x68,0x55,0x47,
  0x0,0x74,
  0x0,0x79,0x0,0x70,0x0,0x65,0x0,0x2e,0x0,0x73,0x0,0x76,0x0,0x67,
    // more-horizontal.svg
  0x0,0x13,
  0x6,0xff,0x72,0x7,
  0x0,0x6d,
  0x0,0x6f,0x0,0x72,0x0,0x65,0x0,0x2d,0x0,0x68,0x0,0x6f,0x0,0x72,0x0,0x69,0x0,0x7a,0x0,0x6f,0x0,0x6e,0x0,0x74,0x0,0x61,0x0,0x6c,0x0,0x2e,0x0,0x73,
  0x0,0x76,0x0,0x67,
    // crop.svg
  0x0,0x8,
  0x9,0x63,0x57,0x87,
  0x0,0x63,
  0x0,0x72,0x0,0x6f,0x0,0x70,0x0,0x2e,0x0,0x73,0x0,0x76,0x0,0x67,
    // unlock.svg
  0x0,0xa,
  0x5,0x95,0xd0,0xa7,
  0x0,0x75,
  0x0,0x6e,0x0,0x6c,0x0,0x6f,0x0,0x63,0x0,0x6b,0x0,0x2e,0x0,0x73,0x0,0x76,0x0,0x67,
    // minus-circle.svg
  0x0,0x10,
  0x2,0xfe,0x1a,0xa7,
  0x0,0x6d,
  0x0,0x69,0x0,0x6e,0x0,0x75,0x0,0x73,0x0,0x2d,0x0,0x63,0x0,0x69,0x0,0x72,0x0,0x63,0x0,0x6c,0x0,0x65,0x0,0x2e,0x0,0x73,0x0,0x76,0x0,0x67,
    // chrome.svg
  0x0,0xa,
  0x6,0x3d,0x65,0xe7,
  0x0,0x63,
  0x0,0x68,0x0,0x72,0x0,0x6f,0x0,0x6d,0x0,0x65,0x0,0x2e,0x0,0x73,0x0,0x76,0x0,0x67,
    // command.svg
  0x0,0xb,
  0x8,0x93,0x92,0xa7,
  0x0,0x63,
  0x0,0x6f,0x0,0x6d,0x0,0x6d,0x0,0x61,0x0,0x6e,0x0,0x64,0x0,0x2e,0x0,0x73,0x0,0x76,0x0,0x67,
    // video.svg
  0x0,0x9,
  0xa,0xc2,0xa3,0x27,
  0x0,0x76,
  0x0,0x69,0x0,0x64,0x0,0x65,0x0,0x6f,0x0,0x2e,0x0,0x73,0x0,0x76,0x0,0x67,
    // award.svg
  0x0,0x9,
  0x8,0x87,0x8b,0x67,
  0x0,0x61,
  0x0,0x77,0x0,0x61,0x0,0x72,0x0,0x64,0x0,0x2e,0x0,0x73,0x0,0x76,0x0,0x67,
    // columns.svg
  0x0,0xb,
  0x4,0x82,0x9d,0x47,
  0x0,0x63,
  0x0,0x6f,0x0,0x6c,0x0,0x75,0x0,0x6d,0x0,0x6e,0x0,0x73,0x0,0x2e,0x0,0x73,0x0,0x76,0x0,0x67,
    // file.svg
  0x0,0x8,
  0x0,0x28,0x57,0x67,
  0x0,0x66,
  0x0,0x69,0x0,0x6c,0x0,0x65,0x0,0x2e,0x0,0x73,0x0,0x76,0x0,0x67,
    // refresh-cw.svg
  0x0,0xe,
  0x4,0x1b,0xd7,0x87,
  0x0,0x72,
  0x0,0x65,0x0,0x66,0x0,0x72,0x0,0x65,0x0,0x73,0x0,0x68,0x0,0x2d,0x0,0x63,0x0,0x77,0x0,0x2e,0x0,0x73,0x0,0x76,0x0,0x67,
    // external-link.svg
  0x0,0x11,
  0xf,0x72,0x49,0xa7,
  0x0,0x65,
  0x0,0x78,0x0,0x74,0x0,0x65,0x0,0x72,0x0,0x6e,0x0,0x61,0x0,0x6c,0x0,0x2d,0x0,0x6c,0x0,0x69,0x0,0x6e,0x0,0x6b,0x0,0x2e,0x0,0x73,0x0,0x76,0x0,0x67,
  
    // rss.svg
  0x0,0x7,
  0x9,0xa6,0x5a,0x27,
  0x0,0x72,
  0x0,0x73,0x0,0x73,0x0,0x2e,0x0,0x73,0x0,0x76,0x0,0x67,
    // cloud-snow.svg
  0x0,0xe,
  0x3,0xc0,0xa9,0x7,
  0x0,0x63,
  0x0,0x6c,0x0,0x6f,0x0,0x75,0x0,0x64,0x0,0x2d,0x0,0x73,0x0,0x6e,0x0,0x6f,0x0,0x77,0x0,0x2e,0x0,0x73,0x0,0x76,0x0,0x67,
    // mouse-pointer.svg
  0x0,0x11,
  0xb,0x9a,0x48,0x7,
  0x0,0x6d,
  0x0,0x6f,0x0,0x75,0x0,0x73,0x0,0x65,0x0,0x2d,0x0,0x70,0x0,0x6f,0x0,0x69,0x0,0x6e,0x0,0x74,0x0,0x65,0x0,0x72,0x0,0x2e,0x0,0x73,0x0,0x76,0x0,0x67,
  
    // hash.svg
  0x0,0x8,
  0x8,0x9b,0x57,0x7,
  0x0,0x68,
  0x0,0x61,0x0,0x73,0x0,0x68,0x0,0x2e,0x0,0x73,0x0,0x76,0x0,0x67,
    // settings.svg
  0x0,0xc,
  0xb,0xdf,0x2c,0xc7,
  0x0,0x73,
  0x0,0x65,0x0,0x74,0x0,0x74,0x0,0x69,0x0,0x6e,0x0,0x67,0x0,0x73,0x0,0x2e,0x0,0x73,0x0,0x76,0x0,0x67,
    // zoom-in.svg
  0x0,0xb,
  0x3,0x3,0x96,0xc7,
  0x0,0x7a,
  0x0,0x6f,0x0,0x6f,0x0,0x6d,0x0,0x2d,0x0,0x69,0x0,0x6e,0x0,0x2e,0x0,0x73,0x0,0x76,0x0,0x67,
    // clipboard.svg
  0x0,0xd,
  0xc,0xe7,0x89,0xc7,
  0x0,0x63,
  0x0,0x6c,0x0,0x69,0x0,0x70,0x0,0x62,0x0,0x6f,0x0,0x61,0x0,0x72,0x0,0x64,0x0,0x2e,0x0,0x73,0x0,0x76,0x0,0x67,
    // briefcase.svg
  0x0,0xd,
  0xb,0x8b,0x22,0x47,
  0x0,0x62,
  0x0,0x72,0x0,0x69,0x0,0x65,0x0,0x66,0x0,0x63,0x0,0x61,0x0,0x73,0x0,0x65,0x0,0x2e,0x0,0x73,0x0,0x76,0x0,0x67,
    // alert-octagon.svg
  0x0,0x11,
  0xe,0x8a,0xbc,0x47,
  0x0,0x61,
  0x0,0x6c,0x0,0x65,0x0,0x72,0x0,0x74,0x0,0x2d,0x0,0x6f,0x0,0x63,0x0,0x74,0x0,0x61,0x0,0x67,0x0,0x6f,0x0,0x6e,0x0,0x2e,0x0,0x73,0x0,0x76,0x0,0x67,
  
    // paperclip.svg
  0x0,0xd,
  0xe,0xe,0xcb,0xc7,
  0x0,0x70,
  0x0,0x61,0x0,0x70,0x0,0x65,0x0,0x72,0x0,0x63,0x0,0x6c,0x0,0x69,0x0,0x70,0x0,0x2e,0x0,0x73,0x0,0x76,0x0,0x67,
    // users.svg
  0x0,0x9,
  0xc,0x96,0xa3,0xe7,
  0x0,0x75,
  0x0,0x73,0x0,0x65,0x0,0x72,0x0,0x73,0x0,0x2e,0x0,0x73,0x0,0x76,0x0,0x67,
    // help-circle.svg
  0x0,0xf,
  0x0,0x42,0xa0,0xe7,
  0x0,0x68,
  0x0,0x65,0x0,0x6c,0x0,0x70,0x0,0x2d,0x0,0x63,0x0,0x69,0x0,0x72,0x0,0x63,0x0,0x6c,0x0,0x65,0x0,0x2e,0x0,0x73,0x0,0x76,0x0,0x67,
    // twitch.svg
  0x0,0xa,
  0xa,0x94,0x26,0xc7,
  0x0,0x74,
  0x0,0x77,0x0,0x69,0x0,0x74,0x0,0x63,0x0,0x68,0x0,0x2e,0x0,0x73,0x0,0x76,0x0,0x67,
    // dribbble.svg
  0x0,0xc,
  0x4,0x59,0xab,0xc7,
  0x0,0x64,
  0x0,0x72,0x0,0x69,0x0,0x62,0x0,0x62,0x0,0x62,0x0,0x6c,0x0,0x65,0x0,0x2e,0x0,0x73,0x0,0x76,0x0,0x67,
    // sunset.svg
  0x0,0xa,
  0x9,0xc8,0x2,0x67,
  0x0,0x73,
  0x0,0x75,0x0,0x6e,0x0,0x73,0x0,0x65,0x0,0x74,0x0,0x2e,0x0,0x73,0x0,0x76,0x0,0x67,
    // monitor.svg
  0x0,0xb,
  0xb,0x8d,0x90,0xc7,
  0x0,0x6d,
  0x0,0x6f,0x0,0x6e,0x0,0x69,0x0,0x74,0x0,0x6f,0x0,0x72,0x0,0x2e,0x0,0x73,0x0,0x76,0x0,0x67,
    // zap-off.svg
  0x0,0xb,
  0x4,0xc8,0x5c,0x47,
  0x0,0x7a,
  0x0,0x61,0x0,0x70,0x0,0x2d,0x0,0x6f,0x0,0x66,0x0,0x66,0x0,0x2e,0x0,0x73,0x0,0x76,0x0,0x67,
    // edit-2.svg
  0x0,0xa,
  0x7,0x8,0x2c,0xc7,
  0x0,0x65,
  0x0,0x64,0x0,0x69,0x0,0x74,0x0,0x2d,0x0,0x32,0x0,0x2e,0x0,0x73,0x0,0x76,0x0,0x67,
    // tv.svg
  0x0,0x6,
  0x7,0xb9,0x5a,0xc7,
  0x0,0x74,
  0x0,0x76,0x0,0x2e,0x0,0x73,0x0,0x76,0x0,0x67,
    // box.svg
  0x0,0x7,
  0x9,0x6b,0x5a,0x7,
  0x0,0x62,
  0x0,0x6f,0x0,0x78,0x0,0x2e,0x0,0x73,0x0,0x76,0x0,0x67,
    // file-plus.svg
  0x0,0xd,
  0x9,0xc3,0x53,0x87,
  0x0,0x66,
  0x0,0x69,0x0,0x6c,0x0,0x65,0x0,0x2d,0x0,0x70,0x0,0x6c,0x0,0x75,0x0,0x73,0x0,0x2e,0x0,0x73,0x0,0x76,0x0,0x67,
    // phone-missed.svg
  0x0,0x10,
  0x0,0xa9,0x66,0x7,
  0x0,0x70,
  0x0,0x68,0x0,0x6f,0x0,0x6e,0x0,0x65,0x0,0x2d,0x0,0x6d,0x0,0x69,0x0,0x73,0x0,0x73,0x0,0x65,0x0,0x64,0x0,0x2e,0x0,0x73,0x0,0x76,0x0,0x67,
    // toggle-right.svg
  0x0,0x10,
  0x1,0xa1,0x1c,0x47,
  0x0,0x74,
  0x0,0x6f,0x0,0x67,0x0,0x67,0x0,0x6c,0x0,0x65,0x0,0x2d,0x0,0x72,0x0,0x69,0x0,0x67,0x0,0x68,0x0,0x74,0x0,0x2e,0x0,0x73,0x0,0x76,0x0,0x67,
    // link.svg
  0x0,0x8,
  0x0,0x4e,0x54,0xa7,
  0x0,0x6c,
  0x0,0x69,0x0,0x6e,0x0,0x6b,0x0,0x2e,0x0,0x73,0x0,0x76,0x0,0x67,
    // check.svg
  0x0,0x9,
  0xb,0x9e,0x89,0x7,
  0x0,0x63,
  0x0,0x68,0x0,0x65,0x0,0x63,0x0,0x6b,0x0,0x2e,0x0,0x73,0x0,0x76,0x0,0x67,
    // volume-1.svg
  0x0,0xc,
  0xb,0xb0,0x22,0xa7,
  0x0,0x76,
  0x0,0x6f,0x0,0x6c,0x0,0x75,0x0,0x6d,0x0,0x65,0x0,0x2d,0x0,0x31,0x0,0x2e,0x0,0x73,0x0,0x76,0x0,0x67,
    // download.svg
  0x0,0xc,
  0x8,0x1a,0x90,0xa7,
  0x0,0x64,
  0x0,0x6f,0x0,0x77,0x0,0x6e,0x0,0x6c,0x0,0x6f,0x0,0x61,0x0,0x64,0x0,0x2e,0x0,0x73,0x0,0x76,0x0,0x67,
    // git-commit.svg
  0x0,0xe,
  0x4,0xe0,0x2,0xc7,
  0x0,0x67,
  0x0,0x69,0x0,0x74,0x0,0x2d,0x0,0x63,0x0,0x6f,0x0,0x6d,0x0,0x6d,0x0,0x69,0x0,0x74,0x0,0x2e,0x0,0x73,0x0,0x76,0x0,0x67,
    // minus.svg
  0x0,0x9,
  0x5,0xc6,0xb2,0xc7,
  0x0,0x6d,
  0x0,0x69,0x0,0x6e,0x0,0x75,0x0,0x73,0x0,0x2e,0x0,0x73,0x0,0x76,0x0,0x67,
    // watch.svg
  0x0,0x9,
  0xa,0x9b,0xa1,0xc7,
  0x0,0x77,
  0x0,0x61,0x0,0x74,0x0,0x63,0x0,0x68,0x0,0x2e,0x0,0x73,0x0,0x76,0x0,0x67,
    // chevrons-left.svg
  0x0,0x11,
  0x8,0xba,0x21,0xe7,
  0x0,0x63,
  0x0,0x68,0x0,0x65,0x0,0x76,0x0,0x72,0x0,0x6f,0x0,0x6e,0x0,0x73,0x0,0x2d,0x0,0x6c,0x0,0x65,0x0,0x66,0x0,0x74,0x0,0x2e,0x0,0x73,0x0,0x76,0x0,0x67,
  
    // divide.svg
  0x0,0xa,
  0xf,0xad,0x3b,0x47,
  0x0,0x64,
  0x0,0x69,0x0,0x76,0x0,0x69,0x0,0x64,0x0,0x65,0x0,0x2e,0x0,0x73,0x0,0x76,0x0,0x67,
    // map.svg
  0x0,0x7,
  0x3,0x83,0x5a,0x27,
  0x0,0x6d,
  0x0,0x61,0x0,0x70,0x0,0x2e,0x0,0x73,0x0,0x76,0x0,0x67,
    // phone-incoming.svg
  0x0,0x12,
  0x6,0xfe,0x84,0x87,
  0x0,0x70,
  0x0,0x68,0x0,0x6f,0x0,0x6e,0x0,0x65,0x0,0x2d,0x0,0x69,0x0,0x6e,0x0,0x63,0x0,0x6f,0x0,0x6d,0x0,0x69,0x0,0x6e,0x0,0x67,0x0,0x2e,0x0,0x73,0x0,0x76,
  0x0,0x67,
    // camera-off.svg
  0x0,0xe,
  0x5,0xb0,0x78,0xa7,
  0x0,0x63,
  0x0,0x61,0x0,0x6d,0x0,0x65,0x0,0x72,0x0,0x61,0x0,0x2d,0x0,0x6f,0x0,0x66,0x0,0x66,0x0,0x2e,0x0,0x73,0x0,0x76,0x0,0x67,
    // save.svg
  0x0,0x8,
  0x8,0xc8,0x55,0xe7,
  0x0,0x73,
  0x0,0x61,0x0,0x76,0x0,0x65,0x0,0x2e,0x0,0x73,0x0,0x76,0x0,0x67,
    // droplet.svg
  0x0,0xb,
  0x2,0x10,0x76,0x27,
  0x0,0x64,
  0x0,0x72,0x0,0x6f,0x0,0x70,0x0,0x6c,0x0,0x65,0x0,0x74,0x0,0x2e,0x0,0x73,0x0,0x76,0x0,0x67,
    // upload-cloud.svg
  0x0,0x10,
  0xc,0x46,0x2a,0x67,
  0x0,0x75,
  0x0,0x70,0x0,0x6c,0x0,0x6f,0x0,0x61,0x0,0x64,0x0,0x2d,0x0,0x63,0x0,0x6c,0x0,0x6f,0x0,0x75,0x0,0x64,0x0,0x2e,0x0,0x73,0x0,0x76,0x0,0x67,
    // zoom-out.svg
  0x0,0xc,
  0x6,0xeb,0x9a,0x67,
  0x0,0x7a,
  0x0,0x6f,0x0,0x6f,0x0,0x6d,0x0,0x2d,0x0,0x6f,0x0,0x75,0x0,0x74,0x0,0x2e,0x0,0x73,0x0,0x76,0x0,0x67,
    // x-circle.svg
  0x0,0xc,
  0x9,0x43,0x1b,0xc7,
  0x0,0x78,
  0x0,0x2d,0x0,0x63,0x0,0x69,0x0,0x72,0x0,0x63,0x0,0x6c,0x0,0x65,0x0,0x2e,0x0,0x73,0x0,0x76,0x0,0x67,
    // archive.svg
  0x0,0xb,
  0x0,0x19,0x49,0x27,
  0x0,0x61,
  0x0,0x72,0x0,0x63,0x0,0x68,0x0,0x69,0x0,0x76,0x0,0x65,0x0,0x2e,0x0,0x73,0x0,0x76,0x0,0x67,
    // target.svg
  0x0,0xa,
  0xd,0xc8,0xb,0xc7,
  0x0,0x74,
  0x0,0x61,0x0,0x72,0x0,0x67,0x0,0x65,0x0,0x74,0x0,0x2e,0x0,0x73,0x0,0x76,0x0,0x67,
    // voicemail.svg
  0x0,0xd,
  0xd,0x40,0x63,0x47,
  0x0,0x76,
  0x0,0x6f,0x0,0x69,0x0,0x63,0x0,0x65,0x0,0x6d,0x0,0x61,0x0,0x69,0x0,0x6c,0x0,0x2e,0x0,0x73,0x0,0x76,0x0,0x67,
    // shopping-bag.svg
  0x0,0x10,
  0x6,0xc0,0xab,0x27,
  0x0,0x73,
  0x0,0x68,0x0,0x6f,0x0,0x70,0x0,0x70,0x0,0x69,0x0,0x6e,0x0,0x67,0x0,0x2d,0x0,0x62,0x0,0x61,0x0,0x67,0x0,0x2e,0x0,0x73,0x0,0x76,0x0,0x67,
    // database.svg
  0x0,0xc,
  0x5,0xc9,0x15,0xc7,
  0x0,0x64,
  0x0,0x61,0x0,0x74,0x0,0x61,0x0,0x62,0x0,0x61,0x0,0x73,0x0,0x65,0x0,0x2e,0x0,0x73,0x0,0x76,0x0,0x67,
    // github.svg
  0x0,0xa,
  0xf,0xb8,0x9b,0x87,
  0x0,0x67,
  0x0,0x69,0x0,0x74,0x0,0x68,0x0,0x75,0x0,0x62,0x0,0x2e,0x0,0x73,0x0,0x76,0x0,0x67,
    // gitlab.svg
  0x0,0xa,
  0x2,0x78,0x9b,0xa7,
  0x0,0x67,
  0x0,0x69,0x0,0x74,0x0,0x6c,0x0,0x61,0x0,0x62,0x0,0x2e,0x0,0x73,0x0,0x76,0x0,0x67,
    // arrow-right-circle.svg
  0x0,0x16,
  0xe,0x69,0xe8,0x7,
  0x0,0x61,
  0x0,0x72,0x0,0x72,0x0,0x6f,0x0,0x77,0x0,0x2d,0x0,0x72,0x0,0x69,0x0,0x67,0x0,0x68,0x0,0x74,0x0,0x2d,0x0,0x63,0x0,0x69,0x0,0x72,0x0,0x63,0x0,0x6c,
  0x0,0x65,0x0,0x2e,0x0,0x73,0x0,0x76,0x0,0x67,
    // key.svg
  0x0,0x7,
  0x1,0xcc,0x5a,0x27,
  0x0,0x6b,
  0x0,0x65,0x0,0x79,0x0,0x2e,0x0,0x73,0x0,0x76,0x0,0x67,
    // delete.svg
  0x0,0xa,
  0xc,0xad,0x2,0x87,
  0x0,0x64,
  0x0,0x65,0x0,0x6c,0x0,0x65,0x0,0x74,0x0,0x65,0x0,0x2e,0x0,0x73,0x0,0x76,0x0,0x67,
    // link-2.svg
  0x0,0xa,
  0xe,0xb,0x3a,0x47,
  0x0,0x6c,
  0x0,0x69,0x0,0x6e,0x0,0x6b,0x0,0x2d,0x0,0x32,0x0,0x2e,0x0,0x73,0x0,0x76,0x0,0x67,
    // codesandbox.svg
  0x0,0xf,
  0xc,0xf8,0xfa,0xe7,
  0x0,0x63,
  0x0,0x6f,0x0,0x64,0x0,0x65,0x0,0x73,0x0,0x61,0x0,0x6e,0x0,0x64,0x0,0x62,0x0,0x6f,0x0,0x78,0x0,0x2e,0x0,0x73,0x0,0x76,0x0,0x67,
    // plus-circle.svg
  0x0,0xf,
  0x2,0xe3,0x47,0x27,
  0x0,0x70,
  0x0,0x6c,0x0,0x75,0x0,0x73,0x0,0x2d,0x0,0x63,0x0,0x69,0x0,0x72,0x0,0x63,0x0,0x6c,0x0,0x65,0x0,0x2e,0x0,0x73,0x0,0x76,0x0,0x67,
    // log-out.svg
  0x0,0xb,
  0x6,0x21,0xee,0x47,
  0x0,0x6c,
  0x0,0x6f,0x0,0x67,0x0,0x2d,0x0,0x6f,0x0,0x75,0x0,0x74,0x0,0x2e,0x0,0x73,0x0,0x76,0x0,0x67,
    // divide-square.svg
  0x0,0x11,
  0xd,0x25,0x38,0x47,
  0x0,0x64,
  0x0,0x69,0x0,0x76,0x0,0x69,0x0,0x64,0x0,0x65,0x0,0x2d,0x0,0x73,0x0,0x71,0x0,0x75,0x0,0x61,0x0,0x72,0x0,0x65,0x0,0x2e,0x0,0x73,0x0,0x76,0x0,0x67,
  
    // video-off.svg
  0x0,0xd,
  0xc,0x3c,0xdf,0x27,
  0x0,0x76,
  0x0,0x69,0x0,0x64,0x0,0x65,0x0,0x6f,0x0,0x2d,0x0,0x6f,0x0,0x66,0x0,0x66,0x0,0x2e,0x0,0x73,0x0,0x76,0x0,0x67,
    // volume.svg
  0x0,0xa,
  0xc,0x3b,0xf6,0xa7,
  0x0,0x76,
  0x0,0x6f,0x0,0x6c,0x0,0x75,0x0,0x6d,0x0,0x65,0x0,0x2e,0x0,0x73,0x0,0x76,0x0,0x67,
    // minimize-2.svg
  0x0,0xe,
  0x8,0xa5,0xc5,0xc7,
  0x0,0x6d,
  0x0,0x69,0x0,0x6e,0x0,0x69,0x0,0x6d,0x0,0x69,0x0,0x7a,0x0,0x65,0x0,0x2d,0x0,0x32,0x0,0x2e,0x0,0x73,0x0,0x76,0x0,0x67,
    // share.svg
  0x0,0x9,
  0x8,0x88,0xa9,0x7,
  0x0,0x73,
  0x0,0x68,0x0,0x61,0x0,0x72,0x0,0x65,0x0,0x2e,0x0,0x73,0x0,0x76,0x0,0x67,
    // chevrons-up.svg
  0x0,0xf,
  0xd,0x70,0x37,0xa7,
  0x0,0x63,
  0x0,0x68,0x0,0x65,0x0,0x76,0x0,0x72,0x0,0x6f,0x0,0x6e,0x0,0x73,0x0,0x2d,0x0,0x75,0x0,0x70,0x0,0x2e,0x0,0x73,0x0,0x76,0x0,0x67,
    // minimize.svg
  0x0,0xc,
  0xf,0x88,0xfa,0x47,
  0x0,0x6d,
  0x0,0x69,0x0,0x6e,0x0,0x69,0x0,0x6d,0x0,0x69,0x0,0x7a,0x0,0x65,0x0,0x2e,0x0,0x73,0x0,0x76,0x0,0x67,
    // x.svg
  0x0,0x5,
  0x0,0x7b,0x5a,0xc7,
  0x0,0x78,
  0x0,0x2e,0x0,0x73,0x0,0x76,0x0,0x67,
    // menu.svg
  0x0,0x8,
  0xc,0x58,0x54,0xa7,
  0x0,0x6d,
  0x0,0x65,0x0,0x6e,0x0,0x75,0x0,0x2e,0x0,0x73,0x0,0x76,0x0,0x67,
    // phone.svg
  0x0,0x9,
  0x6,0x48,0xb7,0x27,
  0x0,0x70,
  0x0,0x68,0x0,0x6f,0x0,0x6e,0x0,0x65,0x0,0x2e,0x0,0x73,0x0,0x76,0x0,0x67,
    // airplay.svg
  0x0,0xb,
  0x2,0x5c,0x48,0x27,
  0x0,0x61,
  0x0,0x69,0x0,0x72,0x0,0x70,0x0,0x6c,0x0,0x61,0x0,0x79,0x0,0x2e,0x0,0x73,0x0,0x76,0x0,0x67,
    // corner-up-left.svg
  0x0,0x12,
  0xb,0xd5,0x61,0xa7,
  0x0,0x63,
  0x0,0x6f,0x0,0x72,0x0,0x6e,0x0,0x65,0x0,0x72,0x0,0x2d,0x0,0x75,0x0,0x70,0x0,0x2d,0x0,0x6c,0x0,0x65,0x0,0x66,0x0,0x74,0x0,0x2e,0x0,0x73,0x0,0x76,
  0x0,0x67,
    // log-in.svg
  0x0,0xa,
  0x4,0xf,0x31,0x87,
  0x0,0x6c,
  0x0,0x6f,0x0,0x67,0x0,0x2d,0x0,0x69,0x0,0x6e,0x0,0x2e,0x0,0x73,0x0,0x76,0x0,0x67,
    // cloud.svg
  0x0,0x9,
  0x6,0xb7,0x8e,0xa7,
  0x0,0x63,
  0x0,0x6c,0x0,0x6f,0x0,0x75,0x0,0x64,0x0,0x2e,0x0,0x73,0x0,0x76,0x0,0x67,
    // volume-2.svg
  0x0,0xc,
  0xb,0xa9,0x22,0xa7,
  0x0,0x76,
  0x0,0x6f,0x0,0x6c,0x0,0x75,0x0,0x6d,0x0,0x65,0x0,0x2d,0x0,0x32,0x0,0x2e,0x0,0x73,0x0,0x76,0x0,0x67,
    // corner-down-left.svg
  0x0,0x14,
  0x7,0x58,0x53,0x47,
  0x0,0x63,
  0x0,0x6f,0x0,0x72,0x0,0x6e,0x0,0x65,0x0,0x72,0x0,0x2d,0x0,0x64,0x0,0x6f,0x0,0x77,0x0,0x6e,0x0,0x2d,0x0,0x6c,0x0,0x65,0x0,0x66,0x0,0x74,0x0,0x2e,
  0x0,0x73,0x0,0x76,0x0,0x67,
    // broom.png
  0x0,0x9,
  0x6,0x60,0x84,0x67,
  0x0,0x62,
  0x0,0x72,0x0,0x6f,0x0,0x6f,0x0,0x6d,0x0,0x2e,0x0,0x70,0x0,0x6e,0x0,0x67,
    // mic.svg
  0x0,0x7,
  0x3,0xf6,0x5a,0x27,
  0x0,0x6d,
  0x0,0x69,0x0,0x63,0x0,0x2e,0x0,0x73,0x0,0x76,0x0,0x67,
    // maximize.svg
  0x0,0xc,
  0xf,0x79,0xba,0x47,
  0x0,0x6d,
  0x0,0x61,0x0,0x78,0x0,0x69,0x0,0x6d,0x0,0x69,0x0,0x7a,0x0,0x65,0x0,0x2e,0x0,0x73,0x0,0x76,0x0,0x67,
    // bookmark.svg
  0x0,0xc,
  0x5,0xa2,0x9e,0xa7,
  0x0,0x62,
  0x0,0x6f,0x0,0x6f,0x0,0x6b,0x0,0x6d,0x0,0x61,0x0,0x72,0x0,0x6b,0x0,0x2e,0x0,0x73,0x0,0x76,0x0,0x67,
    // grid.svg
  0x0,0x8,
  0x8,0xf7,0x57,0x7,
  0x0,0x67,
  0x0,0x72,0x0,0x69,0x0,0x64,0x0,0x2e,0x0,0x73,0x0,0x76,0x0,0x67,
    // folder-minus.svg
  0x0,0x10,
  0x0,0x57,0x5,0x67,
  0x0,0x66,
  0x0,0x6f,0x0,0x6c,0x0,0x64,0x0,0x65,0x0,0x72,0x0,0x2d,0x0,0x6d,0x0,0x69,0x0,0x6e,0x0,0x75,0x0,0x73,0x0,0x2e,0x0,0x73,0x0,0x76,0x0,0x67,
    // loader.svg
  0x0,0xa,
  0xa,0xcb,0x30,0x27,
  0x0,0x6c,
  0x0,0x6f,0x0,0x61,0x0,0x64,0x0,0x65,0x0,0x72,0x0,0x2e,0x0,0x73,0x0,0x76,0x0,0x67,
    // more-vertical.svg
  0x0,0x11,
  0x1,0x37,0xcd,0x27,
  0x0,0x6d,
  0x0,0x6f,0x0,0x72,0x0,0x65,0x0,0x2d,0x0,0x76,0x0,0x65,0x0,0x72,0x0,0x74,0x0,0x69,0x0,0x63,0x0,0x61,0x0,0x6c,0x0,0x2e,0x0,0x73,0x0,0x76,0x0,0x67,
  
    // user-check.svg
  0x0,0xe,
  0x8,0x18,0x36,0x27,
  0x0,0x75,
  0x0,0x73,0x0,0x65,0x0,0x72,0x0,0x2d,0x0,0x63,0x0,0x68,0x0,0x65,0x0,0x63,0x0,0x6b,0x0,0x2e,0x0,0x73,0x0,0x76,0x0,0x67,
    // arrow-down-right.svg
  0x0,0x14,
  0x1,0xef,0x71,0xa7,
  0x0,0x61,
  0x0,0x72,0x0,0x72,0x0,0x6f,0x0,0x77,0x0,0x2d,0x0,0x64,0x0,0x6f,0x0,0x77,0x0,0x6e,0x0,0x2d,0x0,0x72,0x0,0x69,0x0,0x67,0x0,0x68,0x0,0x74,0x0,0x2e,
  0x0,0x73,0x0,0x76,0x0,0x67,
    // flag.svg
  0x0,0x8,
  0x2,0x7a,0x57,0x67,
  0x0,0x66,
  0x0,0x6c,0x0,0x61,0x0,0x67,0x0,0x2e,0x0,0x73,0x0,0x76,0x0,0x67,
    // alert-triangle.svg
  0x0,0x12,
  0x1,0x5e,0x97,0x47,
  0x0,0x61,
  0x0,0x6c,0x0,0x65,0x0,0x72,0x0,0x74,0x0,0x2d,0x0,0x74,0x0,0x72,0x0,0x69,0x0,0x61,0x0,0x6e,0x0,0x67,0x0,0x6c,0x0,0x65,0x0,0x2e,0x0,0x73,0x0,0x76,
  0x0,0x67,
    // folder.svg
  0x0,0xa,
  0xa,0xc8,0xf6,0x87,
  0x0,0x66,
  0x0,0x6f,0x0,0x6c,0x0,0x64,0x0,0x65,0x0,0x72,0x0,0x2e,0x0,0x73,0x0,0x76,0x0,0x67,
    // plus-square.svg
  0x0,0xf,
  0x0,0x50,0xd7,0x47,
  0x0,0x70,
  0x0,0x6c,0x0,0x75,0x0,0x73,0x0,0x2d,0x0,0x73,0x0,0x71,0x0,0x75,0x0,0x61,0x0,0x72,0x0,0x65,0x0,0x2e,0x0,0x73,0x0,0x76,0x0,0x67,
    // instagram.svg
  0x0,0xd,
  0x8,0xcd,0x14,0xc7,
  0x0,0x69,
  0x0,0x6e,0x0,0x73,0x0,0x74,0x0,0x61,0x0,0x67,0x0,0x72,0x0,0x61,0x0,0x6d,0x0,0x2e,0x0,0x73,0x0,0x76,0x0,0x67,
    // italic.svg
  0x0,0xa,
  0x2,0xfc,0x4f,0xc7,
  0x0,0x69,
  0x0,0x74,0x0,0x61,0x0,0x6c,0x0,0x69,0x0,0x63,0x0,0x2e,0x0,0x73,0x0,0x76,0x0,0x67,
    // arrow-up.svg
  0x0,0xc,
  0x9,0xd0,0x77,0x87,
  0x0,0x61,
  0x0,0x72,0x0,0x72,0x0,0x6f,0x0,0x77,0x0,0x2d,0x0,0x75,0x0,0x70,0x0,0x2e,0x0,0x73,0x0,0x76,0x0,0x67,
    // battery.svg
  0x0,0xb,
  0xc,0x4d,0x4d,0x87,
  0x0,0x62,
  0x0,0x61,0x0,0x74,0x0,0x74,0x0,0x65,0x0,0x72,0x0,0x79,0x0,0x2e,0x0,0x73,0x0,0x76,0x0,0x67,
    // mic-off.svg
  0x0,0xb,
  0x5,0x2e,0xb6,0x47,
  0x0,0x6d,
  0x0,0x69,0x0,0x63,0x0,0x2d,0x0,0x6f,0x0,0x66,0x0,0x66,0x0,0x2e,0x0,0x73,0x0,0x76,0x0,0x67,
    // figma.svg
  0x0,0x9,
  0xe,0x34,0x83,0x27,
  0x0,0x66,
  0x0,0x69,0x0,0x67,0x0,0x6d,0x0,0x61,0x0,0x2e,0x0,0x73,0x0,0x76,0x0,0x67,
    // star.svg
  0x0,0x8,
  0xa,0x85,0x55,0x87,
  0x0,0x73,
  0x0,0x74,0x0,0x61,0x0,0x72,0x0,0x2e,0x0,0x73,0x0,0x76,0x0,0x67,
    // camera.svg
  0x0,0xa,
  0xc,0x91,0x6a,0xa7,
  0x0,0x63,
  0x0,0x61,0x0,0x6d,0x0,0x65,0x0,0x72,0x0,0x61,0x0,0x2e,0x0,0x73,0x0,0x76,0x0,0x67,
    // activity.svg
  0x0,0xc,
  0xc,0x51,0x3b,0x67,
  0x0,0x61,
  0x0,0x63,0x0,0x74,0x0,0x69,0x0,0x76,0x0,0x69,0x0,0x74,0x0,0x79,0x0,0x2e,0x0,0x73,0x0,0x76,0x0,0x67,
    // layout.svg
  0x0,0xa,
  0x6,0xc9,0x8,0xc7,
  0x0,0x6c,
  0x0,0x61,0x0,0x79,0x0,0x6f,0x0,0x75,0x0,0x74,0x0,0x2e,0x0,0x73,0x0,0x76,0x0,0x67,
    // search.svg
  0x0,0xa,
  0x8,0x94,0x6d,0xc7,
  0x0,0x73,
  0x0,0x65,0x0,0x61,0x0,0x72,0x0,0x63,0x0,0x68,0x0,0x2e,0x0,0x73,0x0,0x76,0x0,0x67,
    // corner-left-up.svg
  0x0,0x12,
  0x5,0xdc,0x73,0x7,
  0x0,0x63,
  0x0,0x6f,0x0,0x72,0x0,0x6e,0x0,0x65,0x0,0x72,0x0,0x2d,0x0,0x6c,0x0,0x65,0x0,0x66,0x0,0x74,0x0,0x2d,0x0,0x75,0x0,0x70,0x0,0x2e,0x0,0x73,0x0,0x76,
  0x0,0x67,
    // terminal.svg
  0x0,0xc,
  0xb,0x26,0x72,0xc7,
  0x0,0x74,
  0x0,0x65,0x0,0x72,0x0,0x6d,0x0,0x69,0x0,0x6e,0x0,0x61,0x0,0x6c,0x0,0x2e,0x0,0x73,0x0,0x76,0x0,0x67,
    // thermometer.svg
  0x0,0xf,
  0x3,0xec,0xf6,0xe7,
  0x0,0x74,
  0x0,0x68,0x0,0x65,0x0,0x72,0x0,0x6d,0x0,0x6f,0x0,0x6d,0x0,0x65,0x0,0x74,0x0,0x65,0x0,0x72,0x0,0x2e,0x0,0x73,0x0,0x76,0x0,0x67,
    // wifi-off.svg
  0x0,0xc,
  0xa,0x76,0xc2,0x47,
  0x0,0x77,
  0x0,0x69,0x0,0x66,0x0,0x69,0x0,0x2d,0x0,0x6f,0x0,0x66,0x0,0x66,0x0,0x2e,0x0,0x73,0x0,0x76,0x0,0x67,
    // trash-2.svg
  0x0,0xb,
  0xb,0xf2,0x4b,0xe7,
  0x0,0x74,
  0x0,0x72,0x0,0x61,0x0,0x73,0x0,0x68,0x0,0x2d,0x0,0x32,0x0,0x2e,0x0,0x73,0x0,0x76,0x0,0x67,
    // maximize-2.svg
  0x0,0xe,
  0x9,0xe5,0xc4,0x27,
  0x0,0x6d,
  0x0,0x61,0x0,0x78,0x0,0x69,0x0,0x6d,0x0,0x69,0x0,0x7a,0x0,0x65,0x0,0x2d,0x0,0x32,0x0,0x2e,0x0,0x73,0x0,0x76,0x0,0x67,
    // bell.svg
  0x0,0x8,
  0xc,0x2f,0x57,0xc7,
  0x0,0x62,
  0x0,0x65,0x0,0x6c,0x0,0x6c,0x0,0x2e,0x0,0x73,0x0,0x76,0x0,0x67,
    // bell-off.svg
  0x0,0xc,
  0x8,0xd1,0x4,0x47,
  0x0,0x62,
  0x0,0x65,0x0,0x6c,0x0,0x6c,0x0,0x2d,0x0,0x6f,0x0,0x66,0x0,0x66,0x0,0x2e,0x0,0x73,0x0,0x76,0x0,0x67,
    // phone-off.svg
  0x0,0xd,
  0x8,0x25,0xcb,0x7,
  0x0,0x70,
  0x0,0x68,0x0,0x6f,0x0,0x6e,0x0,0x65,0x0,0x2d,0x0,0x6f,0x0,0x66,0x0,0x66,0x0,0x2e,0x0,0x73,0x0,0x76,0x0,0x67,
    // thumbs-down.svg
  0x0,0xf,
  0xe,0xd2,0xf6,0x47,
  0x0,0x74,
  0x0,0x68,0x0,0x75,0x0,0x6d,0x0,0x62,0x0,0x73,0x0,0x2d,0x0,0x64,0x0,0x6f,0x0,0x77,0x0,0x6e,0x0,0x2e,0x0,0x73,0x0,0x76,0x0,0x67,
    // plus.svg
  0x0,0x8,
  0x3,0xc6,0x54,0x27,
  0x0,0x70,
  0x0,0x6c,0x0,0x75,0x0,0x73,0x0,0x2e,0x0,0x73,0x0,0x76,0x0,0x67,
    // filter.svg
  0x0,0xa,
  0xa,0xc8,0xfa,0xa7,
  0x0,0x66,
  0x0,0x69,0x0,0x6c,0x0,0x74,0x0,0x65,0x0,0x72,0x0,0x2e,0x0,0x73,0x0,0x76,0x0,0x67,
    // slash.svg
  0x0,0x9,
  0x8,0x9b,0xae,0x87,
  0x0,0x73,
  0x0,0x6c,0x0,0x61,0x0,0x73,0x0,0x68,0x0,0x2e,0x0,0x73,0x0,0x76,0x0,0x67,
    // percent.svg
  0x0,0xb,
  0xc,0xba,0xcb,0xe7,
  0x0,0x70,
  0x0,0x65,0x0,0x72,0x0,0x63,0x0,0x65,0x0,0x6e,0x0,0x74,0x0,0x2e,0x0,0x73,0x0,0x76,0x0,0x67,
    // radio.svg
  0x0,0x9,
  0xb,0x2,0xaa,0x27,
  0x0,0x72,
  0x0,0x61,0x0,0x64,0x0,0x69,0x0,0x6f,0x0,0x2e,0x0,0x73,0x0,0x76,0x0,0x67,
    // disc.svg
  0x0,0x8,
  0x0,0x96,0x57,0xa7,
  0x0,0x64,
  0x0,0x69,0x0,0x73,0x0,0x63,0x0,0x2e,0x0,0x73,0x0,0x76,0x0,0x67,
    // navigation.svg
  0x0,0xe,
  0x1,0xfe,0xf6,0x47,
  0x0,0x6e,
  0x0,0x61,0x0,0x76,0x0,0x69,0x0,0x67,0x0,0x61,0x0,0x74,0x0,0x69,0x0,0x6f,0x0,0x6e,0x0,0x2e,0x0,0x73,0x0,0x76,0x0,0x67,
    // divide-circle.svg
  0x0,0x11,
  0xf,0x8f,0x28,0x27,
  0x0,0x64,
  0x0,0x69,0x0,0x76,0x0,0x69,0x0,0x64,0x0,0x65,0x0,0x2d,0x0,0x63,0x0,0x69,0x0,0x72,0x0,0x63,0x0,0x6c,0x0,0x65,0x0,0x2e,0x0,0x73,0x0,0x76,0x0,0x67,
  
    // wifi.svg
  0x0,0x8,
  0xf,0xcc,0x55,0x67,
  0x0,0x77,
  0x0,0x69,0x0,0x66,0x0,0x69,0x0,0x2e,0x0,0x73,0x0,0x76,0x0,0x67,
    // cloud-off.svg
  0x0,0xd,
  0x1,0xa4,0x2a,0xe7,
  0x0,0x63,
  0x0,0x6c,0x0,0x6f,0x0,0x75,0x0,0x64,0x0,0x2d,0x0,0x6f,0x0,0x66,0x0,0x66,0x0,0x2e,0x0,0x73,0x0,0x76,0x0,0x67,
    // layers.svg
  0x0,0xa,
  0xc,0x9c,0xb,0x27,
  0x0,0x6c,
  0x0,0x61,0x0,0x79,0x0,0x65,0x0,0x72,0x0,0x73,0x0,0x2e,0x0,0x73,0x0,0x76,0x0,0x67,
    // sunrise.svg
  0x0,0xb,
  0x0,0x65,0xd1,0xe7,
  0x0,0x73,
  0x0,0x75,0x0,0x6e,0x0,0x72,0x0,0x69,0x0,0x73,0x0,0x65,0x0,0x2e,0x0,0x73,0x0,0x76,0x0,0x67,
    // truck.svg
  0x0,0x9,
  0xb,0x9e,0xad,0xe7,
  0x0,0x74,
  0x0,0x72,0x0,0x75,0x0,0x63,0x0,0x6b,0x0,0x2e,0x0,0x73,0x0,0x76,0x0,0x67,
    // check-circle.svg
  0x0,0x10,
  0xd,0xfd,0xe1,0x27,
  0x0,0x63,
  0x0,0x68,0x0,0x65,0x0,0x63,0x0,0x6b,0x0,0x2d,0x0,0x63,0x0,0x69,0x0,0x72,0x0,0x63,0x0,0x6c,0x0,0x65,0x0,0x2e,0x0,0x73,0x0,0x76,0x0,0x67,
    // gift.svg
  0x0,0x8,
  0xf,0xd7,0x57,0x67,
  0x0,0x67,
  0x0,0x69,0x0,0x66,0x0,0x74,0x0,0x2e,0x0,0x73,0x0,0x76,0x0,0x67,
    // info.svg
  0x0,0x8,
  0x4,0xd2,0x54,0xc7,
  0x0,0x69,
  0x0,0x6e,0x0,0x66,0x0,0x6f,0x0,0x2e,0x0,0x73,0x0,0x76,0x0,0x67,
    // phone-forwarded.svg
  0x0,0x13,
  0xb,0xbd,0xc8,0x87,
  0x0,0x70,
  0x0,0x68,0x0,0x6f,0x0,0x6e,0x0,0x65,0x0,0x2d,0x0,0x66,0x0,0x6f,0x0,0x72,0x0,0x77,0x0,0x61,0x0,0x72,0x0,0x64,0x0,0x65,0x0,0x64,0x0,0x2e,0x0,0x73,
  0x0,0x76,0x0,0x67,
    // triangle.svg
  0x0,0xc,
  0x5,0x59,0xaa,0x47,
  0x0,0x74,
  0x0,0x72,0x0,0x69,0x0,0x61,0x0,0x6e,0x0,0x67,0x0,0x6c,0x0,0x65,0x0,0x2e,0x0,0x73,0x0,0x76,0x0,0x67,
    // git-pull-request.svg
  0x0,0x14,
  0x3,0xe7,0x2c,0x7,
  0x0,0x67,
  0x0,0x69,0x0,0x74,0x0,0x2d,0x0,0x70,0x0,0x75,0x0,0x6c,0x0,0x6c,0x0,0x2d,0x0,0x72,0x0,0x65,0x0,0x71,0x0,0x75,0x0,0x65,0x0,0x73,0x0,0x74,0x0,0x2e,
  0x0,0x73,0x0,0x76,0x0,0x67,
    // message-circle.svg
  0x0,0x12,
  0x0,0x55,0xbe,0x27,
  0x0,0x6d,
  0x0,0x65,0x0,0x73,0x0,0x73,0x0,0x61,0x0,0x67,0x0,0x65,0x0,0x2d,0x0,0x63,0x0,0x69,0x0,0x72,0x0,0x63,0x0,0x6c,0x0,0x65,0x0,0x2e,0x0,0x73,0x0,0x76,
  0x0,0x67,
    // clock.svg
  0x0,0x9,
  0x5,0x9e,0x8e,0xa7,
  0x0,0x63,
  0x0,0x6c,0x0,0x6f,0x0,0x63,0x0,0x6b,0x0,0x2e,0x0,0x73,0x0,0x76,0x0,0x67,
    // chevrons-right.svg
  0x0,0x12,
  0xb,0x20,0xfd,0x47,
  0x0,0x63,
  0x0,0x68,0x0,0x65,0x0,0x76,0x0,0x72,0x0,0x6f,0x0,0x6e,0x0,0x73,0x0,0x2d,0x0,0x72,0x0,0x69,0x0,0x67,0x0,0x68,0x0,0x74,0x0,0x2e,0x0,0x73,0x0,0x76,
  0x0,0x67,
    // table.svg
  0x0,0x9,
  0x9,0x28,0xae,0x27,
  0x0,0x74,
  0x0,0x61,0x0,0x62,0x0,0x6c,0x0,0x65,0x0,0x2e,0x0,0x73,0x0,0x76,0x0,0x67,
    // align-justify.svg
  0x0,0x11,
  0xb,0xfb,0x70,0x7,
  0x0,0x61,
  0x0,0x6c,0x0,0x69,0x0,0x67,0x0,0x6e,0x0,0x2d,0x0,0x6a,0x0,0x75,0x0,0x73,0x0,0x74,0x0,0x69,0x0,0x66,0x0,0x79,0x0,0x2e,0x0,0x73,0x0,0x76,0x0,0x67,
  
    // hard-drive.svg
  0x0,0xe,
  0x1,0xca,0x36,0x47,
  0x0,0x68,
  0x0,0x61,0x0,0x72,0x0,0x64,0x0,0x2d,0x0,0x64,0x0,0x72,0x0,0x69,0x0,0x76,0x0,0x65,0x0,0x2e,0x0,0x73,0x0,0x76,0x0,0x67,
    // aperture.svg
  0x0,0xc,
  0x1,0x8d,0xc9,0xa7,
  0x0,0x61,
  0x0,0x70,0x0,0x65,0x0,0x72,0x0,0x74,0x0,0x75,0x0,0x72,0x0,0x65,0x0,0x2e,0x0,0x73,0x0,0x76,0x0,0x67,
    // linkedin.svg
  0x0,0xc,
  0x4,0xa1,0xf9,0xa7,
  0x0,0x6c,
  0x0,0x69,0x0,0x6e,0x0,0x6b,0x0,0x65,0x0,0x64,0x0,0x69,0x0,0x6e,0x0,0x2e,0x0,0x73,0x0,0x76,0x0,0x67,
    // tablet.svg
  0x0,0xa,
  0x2,0xc8,0x15,0xe7,
  0x0,0x74,
  0x0,0x61,0x0,0x62,0x0,0x6c,0x0,0x65,0x0,0x74,0x0,0x2e,0x0,0x73,0x0,0x76,0x0,0x67,
    // copy.svg
  0x0,0x8,
  0x6,0x7c,0x57,0x87,
  0x0,0x63,
  0x0,0x6f,0x0,0x70,0x0,0x79,0x0,0x2e,0x0,0x73,0x0,0x76,0x0,0x67,
    // speaker.svg
  0x0,0xb,
  0x1,0x31,0x8d,0xc7,
  0x0,0x73,
  0x0,0x70,0x0,0x65,0x0,0x61,0x0,0x6b,0x0,0x65,0x0,0x72,0x0,0x2e,0x0,0x73,0x0,0x76,0x0,0x67,
    // corner-up-right.svg
  0x0,0x13,
  0xd,0xd4,0xf9,0x27,
  0x0,0x63,
  0x0,0x6f,0x0,0x72,0x0,0x6e,0x0,0x65,0x0,0x72,0x0,0x2d,0x0,0x75,0x0,0x70,0x0,0x2d,0x0,0x72,0x0,0x69,0x0,0x67,0x0,0x68,0x0,0x74,0x0,0x2e,0x0,0x73,
  0x0,0x76,0x0,0x67,
    // film.svg
  0x0,0x8,
  0x0,0x30,0x57,0x67,
  0x0,0x66,
  0x0,0x69,0x0,0x6c,0x0,0x6d,0x0,0x2e,0x0,0x73,0x0,0x76,0x0,0x67,
    // phone-call.svg
  0x0,0xe,
  0xa,0xe6,0x40,0x47,
  0x0,0x70,
  0x0,0x68,0x0,0x6f,0x0,0x6e,0x0,0x65,0x0,0x2d,0x0,0x63,0x0,0x61,0x0,0x6c,0x0,0x6c,0x0,0x2e,0x0,0x73,0x0,0x76,0x0,0x67,
    // arrow-right.svg
  0x0,0xf,
  0xf,0x22,0x69,0x47,
  0x0,0x61,
  0x0,0x72,0x0,0x72,0x0,0x6f,0x0,0x77,0x0,0x2d,0x0,0x72,0x0,0x69,0x0,0x67,0x0,0x68,0x0,0x74,0x0,0x2e,0x0,0x73,0x0,0x76,0x0,0x67,
    // arrow-left.svg
  0x0,0xe,
  0x8,0xfa,0x38,0xa7,
  0x0,0x61,
  0x0,0x72,0x0,0x72,0x0,0x6f,0x0,0x77,0x0,0x2d,0x0,0x6c,0x0,0x65,0x0,0x66,0x0,0x74,0x0,0x2e,0x0,0x73,0x0,0x76,0x0,0x67,
    // dollar-sign.svg
  0x0,0xf,
  0x9,0xb0,0x5e,0x67,
  0x0,0x64,
  0x0,0x6f,0x0,0x6c,0x0,0x6c,0x0,0x61,0x0,0x72,0x0,0x2d,0x0,0x73,0x0,0x69,0x0,0x67,0x0,0x6e,0x0,0x2e,0x0,0x73,0x0,0x76,0x0,0x67,
    // fast-forward.svg
  0x0,0x10,
  0x6,0xe6,0xab,0xe7,
  0x0,0x66,
  0x0,0x61,0x0,0x73,0x0,0x74,0x0,0x2d,0x0,0x66,0x0,0x6f,0x0,0x72,0x0,0x77,0x0,0x61,0x0,0x72,0x0,0x64,0x0,0x2e,0x0,0x73,0x0,0x76,0x0,0x67,
    // bluetooth.svg
  0x0,0xd,
  0x4,0xdc,0xcd,0xa7,
  0x0,0x62,
  0x0,0x6c,0x0,0x75,0x0,0x65,0x0,0x74,0x0,0x6f,0x0,0x6f,0x0,0x74,0x0,0x68,0x0,0x2e,0x0,0x73,0x0,0x76,0x0,0x67,
    // pocket.svg
  0x0,0xa,
  0x1,0xc9,0xb1,0x87,
  0x0,0x70,
  0x0,0x6f,0x0,0x63,0x0,0x6b,0x0,0x65,0x0,0x74,0x0,0x2e,0x0,0x73,0x0,0x76,0x0,0x67,
    // minus-square.svg
  0x0,0x10,
  0x0,0x54,0xa,0xc7,
  0x0,0x6d,
  0x0,0x69,0x0,0x6e,0x0,0x75,0x0,0x73,0x0,0x2d,0x0,0x73,0x0,0x71,0x0,0x75,0x0,0x61,0x0,0x72,0x0,0x65,0x0,0x2e,0x0,0x73,0x0,0x76,0x0,0x67,
    // arrow-down-circle.svg
  0x0,0x15,
  0xb,0xac,0xb2,0x47,
  0x0,0x61,
  0x0,0x72,0x0,0x72,0x0,0x6f,0x0,0x77,0x0,0x2d,0x0,0x64,0x0,0x6f,0x0,0x77,0x0,0x6e,0x0,0x2d,0x0,0x63,0x0,0x69,0x0,0x72,0x0,0x63,0x0,0x6c,0x0,0x65,
  0x0,0x2e,0x0,0x73,0x0,0x76,0x0,0x67,
    // align-center.svg
  0x0,0x10,
  0x6,0xf8,0x19,0x87,
  0x0,0x61,
  0x0,0x6c,0x0,0x69,0x0,0x67,0x0,0x6e,0x0,0x2d,0x0,0x63,0x0,0x65,0x0,0x6e,0x0,0x74,0x0,0x65,0x0,0x72,0x0,0x2e,0x0,0x73,0x0,0x76,0x0,0x67,
    // thumbs-up.svg
  0x0,0xd,
  0x1,0x3b,0x29,0x67,
  0x0,0x74,
  0x0,0x68,0x0,0x75,0x0,0x6d,0x0,0x62,0x0,0x73,0x0,0x2d,0x0,0x75,0x0,0x70,0x0,0x2e,0x0,0x73,0x0,0x76,0x0,0x67,
    // package.svg
  0x0,0xb,
  0x7,0x3c,0xae,0xe7,
  0x0,0x70,
  0x0,0x61,0x0,0x63,0x0,0x6b,0x0,0x61,0x0,0x67,0x0,0x65,0x0,0x2e,0x0,0x73,0x0,0x76,0x0,0x67,
    // frown.svg
  0x0,0x9,
  0x6,0xe1,0x81,0xe7,
  0x0,0x66,
  0x0,0x72,0x0,0x6f,0x0,0x77,0x0,0x6e,0x0,0x2e,0x0,0x73,0x0,0x76,0x0,0x67,
    // trending-up.svg
  0x0,0xf,
  0xc,0x57,0x3d,0xa7,
  0x0,0x74,
  0x0,0x72,0x0,0x65,0x0,0x6e,0x0,0x64,0x0,0x69,0x0,0x6e,0x0,0x67,0x0,0x2d,0x0,0x75,0x0,0x70,0x0,0x2e,0x0,0x73,0x0,0x76,0x0,0x67,
    // trello.svg
  0x0,0xa,
  0x3,0x41,0x2b,0x47,
  0x0,0x74,
  0x0,0x72,0x0,0x65,0x0,0x6c,0x0,0x6c,0x0,0x6f,0x0,0x2e,0x0,0x73,0x0,0x76,0x0,0x67,
    // headphones.svg
  0x0,0xe,
  0x2,0x34,0x9f,0xa7,
  0x0,0x68,
  0x0,0x65,0x0,0x61,0x0,0x64,0x0,0x70,0x0,0x68,0x0,0x6f,0x0,0x6e,0x0,0x65,0x0,0x73,0x0,0x2e,0x0,0x73,0x0,0x76,0x0,0x67,
    // corner-right-up.svg
  0x0,0x13,
  0x4,0x79,0xd6,0x27,
  0x0,0x63,
  0x0,0x6f,0x0,0x72,0x0,0x6e,0x0,0x65,0x0,0x72,0x0,0x2d,0x0,0x72,0x0,0x69,0x0,0x67,0x0,0x68,0x0,0x74,0x0,0x2d,0x0,0x75,0x0,0x70,0x0,0x2e,0x0,0x73,
  0x0,0x76,0x0,0x67,
    // crosshair.svg
  0x0,0xd,
  0x5,0x28,0x8,0xa7,
  0x0,0x63,
  0x0,0x72,0x0,0x6f,0x0,0x73,0x0,0x73,0x0,0x68,0x0,0x61,0x0,0x69,0x0,0x72,0x0,0x2e,0x0,0x73,0x0,0x76,0x0,0x67,
    // download-cloud.svg
  0x0,0x12,
  0x6,0x82,0xb2,0x47,
  0x0,0x64,
  0x0,0x6f,0x0,0x77,0x0,0x6e,0x0,0x6c,0x0,0x6f,0x0,0x61,0x0,0x64,0x0,0x2d,0x0,0x63,0x0,0x6c,0x0,0x6f,0x0,0x75,0x0,0x64,0x0,0x2e,0x0,0x73,0x0,0x76,
  0x0,0x67,
    // arrow-left-circle.svg
  0x0,0x15,
  0x9,0x6f,0xd5,0xe7,
  0x0,0x61,
  0x0,0x72,0x0,0x72,0x0,0x6f,0x0,0x77,0x0,0x2d,0x0,0x6c,0x0,0x65,0x0,0x66,0x0,0x74,0x0,0x2d,0x0,0x63,0x0,0x69,0x0,0x72,0x0,0x63,0x0,0x6c,0x0,0x65,
  0x0,0x2e,0x0,0x73,0x0,0x76,0x0,0x67,
    // check-square.svg
  0x0,0x10,
  0xb,0x57,0x71,0x47,
  0x0,0x63,
  0x0,0x68,0x0,0x65,0x0,0x63,0x0,0x6b,0x0,0x2d,0x0,0x73,0x0,0x71,0x0,0x75,0x0,0x61,0x0,0x72,0x0,0x65,0x0,0x2e,0x0,0x73,0x0,0x76,0x0,0x67,
    // calendar.svg
  0x0,0xc,
  0x7,0xb5,0x2,0x47,
  0x0,0x63,
  0x0,0x61,0x0,0x6c,0x0,0x65,0x0,0x6e,0x0,0x64,0x0,0x61,0x0,0x72,0x0,0x2e,0x0,0x73,0x0,0x76,0x0,0x67,
    // user.svg
  0x0,0x8,
  0x9,0xc5,0x55,0x47,
  0x0,0x75,
  0x0,0x73,0x0,0x65,0x0,0x72,0x0,0x2e,0x0,0x73,0x0,0x76,0x0,0x67,
    // hexagon.svg
  0x0,0xb,
  0xe,0xbc,0xc6,0x27,
  0x0,0x68,
  0x0,0x65,0x0,0x78,0x0,0x61,0x0,0x67,0x0,0x6f,0x0,0x6e,0x0,0x2e,0x0,0x73,0x0,0x76,0x0,0x67,
    // pen-tool.svg
  0x0,0xc,
  0xc,0x87,0x73,0xa7,
  0x0,0x70,
  0x0,0x65,0x0,0x6e,0x0,0x2d,0x0,0x74,0x0,0x6f,0x0,0x6f,0x0,0x6c,0x0,0x2e,0x0,0x73,0x0,0x76,0x0,0x67,
    // image.svg
  0x0,0x9,
  0x7,0xd8,0xba,0xa7,
  0x0,0x69,
  0x0,0x6d,0x0,0x61,0x0,0x67,0x0,0x65,0x0,0x2e,0x0,0x73,0x0,0x76,0x0,0x67,
    // shopping-cart.svg
  0x0,0x11,
  0x4,0xf8,0x44,0x27,
  0x0,0x73,
  0x0,0x68,0x0,0x6f,0x0,0x70,0x0,0x70,0x0,0x69,0x0,0x6e,0x0,0x67,0x0,0x2d,0x0,0x63,0x0,0x61,0x0,0x72,0x0,0x74,0x0,0x2e,0x0,0x73,0x0,0x76,0x0,0x67,
  
    // file-minus.svg
  0x0,0xe,
  0x5,0x96,0xc6,0x7,
  0x0,0x66,
  0x0,0x69,0x0,0x6c,0x0,0x65,0x0,0x2d,0x0,0x6d,0x0,0x69,0x0,0x6e,0x0,0x75,0x0,0x73,0x0,0x2e,0x0,0x73,0x0,0x76,0x0,0x67,
    // circle.svg
  0x0,0xa,
  0xa,0x2d,0x1b,0xc7,
  0x0,0x63,
  0x0,0x69,0x0,0x72,0x0,0x63,0x0,0x6c,0x0,0x65,0x0,0x2e,0x0,0x73,0x0,0x76,0x0,0x67,
    // printer.svg
  0x0,0xb,
  0xa,0x2a,0x7a,0x67,
  0x0,0x70,
  0x0,0x72,0x0,0x69,0x0,0x6e,0x0,0x74,0x0,0x65,0x0,0x72,0x0,0x2e,0x0,0x73,0x0,0x76,0x0,0x67,
    // youtube.svg
  0x0,0xb,
  0xa,0x88,0x83,0xa7,
  0x0,0x79,
  0x0,0x6f,0x0,0x75,0x0,0x74,0x0,0x75,0x0,0x62,0x0,0x65,0x0,0x2e,0x0,0x73,0x0,0x76,0x0,0x67,
    // slack.svg
  0x0,0x9,
  0x7,0x9e,0xae,0x87,
  0x0,0x73,
  0x0,0x6c,0x0,0x61,0x0,0x63,0x0,0x6b,0x0,0x2e,0x0,0x73,0x0,0x76,0x0,0x67,
    // git-branch.svg
  0x0,0xe,
  0x4,0x7c,0x71,0x47,
  0x0,0x67,
  0x0,0x69,0x0,0x74,0x0,0x2d,0x0,0x62,0x0,0x72,0x0,0x61,0x0,0x6e,0x0,0x63,0x0,0x68,0x0,0x2e,0x0,0x73,0x0,0x76,0x0,0x67,
    // shield.svg
  0x0,0xa,
  0xc,0x28,0x67,0x27,
  0x0,0x73,
  0x0,0x68,0x0,0x69,0x0,0x65,0x0,0x6c,0x0,0x64,0x0,0x2e,0x0,0x73,0x0,0x76,0x0,0x67,
    // heart.svg
  0x0,0x9,
  0x8,0x97,0x87,0xa7,
  0x0,0x68,
  0x0,0x65,0x0,0x61,0x0,0x72,0x0,0x74,0x0,0x2e,0x0,0x73,0x0,0x76,0x0,0x67,
    // compass.svg
  0x0,0xb,
  0x8,0x72,0x92,0x7,
  0x0,0x63,
  0x0,0x6f,0x0,0x6d,0x0,0x70,0x0,0x61,0x0,0x73,0x0,0x73,0x0,0x2e,0x0,0x73,0x0,0x76,0x0,0x67,
    // cpu.svg
  0x0,0x7,
  0xa,0x78,0x5a,0x7,
  0x0,0x63,
  0x0,0x70,0x0,0x75,0x0,0x2e,0x0,0x73,0x0,0x76,0x0,0x67,
    // user-x.svg
  0x0,0xa,
  0x5,0x44,0xc9,0x47,
  0x0,0x75,
  0x0,0x73,0x0,0x65,0x0,0x72,0x0,0x2d,0x0,0x78,0x0,0x2e,0x0,0x73,0x0,0x76,0x0,0x67,
    // upload.svg
  0x0,0xa,
  0x5,0x78,0xd4,0xa7,
  0x0,0x75,
  0x0,0x70,0x0,0x6c,0x0,0x6f,0x0,0x61,0x0,0x64,0x0,0x2e,0x0,0x73,0x0,0x76,0x0,0x67,
    // arrow-up-circle.svg
  0x0,0x13,
  0x4,0x26,0xb1,0xa7,
  0x0,0x61,
  0x0,0x72,0x0,0x72,0x0,0x6f,0x0,0x77,0x0,0x2d,0x0,0x75,0x0,0x70,0x0,0x2d,0x0,0x63,0x0,0x69,0x0,0x72,0x0,0x63,0x0,0x6c,0x0,0x65,0x0,0x2e,0x0,0x73,
  0x0,0x76,0x0,0x67,
    // skip-back.svg
  0x0,0xd,
  0x3,0xde,0x3c,0x27,
  0x0,0x73,
  0x0,0x6b,0x0,0x69,0x0,0x70,0x0,0x2d,0x0,0x62,0x0,0x61,0x0,0x63,0x0,0x6b,0x0,0x2e,0x0,0x73,0x0,0x76,0x0,0x67,
    // sliders.svg
  0x0,0xb,
  0xc,0x62,0x5,0x87,
  0x0,0x73,
  0x0,0x6c,0x0,0x69,0x0,0x64,0x0,0x65,0x0,0x72,0x0,0x73,0x0,0x2e,0x0,0x73,0x0,0x76,0x0,0x67,
    // chevron-left.svg
  0x0,0x10,
  0x0,0xe1,0x39,0xa7,
  0x0,0x63,
  0x0,0x68,0x0,0x65,0x0,0x76,0x0,0x72,0x0,0x6f,0x0,0x6e,0x0,0x2d,0x0,0x6c,0x0,0x65,0x0,0x66,0x0,0x74,0x0,0x2e,0x0,0x73,0x0,0x76,0x0,0x67,
    // play.svg
  0x0,0x8,
  0x2,0x8c,0x54,0x27,
  0x0,0x70,
  0x0,0x6c,0x0,0x61,0x0,0x79,0x0,0x2e,0x0,0x73,0x0,0x76,0x0,0x67,
    // lock.svg
  0x0,0x8,
  0x5,0x9e,0x54,0xa7,
  0x0,0x6c,
  0x0,0x6f,0x0,0x63,0x0,0x6b,0x0,0x2e,0x0,0x73,0x0,0x76,0x0,0x67,
    // rotate-cw.svg
  0x0,0xd,
  0x1,0x7f,0x4f,0xa7,
  0x0,0x72,
  0x0,0x6f,0x0,0x74,0x0,0x61,0x0,0x74,0x0,0x65,0x0,0x2d,0x0,0x63,0x0,0x77,0x0,0x2e,0x0,0x73,0x0,0x76,0x0,0x67,
    // stop-circle.svg
  0x0,0xf,
  0x6,0x43,0x71,0x7,
  0x0,0x73,
  0x0,0x74,0x0,0x6f,0x0,0x70,0x0,0x2d,0x0,0x63,0x0,0x69,0x0,0x72,0x0,0x63,0x0,0x6c,0x0,0x65,0x0,0x2e,0x0,0x73,0x0,0x76,0x0,0x67,
    // send.svg
  0x0,0x8,
  0xc,0x47,0x55,0xe7,
  0x0,0x73,
  0x0,0x65,0x0,0x6e,0x0,0x64,0x0,0x2e,0x0,0x73,0x0,0x76,0x0,0x67,
    // chevron-down.svg
  0x0,0x10,
  0xe,0x17,0x6,0x87,
  0x0,0x63,
  0x0,0x68,0x0,0x65,0x0,0x76,0x0,0x72,0x0,0x6f,0x0,0x6e,0x0,0x2d,0x0,0x64,0x0,0x6f,0x0,0x77,0x0,0x6e,0x0,0x2e,0x0,0x73,0x0,0x76,0x0,0x67,
    // credit-card.svg
  0x0,0xf,
  0xf,0xe6,0x17,0xc7,
  0x0,0x63,
  0x0,0x72,0x0,0x65,0x0,0x64,0x0,0x69,0x0,0x74,0x0,0x2d,0x0,0x63,0x0,0x61,0x0,0x72,0x0,0x64,0x0,0x2e,0x0,0x73,0x0,0x76,0x0,0x67,
    // book.svg
  0x0,0x8,
  0x6,0x5e,0x57,0xe7,
  0x0,0x62,
  0x0,0x6f,0x0,0x6f,0x0,0x6b,0x0,0x2e,0x0,0x73,0x0,0x76,0x0,0x67,
    // x-square.svg
  0x0,0xc,
  0x7,0xf1,0xb,0xa7,
  0x0,0x78,
  0x0,0x2d,0x0,0x73,0x0,0x71,0x0,0x75,0x0,0x61,0x0,0x72,0x0,0x65,0x0,0x2e,0x0,0x73,0x0,0x76,0x0,0x67,
    // alert-circle.svg
  0x0,0x10,
  0xc,0xdd,0x10,0xe7,
  0x0,0x61,
  0x0,0x6c,0x0,0x65,0x0,0x72,0x0,0x74,0x0,0x2d,0x0,0x63,0x0,0x69,0x0,0x72,0x0,0x63,0x0,0x6c,0x0,0x65,0x0,0x2e,0x0,0x73,0x0,0x76,0x0,0x67,
    // sun.svg
  0x0,0x7,
  0xa,0xc1,0x5a,0x27,
  0x0,0x73,
  0x0,0x75,0x0,0x6e,0x0,0x2e,0x0,0x73,0x0,0x76,0x0,0x67,
    // volume-x.svg
  0x0,0xc,
  0xb,0xe7,0x22,0xa7,
  0x0,0x76,
  0x0,0x6f,0x0,0x6c,0x0,0x75,0x0,0x6d,0x0,0x65,0x0,0x2d,0x0,0x78,0x0,0x2e,0x0,0x73,0x0,0x76,0x0,0x67,
    // user-plus.svg
  0x0,0xd,
  0xa,0xfe,0xf3,0xc7,
  0x0,0x75,
  0x0,0x73,0x0,0x65,0x0,0x72,0x0,0x2d,0x0,0x70,0x0,0x6c,0x0,0x75,0x0,0x73,0x0,0x2e,0x0,0x73,0x0,0x76,0x0,0x67,
    // move.svg
  0x0,0x8,
  0x6,0xc8,0x54,0x47,
  0x0,0x6d,
  0x0,0x6f,0x0,0x76,0x0,0x65,0x0,0x2e,0x0,0x73,0x0,0x76,0x0,0x67,
    // bar-chart.svg
  0x0,0xd,
  0x9,0x9d,0x28,0xa7,
  0x0,0x62,
  0x0,0x61,0x0,0x72,0x0,0x2d,0x0,0x63,0x0,0x68,0x0,0x61,0x0,0x72,0x0,0x74,0x0,0x2e,0x0,0x73,0x0,0x76,0x0,0x67,
    // shuffle.svg
  0x0,0xb,
  0xd,0xd7,0xad,0x47,
  0x0,0x73,
  0x0,0x68,0x0,0x75,0x0,0x66,0x0,0x66,0x0,0x6c,0x0,0x65,0x0,0x2e,0x0,0x73,0x0,0x76,0x0,0x67,
    // cloud-rain.svg
  0x0,0xe,
  0x1,0x57,0xa9,0x47,
  0x0,0x63,
  0x0,0x6c,0x0,0x6f,0x0,0x75,0x0,0x64,0x0,0x2d,0x0,0x72,0x0,0x61,0x0,0x69,0x0,0x6e,0x0,0x2e,0x0,0x73,0x0,0x76,0x0,0x67,
    // tool.svg
  0x0,0x8,
  0x6,0x5f,0x55,0xa7,
  0x0,0x74,
  0x0,0x6f,0x0,0x6f,0x0,0x6c,0x0,0x2e,0x0,0x73,0x0,0x76,0x0,0x67,
    // globe.svg
  0x0,0x9,
  0x5,0x88,0x86,0xa7,
  0x0,0x67,
  0x0,0x6c,0x0,0x6f,0x0,0x62,0x0,0x65,0x0,0x2e,0x0,0x73,0x0,0x76,0x0,0x67,
    // umbrella.svg
  0x0,0xc,
  0xc,0xa7,0x6b,0x47,
  0x0,0x75,
  0x0,0x6d,0x0,0x62,0x0,0x72,0x0,0x65,0x0,0x6c,0x0,0x6c,0x0,0x61,0x0,0x2e,0x0,0x73,0x0,0x76,0x0,0x67,
    // arrow-up-right.svg
  0x0,0x12,
  0xe,0x57,0x91,0x87,
  0x0,0x61,
  0x0,0x72,0x0,0x72,0x0,0x6f,0x0,0x77,0x0,0x2d,0x0,0x75,0x0,0x70,0x0,0x2d,0x0,0x72,0x0,0x69,0x0,0x67,0x0,0x68,0x0,0x74,0x0,0x2e,0x0,0x73,0x0,0x76,
  0x0,0x67,
    // mail.svg
  0x0,0x8,
  0x7,0xff,0x54,0xa7,
  0x0,0x6d,
  0x0,0x61,0x0,0x69,0x0,0x6c,0x0,0x2e,0x0,0x73,0x0,0x76,0x0,0x67,
    // octagon.svg
  0x0,0xb,
  0xe,0xca,0xe,0x27,
  0x0,0x6f,
  0x0,0x63,0x0,0x74,0x0,0x61,0x0,0x67,0x0,0x6f,0x0,0x6e,0x0,0x2e,0x0,0x73,0x0,0x76,0x0,0x67,
    // pause-circle.svg
  0x0,0x10,
  0xd,0x3e,0xb8,0xe7,
  0x0,0x70,
  0x0,0x61,0x0,0x75,0x0,0x73,0x0,0x65,0x0,0x2d,0x0,0x63,0x0,0x69,0x0,0x72,0x0,0x63,0x0,0x6c,0x0,0x65,0x0,0x2e,0x0,0x73,0x0,0x76,0x0,0x67,
    // chevron-right.svg
  0x0,0x11,
  0xe,0x92,0x78,0x47,
  0x0,0x63,
  0x0,0x68,0x0,0x65,0x0,0x76,0x0,0x72,0x0,0x6f,0x0,0x6e,0x0,0x2d,0x0,0x72,0x0,0x69,0x0,0x67,0x0,0x68,0x0,0x74,0x0,0x2e,0x0,0x73,0x0,0x76,0x0,0x67,
  
    // home.svg
  0x0,0x8,
  0x6,0x38,0x57,0x27,
  0x0,0x68,
  0x0,0x6f,0x0,0x6d,0x0,0x65,0x0,0x2e,0x0,0x73,0x0,0x76,0x0,0x67,
    // meh.svg
  0x0,0x7,
  0x3,0xbb,0x5a,0x27,
  0x0,0x6d,
  0x0,0x65,0x0,0x68,0x0,0x2e,0x0,0x73,0x0,0x76,0x0,0x67,
    // book-open.svg
  0x0,0xd,
  0x4,0x8a,0x93,0xa7,
  0x0,0x62,
  0x0,0x6f,0x0,0x6f,0x0,0x6b,0x0,0x2d,0x0,0x6f,0x0,0x70,0x0,0x65,0x0,0x6e,0x0,0x2e,0x0,0x73,0x0,0x76,0x0,0x67,
    // smile.svg
  0x0,0x9,
  0x0,0x28,0xae,0x47,
  0x0,0x73,
  0x0,0x6d,0x0,0x69,0x0,0x6c,0x0,0x65,0x0,0x2e,0x0,0x73,0x0,0x76,0x0,0x67,
    // arrow-up-left.svg
  0x0,0x11,
  0xe,0xed,0x5f,0x27,
  0x0,0x61,
  0x0,0x72,0x0,0x72,0x0,0x6f,0x0,0x77,0x0,0x2d,0x0,0x75,0x0,0x70,0x0,0x2d,0x0,0x6c,0x0,0x65,0x0,0x66,0x0,0x74,0x0,0x2e,0x0,0x73,0x0,0x76,0x0,0x67,
  
    // chevrons-down.svg
  0x0,0x11,
  0x5,0xcc,0x2e,0xc7,
  0x0,0x63,
  0x0,0x68,0x0,0x65,0x0,0x76,0x0,0x72,0x0,0x6f,0x0,0x6e,0x0,0x73,0x0,0x2d,0x0,0x64,0x0,0x6f,0x0,0x77,0x0,0x6e,0x0,0x2e,0x0,0x73,0x0,0x76,0x0,0x67,
  
    // music.svg
  0x0,0x9,
  0x9,0xf6,0xb3,0x47,
  0x0,0x6d,
  0x0,0x75,0x0,0x73,0x0,0x69,0x0,0x63,0x0,0x2e,0x0,0x73,0x0,0x76,0x0,0x67,
    // tag.svg
  0x0,0x7,
  0xa,0x7a,0x5a,0x27,
  0x0,0x74,
  0x0,0x61,0x0,0x67,0x0,0x2e,0x0,0x73,0x0,0x76,0x0,0x67,
    // trending-down.svg
  0x0,0x11,
  0x2,0xc6,0x2c,0x87,
  0x0,0x74,
  0x0,0x72,0x0,0x65,0x0,0x6e,0x0,0x64,0x0,0x69,0x0,0x6e,0x0,0x67,0x0,0x2d,0x0,0x64,0x0,0x6f,0x0,0x77,0x0,0x6e,0x0,0x2e,0x0,0x73,0x0,0x76,0x0,0x67,
  
    // coffee.svg
  0x0,0xa,
  0xc,0xbd,0x11,0x47,
  0x0,0x63,
  0x0,0x6f,0x0,0x66,0x0,0x66,0x0,0x65,0x0,0x65,0x0,0x2e,0x0,0x73,0x0,0x76,0x0,0x67,
    // pie-chart.svg
  0x0,0xd,
  0x5,0x67,0x28,0xc7,
  0x0,0x70,
  0x0,0x69,0x0,0x65,0x0,0x2d,0x0,0x63,0x0,0x68,0x0,0x61,0x0,0x72,0x0,0x74,0x0,0x2e,0x0,0x73,0x0,0x76,0x0,0x67,
    // trash.svg
  0x0,0x9,
  0x8,0x9b,0xad,0xc7,
  0x0,0x74,
  0x0,0x72,0x0,0x61,0x0,0x73,0x0,0x68,0x0,0x2e,0x0,0x73,0x0,0x76,0x0,0x67,
    // framer.svg
  0x0,0xa,
  0x3,0xc8,0xeb,0xc7,
  0x0,0x66,
  0x0,0x72,0x0,0x61,0x0,0x6d,0x0,0x65,0x0,0x72,0x0,0x2e,0x0,0x73,0x0,0x76,0x0,0x67,
    // scissors.svg
  0x0,0xc,
  0x9,0xa2,0x4f,0x87,
  0x0,0x73,
  0x0,0x63,0x0,0x69,0x0,0x73,0x0,0x73,0x0,0x6f,0x0,0x72,0x0,0x73,0x0,0x2e,0x0,0x73,0x0,0x76,0x0,0x67,
    // corner-down-right.svg
  0x0,0x15,
  0x5,0x7,0xd6,0xa7,
  0x0,0x63,
  0x0,0x6f,0x0,0x72,0x0,0x6e,0x0,0x65,0x0,0x72,0x0,0x2d,0x0,0x64,0x0,0x6f,0x0,0x77,0x0,0x6e,0x0,0x2d,0x0,0x72,0x0,0x69,0x0,0x67,0x0,0x68,0x0,0x74,
  0x0,0x2e,0x0,0x73,0x0,0x76,0x0,0x67,
    // eye.svg
  0x0,0x7,
  0xc,0xf8,0x5a,0x7,
  0x0,0x65,
  0x0,0x79,0x0,0x65,0x0,0x2e,0x0,0x73,0x0,0x76,0x0,0x67,
    // corner-left-down.svg
  0x0,0x14,
  0xa,0x8,0x9f,0x87,
  0x0,0x63,
  0x0,0x6f,0x0,0x72,0x0,0x6e,0x0,0x65,0x0,0x72,0x0,0x2d,0x0,0x6c,0x0,0x65,0x0,0x66,0x0,0x74,0x0,0x2d,0x0,0x64,0x0,0x6f,0x0,0x77,0x0,0x6e,0x0,0x2e,
  0x0,0x73,0x0,0x76,0x0,0x67,
    // anchor.svg
  0x0,0xa,
  0xf,0x68,0x53,0xe7,
  0x0,0x61,
  0x0,0x6e,0x0,0x63,0x0,0x68,0x0,0x6f,0x0,0x72,0x0,0x2e,0x0,0x73,0x0,0x76,0x0,0x67,
    // corner-right-down.svg
  0x0,0x15,
  0xc,0x6d,0xbc,0xc7,
  0x0,0x63,
  0x0,0x6f,0x0,0x72,0x0,0x6e,0x0,0x65,0x0,0x72,0x0,0x2d,0x0,0x72,0x0,0x69,0x0,0x67,0x0,0x68,0x0,0x74,0x0,0x2d,0x0,0x64,0x0,0x6f,0x0,0x77,0x0,0x6e,
  0x0,0x2e,0x0,0x73,0x0,0x76,0x0,0x67,
    // facebook.svg
  0x0,0xc,
  0xb,0xd5,0x6d,0xe7,
  0x0,0x66,
  0x0,0x61,0x0,0x63,0x0,0x65,0x0,0x62,0x0,0x6f,0x0,0x6f,0x0,0x6b,0x0,0x2e,0x0,0x73,0x0,0x76,0x0,0x67,
    // navigation-2.svg
  0x0,0x10,
  0xe,0xa9,0xd9,0x27,
  0x0,0x6e,
  0x0,0x61,0x0,0x76,0x0,0x69,0x0,0x67,0x0,0x61,0x0,0x74,0x0,0x69,0x0,0x6f,0x0,0x6e,0x0,0x2d,0x0,0x32,0x0,0x2e,0x0,0x73,0x0,0x76,0x0,0x67,
    // at-sign.svg
  0x0,0xb,
  0xf,0x31,0xb3,0xe7,
  0x0,0x61,
  0x0,0x74,0x0,0x2d,0x0,0x73,0x0,0x69,0x0,0x67,0x0,0x6e,0x0,0x2e,0x0,0x73,0x0,0x76,0x0,0x67,
    // battery-charging.svg
  0x0,0x14,
  0xd,0xa0,0x58,0x27,
  0x0,0x62,
  0x0,0x61,0x0,0x74,0x0,0x74,0x0,0x65,0x0,0x72,0x0,0x79,0x0,0x2d,0x0,0x63,0x0,0x68,0x0,0x61,0x0,0x72,0x0,0x67,0x0,0x69,0x0,0x6e,0x0,0x67,0x0,0x2e,
  0x0,0x73,0x0,0x76,0x0,0x67,
    // inbox.svg
  0x0,0x9,
  0x9,0x6b,0xba,0x47,
  0x0,0x69,
  0x0,0x6e,0x0,0x62,0x0,0x6f,0x0,0x78,0x0,0x2e,0x0,0x73,0x0,0x76,0x0,0x67,
    // cloud-lightning.svg
  0x0,0x13,
  0x5,0x6b,0x4c,0x7,
  0x0,0x63,
  0x0,0x6c,0x0,0x6f,0x0,0x75,0x0,0x64,0x0,0x2d,0x0,0x6c,0x0,0x69,0x0,0x67,0x0,0x68,0x0,0x74,0x0,0x6e,0x0,0x69,0x0,0x6e,0x0,0x67,0x0,0x2e,0x0,0x73,
  0x0,0x76,0x0,0x67,
    // file-text.svg
  0x0,0xd,
  0x6,0xf2,0x52,0x27,
  0x0,0x66,
  0x0,0x69,0x0,0x6c,0x0,0x65,0x0,0x2d,0x0,0x74,0x0,0x65,0x0,0x78,0x0,0x74,0x0,0x2e,0x0,0x73,0x0,0x76,0x0,0x67,
    // align-right.svg
  0x0,0xf,
  0x2,0x34,0x6b,0x87,
  0x0,0x61,
  0x0,0x6c,0x0,0x69,0x0,0x67,0x0,0x6e,0x0,0x2d,0x0,0x72,0x0,0x69,0x0,0x67,0x0,0x68,0x0,0x74,0x0,0x2e,0x0,0x73,0x0,0x76,0x0,0x67,
    // wind.svg
  0x0,0x8,
  0x0,0x47,0x55,0x7,
  0x0,0x77,
  0x0,0x69,0x0,0x6e,0x0,0x64,0x0,0x2e,0x0,0x73,0x0,0x76,0x0,0x67,
    // zap.svg
  0x0,0x7,
  0x0,0x83,0x5b,0xc7,
  0x0,0x7a,
  0x0,0x61,0x0,0x70,0x0,0x2e,0x0,0x73,0x0,0x76,0x0,0x67,
    // power.svg
  0x0,0x9,
  0xd,0xc5,0xb4,0x7,
  0x0,0x70,
  0x0,0x6f,0x0,0x77,0x0,0x65,0x0,0x72,0x0,0x2e,0x0,0x73,0x0,0x76,0x0,0x67,
    // bold.svg
  0x0,0x8,
  0x6,0x27,0x57,0xe7,
  0x0,0x62,
  0x0,0x6f,0x0,0x6c,0x0,0x64,0x0,0x2e,0x0,0x73,0x0,0x76,0x0,0x67,
    // bar-chart-2.svg
  0x0,0xf,
  0xd,0x77,0x29,0xe7,
  0x0,0x62,
  0x0,0x61,0x0,0x72,0x0,0x2d,0x0,0x63,0x0,0x68,0x0,0x61,0x0,0x72,0x0,0x74,0x0,0x2d,0x0,0x32,0x0,0x2e,0x0,0x73,0x0,0x76,0x0,0x67,
    // rotate-ccw.svg
  0x0,0xe,
  0x4,0xfb,0xc,0xe7,
  0x0,0x72,
  0x0,0x6f,0x0,0x74,0x0,0x61,0x0,0x74,0x0,0x65,0x0,0x2d,0x0,0x63,0x0,0x63,0x0,0x77,0x0,0x2e,0x0,0x73,0x0,0x76,0x0,0x67,
    // user-minus.svg
  0x0,0xe,
  0x6,0x50,0xc3,0xe7,
  0x0,0x75,
  0x0,0x73,0x0,0x65,0x0,0x72,0x0,0x2d,0x0,0x6d,0x0,0x69,0x0,0x6e,0x0,0x75,0x0,0x73,0x0,0x2e,0x0,0x73,0x0,0x76,0x0,0x67,
    // codepen.svg
  0x0,0xb,
  0x6,0x95,0xef,0x47,
  0x0,0x63,
  0x0,0x6f,0x0,0x64,0x0,0x65,0x0,0x70,0x0,0x65,0x0,0x6e,0x0,0x2e,0x0,0x73,0x0,0x76,0x0,0x67,
    // phone-outgoing.svg
  0x0,0x12,
  0x5,0x2e,0x94,0x47,
  0x0,0x70,
  0x0,0x68,0x0,0x6f,0x0,0x6e,0x0,0x65,0x0,0x2d,0x0,0x6f,0x0,0x75,0x0,0x74,0x0,0x67,0x0,0x6f,0x0,0x69,0x0,0x6e,0x0,0x67,0x0,0x2e,0x0,0x73,0x0,0x76,
  0x0,0x67,
  
};

static const unsigned char qt_resource_struct[] = {
  // :
  0x0,0x0,0x0,0x0,0x0,0x2,0x0,0x0,0x0,0x1,0x0,0x0,0x0,0x1,
0x0,0x0,0x0,0x0,0x0,0x0,0x0,0x0,
  // :/img
  0x0,0x0,0x0,0x0,0x0,0x2,0x0,0x0,0x0,0x1,0x0,0x0,0x0,0x2,
0x0,0x0,0x0,0x0,0x0,0x0,0x0,0x0,
  // :/img/icon_light
  0x0,0x0,0x0,0xc,0x0,0x2,0x0,0x0,0x1,0x20,0x0,0x0,0x0,0x3,
0x0,0x0,0x0,0x0,0x0,0x0,0x0,0x0,
  // :/img/icon_light/toggle-left.svg
  0x0,0x0,0x2,0xd0,0x0,0x0,0x0,0x0,0x0,0x1,0x0,0x0,0x1d,0xd3,
0x0,0x0,0x1,0x8c,0xc7,0xe8,0xad,0xa0,
  // :/img/icon_light/archive.svg
  0x0,0x0,0xa,0x48,0x0,0x0,0x0,0x0,0x0,0x1,0x0,0x0,0x80,0xc,
0x0,0x0,0x1,0x8c,0xc7,0xe8,0xad,0xa0,
  // :/img/icon_light/file.svg
  0x0,0x0,0x5,0x4e,0x0,0x0,0x0,0x0,0x0,0x1,0x0,0x0,0x3d,0xb3,
0x0,0x0,0x1,0x8c,0xc7,0xe8,0xad,0xa0,
  // :/img/icon_light/smile.svg
  0x0,0x0,0x1e,0x4c,0x0,0x0,0x0,0x0,0x0,0x1,0x0,0x1,0x77,0xa9,
0x0,0x0,0x1,0x8c,0xc7,0xe8,0xad,0xa0,
  // :/img/icon_light/film.svg
  0x0,0x0,0x15,0x9e,0x0,0x0,0x0,0x0,0x0,0x1,0x0,0x1,0xc,0xbd,
0x0,0x0,0x1,0x8c,0xc7,0xe8,0xad,0xa0,
  // :/img/icon_light/help-circle.svg
  0x0,0x0,0x6,0xfc,0x0,0x0,0x0,0x0,0x0,0x1,0x0,0x0,0x54,0xfc,
0x0,0x0,0x1,0x8c,0xc7,0xe8,0xad,0xa0,
  // :/img/icon_light/wind.svg
  0x0,0x0,0x21,0x64,0x0,0x0,0x0,0x0,0x0,0x1,0x0,0x1,0x98,0x3c,
0x0,0x0,0x1,0x8c,0xc7,0xe8,0xad,0xa0,
  // :/img/icon_light/rewind.svg
  0x0,0x0,0x3,0x4e,0x0,0x0,0x0,0x0,0x0,0x1,0x0,0x0,0x23,0x93,
0x0,0x0,0x1,0x8c,0xc7,0xe8,0xad,0xa0,
  // :/img/icon_light/link.svg
  0x0,0x0,0x8,0x56,0x0,0x0,0x0,0x0,0x0,0x1,0x0,0x0,0x67,0xef,
0x0,0x0,0x1,0x8c,0xc7,0xe8,0xad,0xa0,
  // :/img/icon_light/plus-square.svg
  0x0,0x0,0xf,0x64,0x0,0x0,0x0,0x0,0x0,0x1,0x0,0x0,0xbd,0xf6,
0x0,0x0,0x1,0x8c,0xc7,0xe8,0xad,0xa0,
  // :/img/icon_light/minus-square.svg
  0x0,0x0,0x16,0xa0,0x0,0x0,0x0,0x0,0x0,0x1,0x0,0x1,0x18,0xba,
0x0,0x0,0x1,0x8c,0xc7,0xe8,0xad,0xa0,
  // :/img/icon_light/message-circle.svg
  0x0,0x0,0x14,0x1c,0x0,0x0,0x0,0x0,0x0,0x1,0x0,0x0,0xfa,0xf3,
0x0,0x0,0x1,0x8c,0xc7,0xe8,0xad,0xa0,
  // :/img/icon_light/folder-minus.svg
  0x0,0x0,0xe,0x52,0x0,0x0,0x0,0x0,0x0,0x1,0x0,0x0,0xb2,0x19,
0x0,0x0,0x1,0x8c,0xc7,0xe8,0xad,0xa0,
  // :/img/icon_light/sunrise.svg
  0x0,0x0,0x13,0x1e,0x0,0x0,0x0,0x0,0x0,0x1,0x0,0x0,0xed,0x70,
0x0,0x0,0x1,0x8c,0xc7,0xe8,0xad,0xa0,
  // :/img/icon_light/type.svg
  0x0,0x0,0x4,0x34,0x0,0x0,0x0,0x0,0x0,0x1,0x0,0x0,0x30,0x3f,
0x0,0x0,0x1,0x8c,0xc7,0xe8,0xad,0xa0,
  // :/img/icon_light/x.svg
  0x0,0x0,0xc,0xd2,0x0,0x0,0x0,0x0,0x0,0x1,0x0,0x0,0x9f,0x63,
0x0,0x0,0x1,0x8c,0xc7,0xe8,0xad,0xa0,
  // :/img/icon_light/zap.svg
  0x0,0x0,0x21,0x7a,0x0,0x0,0x0,0x0,0x0,0x1,0x0,0x1,0x99,0x7e,
0x0,0x0,0x1,0x8c,0xc7,0xe8,0xad,0xa0,
  // :/img/icon_light/disc.svg
  0x0,0x0,0x12,0x6e,0x0,0x0,0x0,0x0,0x0,0x1,0x0,0x0,0xe5,0x4e,
0x0,0x0,0x1,0x8c,0xc7,0xe8,0xad,0xa0,
  // :/img/icon_light/list.svg
  0x0,0x0,0x4,0x1e,0x0,0x0,0x0,0x0,0x0,0x1,0x0,0x0,0x2e,0x61,
0x0,0x0,0x1,0x8c,0xc7,0xe8,0xad,0xa0,
  // :/img/icon_light/phone-missed.svg
  0x0,0x0,0x8,0xa,0x0,0x0,0x0,0x0,0x0,0x1,0x0,0x0,0x64,0x4d,
0x0,0x0,0x1,0x8c,0xc7,0xe8,0xad,0xa0,
  // :/img/icon_light/chevron-left.svg
  0x0,0x0,0x1a,0xf6,0x0,0x0,0x0,0x0,0x0,0x1,0x0,0x1,0x4f,0xb2,
0x0,0x0,0x1,0x8c,0xc7,0xe8,0xad,0xa0,
  // :/img/icon_light/speaker.svg
  0x0,0x0,0x15,0x56,0x0,0x0,0x0,0x0,0x0,0x1,0x0,0x1,0xa,0x1b,
0x0,0x0,0x1,0x8c,0xc7,0xe8,0xad,0xa0,
  // :/img/icon_light/more-vertical.svg
  0x0,0x0,0xe,0x92,0x0,0x0,0x0,0x0,0x0,0x1,0x0,0x0,0xb5,0xe0,
0x0,0x0,0x1,0x8c,0xc7,0xe8,0xad,0xa0,
  // :/img/icon_light/thumbs-up.svg
  0x0,0x0,0x17,0x1c,0x0,0x0,0x0,0x0,0x0,0x1,0x0,0x1,0x1c,0xee,
0x0,0x0,0x1,0x8c,0xc7,0xe8,0xad,0xa0,
  // :/img/icon_light/cloud-rain.svg
  0x0,0x0,0x1c,0xea,0x0,0x0,0x0,0x0,0x0,0x1,0x0,0x1,0x67,0x8b,
0x0,0x0,0x1,0x8c,0xc7,0xe8,0xad,0xa0,
  // :/img/icon_light/alert-triangle.svg
  0x0,0x0,0xf,0x20,0x0,0x0,0x0,0x0,0x0,0x1,0x0,0x0,0xbb,0x1f,
0x0,0x0,0x1,0x8c,0xc7,0xe8,0xad,0xa0,
  // :/img/icon_light/rotate-cw.svg
  0x0,0x0,0x1b,0x48,0x0,0x0,0x0,0x0,0x0,0x1,0x0,0x1,0x52,0xfc,
0x0,0x0,0x1,0x8c,0xc7,0xe8,0xad,0xa0,
  // :/img/icon_light/aperture.svg
  0x0,0x0,0x14,0xea,0x0,0x0,0x0,0x0,0x0,0x1,0x0,0x1,0x3,0xbc,
0x0,0x0,0x1,0x8c,0xc7,0xe8,0xad,0xa0,
  // :/img/icon_light/life-buoy.svg
  0x0,0x0,0x3,0xe8,0x0,0x0,0x0,0x0,0x0,0x1,0x0,0x0,0x2a,0xf7,
0x0,0x0,0x1,0x8c,0xc7,0xe8,0xad,0xa0,
  // :/img/icon_light/toggle-right.svg
  0x0,0x0,0x8,0x30,0x0,0x0,0x0,0x0,0x0,0x1,0x0,0x0,0x66,0xae,
0x0,0x0,0x1,0x8c,0xc7,0xe8,0xad,0xa0,
  // :/img/icon_light/cloud-off.svg
  0x0,0x0,0x12,0xe4,0x0,0x0,0x0,0x0,0x0,0x1,0x0,0x0,0xea,0x98,
0x0,0x0,0x1,0x8c,0xc7,0xe8,0xad,0xa0,
  // :/img/icon_light/pocket.svg
  0x0,0x0,0x16,0x86,0x0,0x0,0x0,0x0,0x0,0x1,0x0,0x1,0x17,0x58,
0x0,0x0,0x1,0x8c,0xc7,0xe8,0xad,0xa0,
  // :/img/icon_light/hard-drive.svg
  0x0,0x0,0x14,0xc8,0x0,0x0,0x0,0x0,0x0,0x1,0x0,0x1,0x1,0xdc,
0x0,0x0,0x1,0x8c,0xc7,0xe8,0xad,0xa0,
  // :/img/icon_light/key.svg
  0x0,0x0,0xb,0x48,0x0,0x0,0x0,0x0,0x0,0x1,0x0,0x0,0x8c,0x55,
0x0,0x0,0x1,0x8c,0xc7,0xe8,0xad,0xa0,
  // :/img/icon_light/arrow-down-right.svg
  0x0,0x0,0xe,0xdc,0x0,0x0,0x0,0x0,0x0,0x1,0x0,0x0,0xb8,0x9c,
0x0,0x0,0x1,0x8c,0xc7,0xe8,0xad,0xa0,
  // :/img/icon_light/navigation.svg
  0x0,0x0,0x12,0x84,0x0,0x0,0x0,0x0,0x0,0x1,0x0,0x0,0xe6,0x71,
0x0,0x0,0x1,0x8c,0xc7,0xe8,0xad,0xa0,
  // :/img/icon_light/droplet.svg
  0x0,0x0,0x9,0xca,0x0,0x0,0x0,0x0,0x0,0x1,0x0,0x0,0x7a,0x9f,
0x0,0x0,0x1,0x8c,0xc7,0xe8,0xad,0xa0,
  // :/img/icon_light/align-right.svg
  0x0,0x0,0x21,0x40,0x0,0x0,0x0,0x0,0x0,0x1,0x0,0x1,0x96,0xb3,
0x0,0x0,0x1,0x8c,0xc7,0xe8,0xad,0xa0,
  // :/img/icon_light/headphones.svg
  0x0,0x0,0x17,0xae,0x0,0x0,0x0,0x0,0x0,0x1,0x0,0x1,0x24,0x84,
0x0,0x0,0x1,0x8c,0xc7,0xe8,0xad,0xa0,
  // :/img/icon_light/airplay.svg
  0x0,0x0,0xd,0x10,0x0,0x0,0x0,0x0,0x0,0x1,0x0,0x0,0xa3,0xe4,
0x0,0x0,0x1,0x8c,0xc7,0xe8,0xad,0xa0,
  // :/img/icon_light/gitlab.svg
  0x0,0x0,0xa,0xfc,0x0,0x0,0x0,0x0,0x0,0x1,0x0,0x0,0x89,0xa,
0x0,0x0,0x1,0x8c,0xc7,0xe8,0xad,0xa0,
  // :/img/icon_light/flag.svg
  0x0,0x0,0xf,0xa,0x0,0x0,0x0,0x0,0x0,0x1,0x0,0x0,0xb9,0xd5,
0x0,0x0,0x1,0x8c,0xc7,0xe8,0xad,0xa0,
  // :/img/icon_light/play.svg
  0x0,0x0,0x1b,0x1c,0x0,0x0,0x0,0x0,0x0,0x1,0x0,0x1,0x50,0xbc,
0x0,0x0,0x1,0x8c,0xc7,0xe8,0xad,0xa0,
  // :/img/icon_light/refresh-ccw.svg
  0x0,0x0,0x0,0x7e,0x0,0x0,0x0,0x0,0x0,0x1,0x0,0x0,0x3,0x8b,
0x0,0x0,0x1,0x8c,0xc7,0xe8,0xad,0xa0,
  // :/img/icon_light/trending-down.svg
  0x0,0x0,0x1e,0xe0,0x0,0x0,0x0,0x0,0x0,0x1,0x0,0x1,0x7e,0x38,
0x0,0x0,0x1,0x8c,0xc7,0xe8,0xad,0xa0,
  // :/img/icon_light/tablet.svg
  0x0,0x0,0x15,0x26,0x0,0x0,0x0,0x0,0x0,0x1,0x0,0x1,0x7,0x7c,
0x0,0x0,0x1,0x8c,0xc7,0xe8,0xad,0xa0,
  // :/img/icon_light/plus-circle.svg
  0x0,0x0,0xb,0xb4,0x0,0x0,0x0,0x0,0x0,0x1,0x0,0x0,0x92,0xfc,
0x0,0x0,0x1,0x8c,0xc7,0xe8,0xad,0xa0,
  // :/img/icon_light/italic.svg
  0x0,0x0,0xf,0xa8,0x0,0x0,0x0,0x0,0x0,0x1,0x0,0x0,0xc0,0xf3,
0x0,0x0,0x1,0x8c,0xc7,0xe8,0xad,0xa0,
  // :/img/icon_light/minus-circle.svg
  0x0,0x0,0x4,0xa6,0x0,0x0,0x0,0x0,0x0,0x1,0x0,0x0,0x35,0x5e,
0x0,0x0,0x1,0x8c,0xc7,0xe8,0xad,0xa0,
  // :/img/icon_light/zoom-in.svg
  0x0,0x0,0x6,0x40,0x0,0x0,0x0,0x0,0x0,0x1,0x0,0x0,0x4c,0x2d,
0x0,0x0,0x1,0x8c,0xc7,0xe8,0xad,0xa0,
  // :/img/icon_light/trello.svg
  0x0,0x0,0x17,0x94,0x0,0x0,0x0,0x0,0x0,0x1,0x0,0x1,0x23,0x13,
0x0,0x0,0x1,0x8c,0xc7,0xe8,0xad,0xa0,
  // :/img/icon_light/map.svg
  0x0,0x0,0x9,0x54,0x0,0x0,0x0,0x0,0x0,0x1,0x0,0x0,0x73,0xc8,
0x0,0x0,0x1,0x8c,0xc7,0xe8,0xad,0xa0,
  // :/img/icon_light/meh.svg
  0x0,0x0,0x1e,0x18,0x0,0x0,0x0,0x0,0x0,0x1,0x0,0x1,0x74,0xd9,
0x0,0x0,0x1,0x8c,0xc7,0xe8,0xad,0xa0,
  // :/img/icon_light/cloud-snow.svg
  0x0,0x0,0x5,0xc2,0x0,0x0,0x0,0x0,0x0,0x1,0x0,0x0,0x43,0x52,
0x0,0x0,0x1,0x8c,0xc7,0xe8,0xad,0xa0,
  // :/img/icon_light/plus.svg
  0x0,0x0,0x11,0xf2,0x0,0x0,0x0,0x0,0x0,0x1,0x0,0x0,0xde,0xf5,
0x0,0x0,0x1,0x8c,0xc7,0xe8,0xad,0xa0,
  // :/img/icon_light/framer.svg
  0x0,0x0,0x1f,0x5a,0x0,0x0,0x0,0x0,0x0,0x1,0x0,0x1,0x83,0xd1,
0x0,0x0,0x1,0x8c,0xc7,0xe8,0xad,0xa0,
  // :/img/icon_light/skip-back.svg
  0x0,0x0,0x1a,0xba,0x0,0x0,0x0,0x0,0x0,0x1,0x0,0x1,0x4c,0x1e,
0x0,0x0,0x1,0x8c,0xc7,0xe8,0xad,0xa0,
  // :/img/icon_light/git-pull-request.svg
  0x0,0x0,0x13,0xee,0x0,0x0,0x0,0x0,0x0,0x1,0x0,0x0,0xf9,0x74,
0x0,0x0,0x1,0x8c,0xc7,0xe8,0xad,0xa0,
  // :/img/icon_light/thermometer.svg
  0x0,0x0,0x10,0xfa,0x0,0x0,0x0,0x0,0x0,0x1,0x0,0x0,0xd1,0x91,
0x0,0x0,0x1,0x8c,0xc7,0xe8,0xad,0xa0,
  // :/img/icon_light/mic.svg
  0x0,0x0,0xd,0xec,0x0,0x0,0x0,0x0,0x0,0x1,0x0,0x0,0xac,0x89,
0x0,0x0,0x1,0x8c,0xc7,0xe8,0xad,0xa0,
  // :/img/icon_light/log-in.svg
  0x0,0x0,0xd,0x56,0x0,0x0,0x0,0x0,0x0,0x1,0x0,0x0,0xa6,0x7e,
0x0,0x0,0x1,0x8c,0xc7,0xe8,0xad,0xa0,
  // :/img/icon_light/refresh-cw.svg
  0x0,0x0,0x5,0x64,0x0,0x0,0x0,0x0,0x0,0x1,0x0,0x0,0x3f,0x0,
0x0,0x0,0x1,0x8c,0xc7,0xe8,0xad,0xa0,
  // :/img/icon_light/arrow-up-circle.svg
  0x0,0x0,0x1a,0x8e,0x0,0x0,0x0,0x0,0x0,0x1,0x0,0x1,0x4a,0xbd,
0x0,0x0,0x1,0x8c,0xc7,0xe8,0xad,0xa0,
  // :/img/icon_light/dribbble.svg
  0x0,0x0,0x7,0x3a,0x0,0x0,0x0,0x0,0x0,0x1,0x0,0x0,0x57,0x76,
0x0,0x0,0x1,0x8c,0xc7,0xe8,0xad,0xa0,
  // :/img/icon_light/corner-right-up.svg
  0x0,0x0,0x17,0xd0,0x0,0x0,0x0,0x0,0x0,0x1,0x0,0x1,0x26,0xb,
0x0,0x0,0x1,0x8c,0xc7,0xe8,0xad,0xa0,
  // :/img/icon_light/git-branch.svg
  0x0,0x0,0x19,0xd6,0x0,0x0,0x0,0x0,0x0,0x1,0x0,0x1,0x3f,0xe4,
0x0,0x0,0x1,0x8c,0xc7,0xe8,0xad,0xa0,
  // :/img/icon_light/columns.svg
  0x0,0x0,0x5,0x32,0x0,0x0,0x0,0x0,0x0,0x1,0x0,0x0,0x3c,0x71,
0x0,0x0,0x1,0x8c,0xc7,0xe8,0xad,0xa0,
  // :/img/icon_light/book-open.svg
  0x0,0x0,0x1e,0x2c,0x0,0x0,0x0,0x0,0x0,0x1,0x0,0x1,0x76,0x5a,
0x0,0x0,0x1,0x8c,0xc7,0xe8,0xad,0xa0,
  // :/img/icon_light/linkedin.svg
  0x0,0x0,0x15,0x8,0x0,0x0,0x0,0x0,0x0,0x1,0x0,0x1,0x5,0xf0,
0x0,0x0,0x1,0x8c,0xc7,0xe8,0xad,0xa0,
  // :/img/icon_light/zap-off.svg
  0x0,0x0,0x7,0x8e,0x0,0x0,0x0,0x0,0x0,0x1,0x0,0x0,0x5c,0xd0,
0x0,0x0,0x1,0x8c,0xc7,0xe8,0xad,0xa0,
  // :/img/icon_light/info.svg
  0x0,0x0,0x13,0x8e,0x0,0x0,0x0,0x0,0x0,0x1,0x0,0x0,0xf4,0x75,
0x0,0x0,0x1,0x8c,0xc7,0xe8,0xad,0xa0,
  // :/img/icon_light/git-merge.svg
  0x0,0x0,0x3,0xc8,0x0,0x0,0x0,0x0,0x0,0x1,0x0,0x0,0x29,0xab,
0x0,0x0,0x1,0x8c,0xc7,0xe8,0xad,0xa0,
  // :/img/icon_light/bluetooth.svg
  0x0,0x0,0x16,0x66,0x0,0x0,0x0,0x0,0x0,0x1,0x0,0x1,0x16,0x32,
0x0,0x0,0x1,0x8c,0xc7,0xe8,0xad,0xa0,
  // :/img/icon_light/git-commit.svg
  0x0,0x0,0x8,0xc0,0x0,0x0,0x0,0x0,0x0,0x1,0x0,0x0,0x6d,0x12,
0x0,0x0,0x1,0x8c,0xc7,0xe8,0xad,0xa0,
  // :/img/icon_light/shopping-cart.svg
  0x0,0x0,0x19,0x22,0x0,0x0,0x0,0x0,0x0,0x1,0x0,0x1,0x34,0x45,
0x0,0x0,0x1,0x8c,0xc7,0xe8,0xad,0xa0,
  // :/img/icon_light/rotate-ccw.svg
  0x0,0x0,0x21,0xe0,0x0,0x0,0x0,0x0,0x0,0x1,0x0,0x1,0x9e,0x66,
0x0,0x0,0x1,0x8c,0xc7,0xe8,0xad,0xa0,
  // :/img/icon_light/corner-down-right.svg
  0x0,0x0,0x1f,0x92,0x0,0x0,0x0,0x0,0x0,0x1,0x0,0x1,0x86,0x9b,
0x0,0x0,0x1,0x8c,0xc7,0xe8,0xad,0xa0,
  // :/img/icon_light/eye-off.svg
  0x0,0x0,0x3,0x16,0x0,0x0,0x0,0x0,0x0,0x1,0x0,0x0,0x20,0x5a,
0x0,0x0,0x1,0x8c,0xc7,0xe8,0xad,0xa0,
  // :/img/icon_light/crosshair.svg
  0x0,0x0,0x17,0xfc,0x0,0x0,0x0,0x0,0x0,0x1,0x0,0x1,0x27,0x40,
0x0,0x0,0x1,0x8c,0xc7,0xe8,0xad,0xa0,
  // :/img/icon_light/phone-outgoing.svg
  0x0,0x0,0x22,0x40,0x0,0x0,0x0,0x0,0x0,0x1,0x0,0x1,0xa2,0xea,
0x0,0x0,0x1,0x8c,0xc7,0xe8,0xad,0xa0,
  // :/img/icon_light/mic-off.svg
  0x0,0x0,0xf,0xfc,0x0,0x0,0x0,0x0,0x0,0x1,0x0,0x0,0xc4,0xbf,
0x0,0x0,0x1,0x8c,0xc7,0xe8,0xad,0xa0,
  // :/img/icon_light/user-x.svg
  0x0,0x0,0x1a,0x5a,0x0,0x0,0x0,0x0,0x0,0x1,0x0,0x1,0x47,0xc4,
0x0,0x0,0x1,0x8c,0xc7,0xe8,0xad,0xa0,
  // :/img/icon_light/smartphone.svg
  0x0,0x0,0x2,0xf4,0x0,0x0,0x0,0x0,0x0,0x1,0x0,0x0,0x1f,0x12,
0x0,0x0,0x1,0x8c,0xc7,0xe8,0xad,0xa0,
  // :/img/icon_light/triangle.svg
  0x0,0x0,0x13,0xd0,0x0,0x0,0x0,0x0,0x0,0x1,0x0,0x0,0xf8,0x32,
0x0,0x0,0x1,0x8c,0xc7,0xe8,0xad,0xa0,
  // :/img/icon_light/pie-chart.svg
  0x0,0x0,0x1f,0x22,0x0,0x0,0x0,0x0,0x0,0x1,0x0,0x1,0x81,0x3a,
0x0,0x0,0x1,0x8c,0xc7,0xe8,0xad,0xa0,
  // :/img/icon_light/cloud-lightning.svg
  0x0,0x0,0x20,0xf4,0x0,0x0,0x0,0x0,0x0,0x1,0x0,0x1,0x93,0x89,
0x0,0x0,0x1,0x8c,0xc7,0xe8,0xad,0xa0,
  // :/img/icon_light/upload.svg
  0x0,0x0,0x1a,0x74,0x0,0x0,0x0,0x0,0x0,0x1,0x0,0x1,0x49,0x54,
0x0,0x0,0x1,0x8c,0xc7,0xe8,0xad,0xa0,
  // :/img/icon_light/globe.svg
  0x0,0x0,0x1d,0x22,0x0,0x0,0x0,0x0,0x0,0x1,0x0,0x1,0x6a,0xaa,
0x0,0x0,0x1,0x8c,0xc7,0xe8,0xad,0xa0,
  // :/img/icon_light/unlock.svg
  0x0,0x0,0x4,0x8c,0x0,0x0,0x0,0x0,0x0,0x1,0x0,0x0,0x34,0x20,
0x0,0x0,0x1,0x8c,0xc7,0xe8,0xad,0xa0,
  // :/img/icon_light/file-minus.svg
  0x0,0x0,0x19,0x4a,0x0,0x0,0x0,0x0,0x0,0x1,0x0,0x1,0x35,0xc0,
0x0,0x0,0x1,0x8c,0xc7,0xe8,0xad,0xa0,
  // :/img/icon_light/lock.svg
  0x0,0x0,0x1b,0x32,0x0,0x0,0x0,0x0,0x0,0x1,0x0,0x1,0x51,0xbf,
0x0,0x0,0x1,0x8c,0xc7,0xe8,0xad,0xa0,
  // :/img/icon_light/clock.svg
  0x0,0x0,0x14,0x46,0x0,0x0,0x0,0x0,0x0,0x1,0x0,0x0,0xfc,0x9b,
0x0,0x0,0x1,0x8c,0xc7,0xe8,0xad,0xa0,
  // :/img/icon_light/bookmark.svg
  0x0,0x0,0xe,0x1e,0x0,0x0,0x0,0x0,0x0,0x1,0x0,0x0,0xaf,0x6e,
0x0,0x0,0x1,0x8c,0xc7,0xe8,0xad,0xa0,
  // :/img/icon_light/code.svg
  0x0,0x0,0x4,0x8,0x0,0x0,0x0,0x0,0x0,0x1,0x0,0x0,0x2d,0x32,
0x0,0x0,0x1,0x8c,0xc7,0xe8,0xad,0xa0,
  // :/img/icon_light/camera-off.svg
  0x0,0x0,0x9,0x92,0x0,0x0,0x0,0x0,0x0,0x1,0x0,0x0,0x77,0x9e,
0x0,0x0,0x1,0x8c,0xc7,0xe8,0xad,0xa0,
  // :/img/icon_light/minus.svg
  0x0,0x0,0x8,0xe2,0x0,0x0,0x0,0x0,0x0,0x1,0x0,0x0,0x6e,0x74,
0x0,0x0,0x1,0x8c,0xc7,0xe8,0xad,0xa0,
  // :/img/icon_light/database.svg
  0x0,0x0,0xa,0xc4,0x0,0x0,0x0,0x0,0x0,0x1,0x0,0x0,0x85,0x8f,
0x0,0x0,0x1,0x8c,0xc7,0xe8,0xad,0xa0,
  // :/img/icon_light/chevrons-down.svg
  0x0,0x0,0x1e,0x8c,0x0,0x0,0x0,0x0,0x0,0x1,0x0,0x1,0x7a,0x5d,
0x0,0x0,0x1,0x8c,0xc7,0xe8,0xad,0xa0,
  // :/img/icon_light/corner-left-up.svg
  0x0,0x0,0x10,0xb2,0x0,0x0,0x0,0x0,0x0,0x1,0x0,0x0,0xcf,0x2b,
0x0,0x0,0x1,0x8c,0xc7,0xe8,0xad,0xa0,
  // :/img/icon_light/arrow-down.svg
  0x0,0x0,0x3,0x7e,0x0,0x0,0x0,0x0,0x0,0x1,0x0,0x0,0x26,0x4d,
0x0,0x0,0x1,0x8c,0xc7,0xe8,0xad,0xa0,
  // :/img/icon_light/log-out.svg
  0x0,0x0,0xb,0xd8,0x0,0x0,0x0,0x0,0x0,0x1,0x0,0x0,0x94,0x57,
0x0,0x0,0x1,0x8c,0xc7,0xe8,0xad,0xa0,
  // :/img/icon_light/map-pin.svg
  0x0,0x0,0x2,0x3e,0x0,0x0,0x0,0x0,0x0,0x1,0x0,0x0,0x18,0x5,
0x0,0x0,0x1,0x8c,0xc7,0xe8,0xad,0xa0,
  // :/img/icon_light/bold.svg
  0x0,0x0,0x21,0xa6,0x0,0x0,0x0,0x0,0x0,0x1,0x0,0x1,0x9b,0xc4,
0x0,0x0,0x1,0x8c,0xc7,0xe8,0xad,0xa0,
  // :/img/icon_light/home.svg
  0x0,0x0,0x1e,0x2,0x0,0x0,0x0,0x0,0x0,0x1,0x0,0x1,0x73,0x91,
0x0,0x0,0x1,0x8c,0xc7,0xe8,0xad,0xa0,
  // :/img/icon_light/chrome.svg
  0x0,0x0,0x4,0xcc,0x0,0x0,0x0,0x0,0x0,0x1,0x0,0x0,0x36,0x8e,
0x0,0x0,0x1,0x8c,0xc7,0xe8,0xad,0xa0,
  // :/img/icon_light/stop-circle.svg
  0x0,0x0,0x1b,0x68,0x0,0x0,0x0,0x0,0x0,0x1,0x0,0x1,0x54,0x39,
0x0,0x0,0x1,0x8c,0xc7,0xe8,0xad,0xa0,
  // :/img/icon_light/phone.svg
  0x0,0x0,0xc,0xf8,0x0,0x0,0x0,0x0,0x0,0x1,0x0,0x0,0xa1,0xe0,
0x0,0x0,0x1,0x8c,0xc7,0xe8,0xad,0xa0,
  // :/img/icon_light/user-minus.svg
  0x0,0x0,0x22,0x2,0x0,0x0,0x0,0x0,0x0,0x1,0x0,0x1,0x9f,0x9f,
0x0,0x0,0x1,0x8c,0xc7,0xe8,0xad,0xa0,
  // :/img/icon_light/book.svg
  0x0,0x0,0x1b,0xec,0x0,0x0,0x0,0x0,0x0,0x1,0x0,0x1,0x58,0xee,
0x0,0x0,0x1,0x8c,0xc7,0xe8,0xad,0xa0,
  // :/img/icon_light/tool.svg
  0x0,0x0,0x1d,0xc,0x0,0x0,0x0,0x0,0x0,0x1,0x0,0x1,0x69,0x2c,
0x0,0x0,0x1,0x8c,0xc7,0xe8,0xad,0xa0,
  // :/img/icon_light/broom.png
  0x0,0x0,0xd,0xd4,0x0,0x0,0x0,0x0,0x0,0x1,0x0,0x0,0xab,0x97,
0x0,0x0,0x1,0x8d,0x7b,0xdc,0xae,0x8,
  // :/img/icon_light/moon.svg
  0x0,0x0,0x0,0x26,0x0,0x0,0x0,0x0,0x0,0x1,0x0,0x0,0x0,0x0,
0x0,0x0,0x1,0x8c,0xc7,0xe8,0xad,0xa0,
  // :/img/icon_light/copy.svg
  0x0,0x0,0x15,0x40,0x0,0x0,0x0,0x0,0x0,0x1,0x0,0x1,0x8,0xc0,
0x0,0x0,0x1,0x8c,0xc7,0xe8,0xad,0xa0,
  // :/img/icon_light/download-cloud.svg
  0x0,0x0,0x18,0x1c,0x0,0x0,0x0,0x0,0x0,0x1,0x0,0x1,0x28,0xf1,
0x0,0x0,0x1,0x8c,0xc7,0xe8,0xad,0xa0,
  // :/img/icon_light/codepen.svg
  0x0,0x0,0x22,0x24,0x0,0x0,0x0,0x0,0x0,0x1,0x0,0x1,0xa1,0x8,
0x0,0x0,0x1,0x8c,0xc7,0xe8,0xad,0xa0,
  // :/img/icon_light/folder-plus.svg
  0x0,0x0,0x1,0x14,0x0,0x0,0x0,0x0,0x0,0x1,0x0,0x0,0x9,0xb,
0x0,0x0,0x1,0x8c,0xc7,0xe8,0xad,0xa0,
  // :/img/icon_light/cloud.svg
  0x0,0x0,0xd,0x70,0x0,0x0,0x0,0x0,0x0,0x1,0x0,0x0,0xa7,0xea,
0x0,0x0,0x1,0x8c,0xc7,0xe8,0xad,0xa0,
  // :/img/icon_light/shopping-bag.svg
  0x0,0x0,0xa,0x9e,0x0,0x0,0x0,0x0,0x0,0x1,0x0,0x0,0x84,0x1f,
0x0,0x0,0x1,0x8c,0xc7,0xe8,0xad,0xa0,
  // :/img/icon_light/move.svg
  0x0,0x0,0x1c,0x98,0x0,0x0,0x0,0x0,0x0,0x1,0x0,0x1,0x62,0x97,
0x0,0x0,0x1,0x8c,0xc7,0xe8,0xad,0xa0,
  // :/img/icon_light/layout.svg
  0x0,0x0,0x10,0x7e,0x0,0x0,0x0,0x0,0x0,0x1,0x0,0x0,0xcc,0x93,
0x0,0x0,0x1,0x8c,0xc7,0xe8,0xad,0xa0,
  // :/img/icon_light/frown.svg
  0x0,0x0,0x17,0x58,0x0,0x0,0x0,0x0,0x0,0x1,0x0,0x1,0x20,0x4d,
0x0,0x0,0x1,0x8c,0xc7,0xe8,0xad,0xa0,
  // :/img/icon_light/fast-forward.svg
  0x0,0x0,0x16,0x40,0x0,0x0,0x0,0x0,0x0,0x1,0x0,0x1,0x14,0xf3,
0x0,0x0,0x1,0x8c,0xc7,0xe8,0xad,0xa0,
  // :/img/icon_light/zoom-out.svg
  0x0,0x0,0xa,0xc,0x0,0x0,0x0,0x0,0x0,0x1,0x0,0x0,0x7d,0x58,
0x0,0x0,0x1,0x8c,0xc7,0xe8,0xad,0xa0,
  // :/img/icon_light/file-text.svg
  0x0,0x0,0x21,0x20,0x0,0x0,0x0,0x0,0x0,0x1,0x0,0x1,0x94,0xde,
0x0,0x0,0x1,0x8c,0xc7,0xe8,0xad,0xa0,
  // :/img/icon_light/align-center.svg
  0x0,0x0,0x16,0xf6,0x0,0x0,0x0,0x0,0x0,0x1,0x0,0x1,0x1b,0x64,
0x0,0x0,0x1,0x8c,0xc7,0xe8,0xad,0xa0,
  // :/img/icon_light/phone-incoming.svg
  0x0,0x0,0x9,0x68,0x0,0x0,0x0,0x0,0x0,0x1,0x0,0x0,0x75,0x39,
0x0,0x0,0x1,0x8c,0xc7,0xe8,0xad,0xa0,
  // :/img/icon_light/more-horizontal.svg
  0x0,0x0,0x4,0x4a,0x0,0x0,0x0,0x0,0x0,0x1,0x0,0x0,0x31,0x9b,
0x0,0x0,0x1,0x8c,0xc7,0xe8,0xad,0xa0,
  // :/img/icon_light/edit-2.svg
  0x0,0x0,0x7,0xaa,0x0,0x0,0x0,0x0,0x0,0x1,0x0,0x0,0x5e,0x7d,
0x0,0x0,0x1,0x8c,0xc7,0xe8,0xad,0xa0,
  // :/img/icon_light/edit-3.svg
  0x0,0x0,0x2,0x7a,0x0,0x0,0x0,0x0,0x0,0x1,0x0,0x0,0x1a,0x7e,
0x0,0x0,0x1,0x8c,0xc7,0xe8,0xad,0xa0,
  // :/img/icon_light/package.svg
  0x0,0x0,0x17,0x3c,0x0,0x0,0x0,0x0,0x0,0x1,0x0,0x1,0x1e,0x4c,
0x0,0x0,0x1,0x8c,0xc7,0xe8,0xad,0xa0,
  // :/img/icon_light/corner-down-left.svg
  0x0,0x0,0xd,0xa6,0x0,0x0,0x0,0x0,0x0,0x1,0x0,0x0,0xaa,0x61,
0x0,0x0,0x1,0x8c,0xc7,0xe8,0xad,0xa0,
  // :/img/icon_light/slack.svg
  0x0,0x0,0x19,0xbe,0x0,0x0,0x0,0x0,0x0,0x1,0x0,0x1,0x3c,0x1,
0x0,0x0,0x1,0x8c,0xc7,0xe8,0xad,0xa0,
  // :/img/icon_light/calendar.svg
  0x0,0x0,0x18,0x9c,0x0,0x0,0x0,0x0,0x0,0x1,0x0,0x1,0x2d,0x28,
0x0,0x0,0x1,0x8c,0xc7,0xe8,0xad,0xa0,
  // :/img/icon_light/tv.svg
  0x0,0x0,0x7,0xc4,0x0,0x0,0x0,0x0,0x0,0x1,0x0,0x0,0x5f,0x9c,
0x0,0x0,0x1,0x8c,0xc7,0xe8,0xad,0xa0,
  // :/img/icon_light/image.svg
  0x0,0x0,0x19,0xa,0x0,0x0,0x0,0x0,0x0,0x1,0x0,0x1,0x32,0xd8,
0x0,0x0,0x1,0x8c,0xc7,0xe8,0xad,0xa0,
  // :/img/icon_light/x-square.svg
  0x0,0x0,0x1c,0x2,0x0,0x0,0x0,0x0,0x0,0x1,0x0,0x1,0x5a,0x43,
0x0,0x0,0x1,0x8c,0xc7,0xe8,0xad,0xa0,
  // :/img/icon_light/mail.svg
  0x0,0x0,0x1d,0x82,0x0,0x0,0x0,0x0,0x0,0x1,0x0,0x1,0x6e,0x93,
0x0,0x0,0x1,0x8c,0xc7,0xe8,0xad,0xa0,
  // :/img/icon_light/user-check.svg
  0x0,0x0,0xe,0xba,0x0,0x0,0x0,0x0,0x0,0x1,0x0,0x0,0xb7,0x31,
0x0,0x0,0x1,0x8c,0xc7,0xe8,0xad,0xa0,
  // :/img/icon_light/download.svg
  0x0,0x0,0x8,0xa2,0x0,0x0,0x0,0x0,0x0,0x1,0x0,0x0,0x6b,0xa4,
0x0,0x0,0x1,0x8c,0xc7,0xe8,0xad,0xa0,
  // :/img/icon_light/phone-off.svg
  0x0,0x0,0x11,0xae,0x0,0x0,0x0,0x0,0x0,0x1,0x0,0x0,0xdb,0x38,
0x0,0x0,0x1,0x8c,0xc7,0xe8,0xad,0xa0,
  // :/img/icon_light/shield-off.svg
  0x0,0x0,0x1,0xe6,0x0,0x0,0x0,0x0,0x0,0x1,0x0,0x0,0x13,0x10,
0x0,0x0,0x1,0x8c,0xc7,0xe8,0xad,0xa0,
  // :/img/icon_light/compass.svg
  0x0,0x0,0x1a,0x2a,0x0,0x0,0x0,0x0,0x0,0x1,0x0,0x1,0x43,0xdb,
0x0,0x0,0x1,0x8c,0xc7,0xe8,0xad,0xa0,
  // :/img/icon_light/sidebar.svg
  0x0,0x0,0x0,0x62,0x0,0x0,0x0,0x0,0x0,0x1,0x0,0x0,0x2,0x4c,
0x0,0x0,0x1,0x8c,0xc7,0xe8,0xad,0xa0,
  // :/img/icon_light/award.svg
  0x0,0x0,0x5,0x1a,0x0,0x0,0x0,0x0,0x0,0x1,0x0,0x0,0x3b,0x30,
0x0,0x0,0x1,0x8c,0xc7,0xe8,0xad,0xa0,
  // :/img/icon_light/share.svg
  0x0,0x0,0xc,0x78,0x0,0x0,0x0,0x0,0x0,0x1,0x0,0x0,0x9b,0x7c,
0x0,0x0,0x1,0x8c,0xc7,0xe8,0xad,0xa0,
  // :/img/icon_light/square.svg
  0x0,0x0,0x2,0x94,0x0,0x0,0x0,0x0,0x0,0x1,0x0,0x0,0x1b,0xb7,
0x0,0x0,0x1,0x8c,0xc7,0xe8,0xad,0xa0,
  // :/img/icon_light/command.svg
  0x0,0x0,0x4,0xe6,0x0,0x0,0x0,0x0,0x0,0x1,0x0,0x0,0x38,0x4a,
0x0,0x0,0x1,0x8c,0xc7,0xe8,0xad,0xa0,
  // :/img/icon_light/search.svg
  0x0,0x0,0x10,0x98,0x0,0x0,0x0,0x0,0x0,0x1,0x0,0x0,0xcd,0xfb,
0x0,0x0,0x1,0x8c,0xc7,0xe8,0xad,0xa0,
  // :/img/icon_light/heart.svg
  0x0,0x0,0x1a,0x12,0x0,0x0,0x0,0x0,0x0,0x1,0x0,0x1,0x42,0x6c,
0x0,0x0,0x1,0x8c,0xc7,0xe8,0xad,0xa0,
  // :/img/icon_light/hash.svg
  0x0,0x0,0x6,0xc,0x0,0x0,0x0,0x0,0x0,0x1,0x0,0x0,0x46,0xbd,
0x0,0x0,0x1,0x8c,0xc7,0xe8,0xad,0xa0,
  // :/img/icon_light/trash.svg
  0x0,0x0,0x1f,0x42,0x0,0x0,0x0,0x0,0x0,0x1,0x0,0x1,0x82,0x71,
0x0,0x0,0x1,0x8c,0xc7,0xe8,0xad,0xa0,
  // :/img/icon_light/slash.svg
  0x0,0x0,0x12,0x22,0x0,0x0,0x0,0x0,0x0,0x1,0x0,0x0,0xe1,0x3f,
0x0,0x0,0x1,0x8c,0xc7,0xe8,0xad,0xa0,
  // :/img/icon_light/minimize-2.svg
  0x0,0x0,0xc,0x56,0x0,0x0,0x0,0x0,0x0,0x1,0x0,0x0,0x99,0xec,
0x0,0x0,0x1,0x8c,0xc7,0xe8,0xad,0xa0,
  // :/img/icon_light/cast.svg
  0x0,0x0,0x3,0x68,0x0,0x0,0x0,0x0,0x0,0x1,0x0,0x0,0x24,0xce,
0x0,0x0,0x1,0x8c,0xc7,0xe8,0xad,0xa0,
  // :/img/icon_light/chevrons-left.svg
  0x0,0x0,0x9,0x12,0x0,0x0,0x0,0x0,0x0,0x1,0x0,0x0,0x71,0x3f,
0x0,0x0,0x1,0x8c,0xc7,0xe8,0xad,0xa0,
  // :/img/icon_light/save.svg
  0x0,0x0,0x9,0xb4,0x0,0x0,0x0,0x0,0x0,0x1,0x0,0x0,0x79,0x1b,
0x0,0x0,0x1,0x8c,0xc7,0xe8,0xad,0xa0,
  // :/img/icon_light/instagram.svg
  0x0,0x0,0xf,0x88,0x0,0x0,0x0,0x0,0x0,0x1,0x0,0x0,0xbf,0x67,
0x0,0x0,0x1,0x8c,0xc7,0xe8,0xad,0xa0,
  // :/img/icon_light/bell-off.svg
  0x0,0x0,0x11,0x90,0x0,0x0,0x0,0x0,0x0,0x1,0x0,0x0,0xd9,0x70,
0x0,0x0,0x1,0x8c,0xc7,0xe8,0xad,0xa0,
  // :/img/icon_light/underline.svg
  0x0,0x0,0x2,0x5a,0x0,0x0,0x0,0x0,0x0,0x1,0x0,0x0,0x19,0x43,
0x0,0x0,0x1,0x8c,0xc7,0xe8,0xad,0xa0,
  // :/img/icon_light/share-2.svg
  0x0,0x0,0x2,0x22,0x0,0x0,0x0,0x0,0x0,0x1,0x0,0x0,0x16,0x4c,
0x0,0x0,0x1,0x8c,0xc7,0xe8,0xad,0xa0,
  // :/img/icon_light/grid.svg
  0x0,0x0,0xe,0x3c,0x0,0x0,0x0,0x0,0x0,0x1,0x0,0x0,0xb0,0x89,
0x0,0x0,0x1,0x8c,0xc7,0xe8,0xad,0xa0,
  // :/img/icon_light/arrow-left.svg
  0x0,0x0,0x15,0xfa,0x0,0x0,0x0,0x0,0x0,0x1,0x0,0x1,0x12,0x75,
0x0,0x0,0x1,0x8c,0xc7,0xe8,0xad,0xa0,
  // :/img/icon_light/table.svg
  0x0,0x0,0x14,0x88,0x0,0x0,0x0,0x0,0x0,0x1,0x0,0x0,0xff,0x1,
0x0,0x0,0x1,0x8c,0xc7,0xe8,0xad,0xa0,
  // :/img/icon_light/x-circle.svg
  0x0,0x0,0xa,0x2a,0x0,0x0,0x0,0x0,0x0,0x1,0x0,0x0,0x7e,0xb6,
0x0,0x0,0x1,0x8c,0xc7,0xe8,0xad,0xa0,
  // :/img/icon_light/chevron-up.svg
  0x0,0x0,0x2,0xae,0x0,0x0,0x0,0x0,0x0,0x1,0x0,0x0,0x1c,0xcb,
0x0,0x0,0x1,0x8c,0xc7,0xe8,0xad,0xa0,
  // :/img/icon_light/crop.svg
  0x0,0x0,0x4,0x76,0x0,0x0,0x0,0x0,0x0,0x1,0x0,0x0,0x32,0xee,
0x0,0x0,0x1,0x8c,0xc7,0xe8,0xad,0xa0,
  // :/img/icon_light/box.svg
  0x0,0x0,0x7,0xd6,0x0,0x0,0x0,0x0,0x0,0x1,0x0,0x0,0x60,0xd8,
0x0,0x0,0x1,0x8c,0xc7,0xe8,0xad,0xa0,
  // :/img/icon_light/inbox.svg
  0x0,0x0,0x20,0xdc,0x0,0x0,0x0,0x0,0x0,0x1,0x0,0x1,0x91,0xf8,
0x0,0x0,0x1,0x8c,0xc7,0xe8,0xad,0xa0,
  // :/img/icon_light/arrow-left-circle.svg
  0x0,0x0,0x18,0x46,0x0,0x0,0x0,0x0,0x0,0x1,0x0,0x1,0x2a,0x70,
0x0,0x0,0x1,0x8c,0xc7,0xe8,0xad,0xa0,
  // :/img/icon_light/bar-chart.svg
  0x0,0x0,0x1c,0xae,0x0,0x0,0x0,0x0,0x0,0x1,0x0,0x1,0x64,0x79,
0x0,0x0,0x1,0x8c,0xc7,0xe8,0xad,0xa0,
  // :/img/icon_light/scissors.svg
  0x0,0x0,0x1f,0x74,0x0,0x0,0x0,0x0,0x0,0x1,0x0,0x1,0x84,0xe3,
0x0,0x0,0x1,0x8c,0xc7,0xe8,0xad,0xa0,
  // :/img/icon_light/rss.svg
  0x0,0x0,0x5,0xae,0x0,0x0,0x0,0x0,0x0,0x1,0x0,0x0,0x42,0xc,
0x0,0x0,0x1,0x8c,0xc7,0xe8,0xad,0xa0,
  // :/img/icon_light/dollar-sign.svg
  0x0,0x0,0x16,0x1c,0x0,0x0,0x0,0x0,0x0,0x1,0x0,0x1,0x13,0xa9,
0x0,0x0,0x1,0x8c,0xc7,0xe8,0xad,0xa0,
  // :/img/icon_light/file-plus.svg
  0x0,0x0,0x7,0xea,0x0,0x0,0x0,0x0,0x0,0x1,0x0,0x0,0x62,0xa2,
0x0,0x0,0x1,0x8c,0xc7,0xe8,0xad,0xa0,
  // :/img/icon_light/user.svg
  0x0,0x0,0x18,0xba,0x0,0x0,0x0,0x0,0x0,0x1,0x0,0x1,0x2e,0xbe,
0x0,0x0,0x1,0x8c,0xc7,0xe8,0xad,0xa0,
  // :/img/icon_light/sunset.svg
  0x0,0x0,0x7,0x58,0x0,0x0,0x0,0x0,0x0,0x1,0x0,0x0,0x59,0x1a,
0x0,0x0,0x1,0x8c,0xc7,0xe8,0xad,0xa0,
  // :/img/icon_light/arrow-up.svg
  0x0,0x0,0xf,0xc2,0x0,0x0,0x0,0x0,0x0,0x1,0x0,0x0,0xc2,0x4b,
0x0,0x0,0x1,0x8c,0xc7,0xe8,0xad,0xa0,
  // :/img/icon_light/maximize-2.svg
  0x0,0x0,0x11,0x58,0x0,0x0,0x0,0x0,0x0,0x1,0x0,0x0,0xd6,0xa7,
0x0,0x0,0x1,0x8c,0xc7,0xe8,0xad,0xa0,
  // :/img/icon_light/music.svg
  0x0,0x0,0x1e,0xb4,0x0,0x0,0x0,0x0,0x0,0x1,0x0,0x1,0x7b,0x96,
0x0,0x0,0x1,0x8c,0xc7,0xe8,0xad,0xa0,
  // :/img/icon_light/corner-left-down.svg
  0x0,0x0,0x1f,0xd6,0x0,0x0,0x0,0x0,0x0,0x1,0x0,0x1,0x89,0xd,
0x0,0x0,0x1,0x8c,0xc7,0xe8,0xad,0xa0,
  // :/img/icon_light/printer.svg
  0x0,0x0,0x19,0x86,0x0,0x0,0x0,0x0,0x0,0x1,0x0,0x1,0x38,0x3d,
0x0,0x0,0x1,0x8c,0xc7,0xe8,0xad,0xa0,
  // :/img/icon_light/circle.svg
  0x0,0x0,0x19,0x6c,0x0,0x0,0x0,0x0,0x0,0x1,0x0,0x1,0x37,0x3f,
0x0,0x0,0x1,0x8c,0xc7,0xe8,0xad,0xa0,
  // :/img/icon_light/twitter.svg
  0x0,0x0,0x1,0x7a,0x0,0x0,0x0,0x0,0x0,0x1,0x0,0x0,0xc,0xfd,
0x0,0x0,0x1,0x8c,0xc7,0xe8,0xad,0xa0,
  // :/img/icon_light/wifi-off.svg
  0x0,0x0,0x11,0x1e,0x0,0x0,0x0,0x0,0x0,0x1,0x0,0x0,0xd2,0xb6,
0x0,0x0,0x1,0x8c,0xc7,0xe8,0xad,0xa0,
  // :/img/icon_light/cpu.svg
  0x0,0x0,0x1a,0x46,0x0,0x0,0x0,0x0,0x0,0x1,0x0,0x1,0x45,0x2d,
0x0,0x0,0x1,0x8c,0xc7,0xe8,0xad,0xa0,
  // :/img/icon_light/tag.svg
  0x0,0x0,0x1e,0xcc,0x0,0x0,0x0,0x0,0x0,0x1,0x0,0x1,0x7c,0xd9,
0x0,0x0,0x1,0x8c,0xc7,0xe8,0xad,0xa0,
  // :/img/icon_light/star.svg
  0x0,0x0,0x10,0x30,0x0,0x0,0x0,0x0,0x0,0x1,0x0,0x0,0xc8,0xce,
0x0,0x0,0x1,0x8c,0xc7,0xe8,0xad,0xa0,
  // :/img/icon_light/youtube.svg
  0x0,0x0,0x19,0xa2,0x0,0x0,0x0,0x0,0x0,0x1,0x0,0x1,0x39,0xd0,
0x0,0x0,0x1,0x8c,0xc7,0xe8,0xad,0xa0,
  // :/img/icon_light/twitch.svg
  0x0,0x0,0x7,0x20,0x0,0x0,0x0,0x0,0x0,0x1,0x0,0x0,0x56,0x65,
0x0,0x0,0x1,0x8c,0xc7,0xe8,0xad,0xa0,
  // :/img/icon_light/watch.svg
  0x0,0x0,0x8,0xfa,0x0,0x0,0x0,0x0,0x0,0x1,0x0,0x0,0x6f,0x75,
0x0,0x0,0x1,0x8c,0xc7,0xe8,0xad,0xa0,
  // :/img/icon_light/sun.svg
  0x0,0x0,0x1c,0x46,0x0,0x0,0x0,0x0,0x0,0x1,0x0,0x1,0x5d,0xf,
0x0,0x0,0x1,0x8c,0xc7,0xe8,0xad,0xa0,
  // :/img/icon_light/video.svg
  0x0,0x0,0x5,0x2,0x0,0x0,0x0,0x0,0x0,0x1,0x0,0x0,0x39,0xeb,
0x0,0x0,0x1,0x8c,0xc7,0xe8,0xad,0xa0,
  // :/img/icon_light/folder.svg
  0x0,0x0,0xf,0x4a,0x0,0x0,0x0,0x0,0x0,0x1,0x0,0x0,0xbc,0xc3,
0x0,0x0,0x1,0x8c,0xc7,0xe8,0xad,0xa0,
  // :/img/icon_light/filter.svg
  0x0,0x0,0x12,0x8,0x0,0x0,0x0,0x0,0x0,0x1,0x0,0x0,0xe0,0x21,
0x0,0x0,0x1,0x8c,0xc7,0xe8,0xad,0xa0,
  // :/img/icon_light/loader.svg
  0x0,0x0,0xe,0x78,0x0,0x0,0x0,0x0,0x0,0x1,0x0,0x0,0xb3,0x7e,
0x0,0x0,0x1,0x8c,0xc7,0xe8,0xad,0xa0,
  // :/img/icon_light/phone-call.svg
  0x0,0x0,0x15,0xb4,0x0,0x0,0x0,0x0,0x0,0x1,0x0,0x1,0xf,0x3,
0x0,0x0,0x1,0x8c,0xc7,0xe8,0xad,0xa0,
  // :/img/icon_light/user-plus.svg
  0x0,0x0,0x1c,0x78,0x0,0x0,0x0,0x0,0x0,0x1,0x0,0x1,0x61,0x3,
0x0,0x0,0x1,0x8c,0xc7,0xe8,0xad,0xa0,
  // :/img/icon_light/radio.svg
  0x0,0x0,0x12,0x56,0x0,0x0,0x0,0x0,0x0,0x1,0x0,0x0,0xe3,0xcd,
0x0,0x0,0x1,0x8c,0xc7,0xe8,0xad,0xa0,
  // :/img/icon_light/edit.svg
  0x0,0x0,0x1,0x96,0x0,0x0,0x0,0x0,0x0,0x1,0x0,0x0,0xe,0x91,
0x0,0x0,0x1,0x8c,0xc7,0xe8,0xad,0xa0,
  // :/img/icon_light/chevrons-right.svg
  0x0,0x0,0x14,0x5e,0x0,0x0,0x0,0x0,0x0,0x1,0x0,0x0,0xfd,0xc7,
0x0,0x0,0x1,0x8c,0xc7,0xe8,0xad,0xa0,
  // :/img/icon_light/terminal.svg
  0x0,0x0,0x10,0xdc,0x0,0x0,0x0,0x0,0x0,0x1,0x0,0x0,0xd0,0x5f,
0x0,0x0,0x1,0x8c,0xc7,0xe8,0xad,0xa0,
  // :/img/icon_light/check-square.svg
  0x0,0x0,0x18,0x76,0x0,0x0,0x0,0x0,0x0,0x1,0x0,0x1,0x2b,0xd3,
0x0,0x0,0x1,0x8c,0xc7,0xe8,0xad,0xa0,
  // :/img/icon_light/repeat.svg
  0x0,0x0,0x1,0xac,0x0,0x0,0x0,0x0,0x0,0x1,0x0,0x0,0xf,0xfa,
0x0,0x0,0x1,0x8c,0xc7,0xe8,0xad,0xa0,
  // :/img/icon_light/briefcase.svg
  0x0,0x0,0x6,0x7c,0x0,0x0,0x0,0x0,0x0,0x1,0x0,0x0,0x4f,0x25,
0x0,0x0,0x1,0x8c,0xc7,0xe8,0xad,0xa0,
  // :/img/icon_light/monitor.svg
  0x0,0x0,0x7,0x72,0x0,0x0,0x0,0x0,0x0,0x1,0x0,0x0,0x5b,0x62,
0x0,0x0,0x1,0x8c,0xc7,0xe8,0xad,0xa0,
  // :/img/icon_light/mouse-pointer.svg
  0x0,0x0,0x5,0xe4,0x0,0x0,0x0,0x0,0x0,0x1,0x0,0x0,0x45,0x8a,
0x0,0x0,0x1,0x8c,0xc7,0xe8,0xad,0xa0,
  // :/img/icon_light/check.svg
  0x0,0x0,0x8,0x6c,0x0,0x0,0x0,0x0,0x0,0x1,0x0,0x0,0x69,0x5e,
0x0,0x0,0x1,0x8c,0xc7,0xe8,0xad,0xa0,
  // :/img/icon_light/truck.svg
  0x0,0x0,0x13,0x3a,0x0,0x0,0x0,0x0,0x0,0x1,0x0,0x0,0xef,0xb9,
0x0,0x0,0x1,0x8c,0xc7,0xe8,0xad,0xa0,
  // :/img/icon_light/play-circle.svg
  0x0,0x0,0x0,0xf0,0x0,0x0,0x0,0x0,0x0,0x1,0x0,0x0,0x7,0xd6,
0x0,0x0,0x1,0x8c,0xc7,0xe8,0xad,0xa0,
  // :/img/icon_light/volume-2.svg
  0x0,0x0,0xd,0x88,0x0,0x0,0x0,0x0,0x0,0x1,0x0,0x0,0xa8,0xfe,
0x0,0x0,0x1,0x8c,0xc7,0xe8,0xad,0xa0,
  // :/img/icon_light/arrow-down-circle.svg
  0x0,0x0,0x16,0xc6,0x0,0x0,0x0,0x0,0x0,0x1,0x0,0x1,0x1a,0x0,
0x0,0x0,0x1,0x8c,0xc7,0xe8,0xad,0xa0,
  // :/img/icon_light/volume-1.svg
  0x0,0x0,0x8,0x84,0x0,0x0,0x0,0x0,0x0,0x1,0x0,0x0,0x6a,0x60,
0x0,0x0,0x1,0x8c,0xc7,0xe8,0xad,0xa0,
  // :/img/icon_light/phone-forwarded.svg
  0x0,0x0,0x13,0xa4,0x0,0x0,0x0,0x0,0x0,0x1,0x0,0x0,0xf5,0xcc,
0x0,0x0,0x1,0x8c,0xc7,0xe8,0xad,0xa0,
  // :/img/icon_light/corner-up-left.svg
  0x0,0x0,0xd,0x2c,0x0,0x0,0x0,0x0,0x0,0x1,0x0,0x0,0xa5,0x4a,
0x0,0x0,0x1,0x8c,0xc7,0xe8,0xad,0xa0,
  // :/img/icon_light/facebook.svg
  0x0,0x0,0x20,0x4e,0x0,0x0,0x0,0x0,0x0,0x1,0x0,0x1,0x8c,0xd5,
0x0,0x0,0x1,0x8c,0xc7,0xe8,0xad,0xa0,
  // :/img/icon_light/settings.svg
  0x0,0x0,0x6,0x22,0x0,0x0,0x0,0x0,0x0,0x1,0x0,0x0,0x48,0x3e,
0x0,0x0,0x1,0x8c,0xc7,0xe8,0xad,0xa0,
  // :/img/icon_light/volume-x.svg
  0x0,0x0,0x1c,0x5a,0x0,0x0,0x0,0x0,0x0,0x1,0x0,0x1,0x5f,0x95,
0x0,0x0,0x1,0x8c,0xc7,0xe8,0xad,0xa0,
  // :/img/icon_light/trash-2.svg
  0x0,0x0,0x11,0x3c,0x0,0x0,0x0,0x0,0x0,0x1,0x0,0x0,0xd4,0xeb,
0x0,0x0,0x1,0x8c,0xc7,0xe8,0xad,0xa0,
  // :/img/icon_light/align-justify.svg
  0x0,0x0,0x14,0xa0,0x0,0x0,0x0,0x0,0x0,0x1,0x0,0x1,0x0,0x51,
0x0,0x0,0x1,0x8c,0xc7,0xe8,0xad,0xa0,
  // :/img/icon_light/shield.svg
  0x0,0x0,0x19,0xf8,0x0,0x0,0x0,0x0,0x0,0x1,0x0,0x1,0x41,0x59,
0x0,0x0,0x1,0x8c,0xc7,0xe8,0xad,0xa0,
  // :/img/icon_light/bell.svg
  0x0,0x0,0x11,0x7a,0x0,0x0,0x0,0x0,0x0,0x1,0x0,0x0,0xd8,0x33,
0x0,0x0,0x1,0x8c,0xc7,0xe8,0xad,0xa0,
  // :/img/icon_light/volume.svg
  0x0,0x0,0xc,0x3c,0x0,0x0,0x0,0x0,0x0,0x1,0x0,0x0,0x98,0xd8,
0x0,0x0,0x1,0x8c,0xc7,0xe8,0xad,0xa0,
  // :/img/icon_light/video-off.svg
  0x0,0x0,0xc,0x1c,0x0,0x0,0x0,0x0,0x0,0x1,0x0,0x0,0x97,0x61,
0x0,0x0,0x1,0x8c,0xc7,0xe8,0xad,0xa0,
  // :/img/icon_light/upload-cloud.svg
  0x0,0x0,0x9,0xe6,0x0,0x0,0x0,0x0,0x0,0x1,0x0,0x0,0x7b,0xad,
0x0,0x0,0x1,0x8c,0xc7,0xe8,0xad,0xa0,
  // :/img/icon_light/send.svg
  0x0,0x0,0x1b,0x8c,0x0,0x0,0x0,0x0,0x0,0x1,0x0,0x1,0x55,0x6a,
0x0,0x0,0x1,0x8c,0xc7,0xe8,0xad,0xa0,
  // :/img/icon_light/battery.svg
  0x0,0x0,0xf,0xe0,0x0,0x0,0x0,0x0,0x0,0x1,0x0,0x0,0xc3,0x7d,
0x0,0x0,0x1,0x8c,0xc7,0xe8,0xad,0xa0,
  // :/img/icon_light/activity.svg
  0x0,0x0,0x10,0x60,0x0,0x0,0x0,0x0,0x0,0x1,0x0,0x0,0xcb,0x7d,
0x0,0x0,0x1,0x8c,0xc7,0xe8,0xad,0xa0,
  // :/img/icon_light/trending-up.svg
  0x0,0x0,0x17,0x70,0x0,0x0,0x0,0x0,0x0,0x1,0x0,0x1,0x21,0xcf,
0x0,0x0,0x1,0x8c,0xc7,0xe8,0xad,0xa0,
  // :/img/icon_light/menu.svg
  0x0,0x0,0xc,0xe2,0x0,0x0,0x0,0x0,0x0,0x1,0x0,0x0,0xa0,0x8a,
0x0,0x0,0x1,0x8c,0xc7,0xe8,0xad,0xa0,
  // :/img/icon_light/sliders.svg
  0x0,0x0,0x1a,0xda,0x0,0x0,0x0,0x0,0x0,0x1,0x0,0x1,0x4d,0x53,
0x0,0x0,0x1,0x8c,0xc7,0xe8,0xad,0xa0,
  // :/img/icon_light/corner-right-down.svg
  0x0,0x0,0x20,0x1e,0x0,0x0,0x0,0x0,0x0,0x1,0x0,0x1,0x8b,0x9b,
0x0,0x0,0x1,0x8c,0xc7,0xe8,0xad,0xa0,
  // :/img/icon_light/pen-tool.svg
  0x0,0x0,0x18,0xec,0x0,0x0,0x0,0x0,0x0,0x1,0x0,0x1,0x31,0x55,
0x0,0x0,0x1,0x8c,0xc7,0xe8,0xad,0xa0,
  // :/img/icon_light/camera.svg
  0x0,0x0,0x10,0x46,0x0,0x0,0x0,0x0,0x0,0x1,0x0,0x0,0xca,0x1d,
0x0,0x0,0x1,0x8c,0xc7,0xe8,0xad,0xa0,
  // :/img/icon_light/users.svg
  0x0,0x0,0x6,0xe4,0x0,0x0,0x0,0x0,0x0,0x1,0x0,0x0,0x53,0x70,
0x0,0x0,0x1,0x8c,0xc7,0xe8,0xad,0xa0,
  // :/img/icon_light/pause.svg
  0x0,0x0,0x1,0x62,0x0,0x0,0x0,0x0,0x0,0x1,0x0,0x0,0xb,0xc9,
0x0,0x0,0x1,0x8c,0xc7,0xe8,0xad,0xa0,
  // :/img/icon_light/layers.svg
  0x0,0x0,0x13,0x4,0x0,0x0,0x0,0x0,0x0,0x1,0x0,0x0,0xec,0x7,
0x0,0x0,0x1,0x8c,0xc7,0xe8,0xad,0xa0,
  // :/img/icon_light/umbrella.svg
  0x0,0x0,0x1d,0x3a,0x0,0x0,0x0,0x0,0x0,0x1,0x0,0x1,0x6c,0x3f,
0x0,0x0,0x1,0x8c,0xc7,0xe8,0xad,0xa0,
  // :/img/icon_light/delete.svg
  0x0,0x0,0xb,0x5c,0x0,0x0,0x0,0x0,0x0,0x1,0x0,0x0,0x8d,0xb1,
0x0,0x0,0x1,0x8c,0xc7,0xe8,0xad,0xa0,
  // :/img/icon_light/percent.svg
  0x0,0x0,0x12,0x3a,0x0,0x0,0x0,0x0,0x0,0x1,0x0,0x0,0xe2,0x73,
0x0,0x0,0x1,0x8c,0xc7,0xe8,0xad,0xa0,
  // :/img/icon_light/coffee.svg
  0x0,0x0,0x1f,0x8,0x0,0x0,0x0,0x0,0x0,0x1,0x0,0x1,0x7f,0x7f,
0x0,0x0,0x1,0x8c,0xc7,0xe8,0xad,0xa0,
  // :/img/icon_light/server.svg
  0x0,0x0,0x2,0x8,0x0,0x0,0x0,0x0,0x0,0x1,0x0,0x0,0x14,0xa1,
0x0,0x0,0x1,0x8c,0xc7,0xe8,0xad,0xa0,
  // :/img/icon_light/alert-circle.svg
  0x0,0x0,0x1c,0x20,0x0,0x0,0x0,0x0,0x0,0x1,0x0,0x1,0x5b,0xaf,
0x0,0x0,0x1,0x8c,0xc7,0xe8,0xad,0xa0,
  // :/img/icon_light/clipboard.svg
  0x0,0x0,0x6,0x5c,0x0,0x0,0x0,0x0,0x0,0x1,0x0,0x0,0x4d,0xb6,
0x0,0x0,0x1,0x8c,0xc7,0xe8,0xad,0xa0,
  // :/img/icon_light/x-octagon.svg
  0x0,0x0,0x1,0xc6,0x0,0x0,0x0,0x0,0x0,0x1,0x0,0x0,0x11,0x7e,
0x0,0x0,0x1,0x8c,0xc7,0xe8,0xad,0xa0,
  // :/img/icon_light/eye.svg
  0x0,0x0,0x1f,0xc2,0x0,0x0,0x0,0x0,0x0,0x1,0x0,0x1,0x87,0xd5,
0x0,0x0,0x1,0x8c,0xc7,0xe8,0xad,0xa0,
  // :/img/icon_light/codesandbox.svg
  0x0,0x0,0xb,0x90,0x0,0x0,0x0,0x0,0x0,0x1,0x0,0x0,0x90,0x82,
0x0,0x0,0x1,0x8c,0xc7,0xe8,0xad,0xa0,
  // :/img/icon_light/divide-square.svg
  0x0,0x0,0xb,0xf4,0x0,0x0,0x0,0x0,0x0,0x1,0x0,0x0,0x95,0xc2,
0x0,0x0,0x1,0x8c,0xc7,0xe8,0xad,0xa0,
  // :/img/icon_light/pause-circle.svg
  0x0,0x0,0x1d,0xb4,0x0,0x0,0x0,0x0,0x0,0x1,0x0,0x1,0x71,0x2b,
0x0,0x0,0x1,0x8c,0xc7,0xe8,0xad,0xa0,
  // :/img/icon_light/voicemail.svg
  0x0,0x0,0xa,0x7e,0x0,0x0,0x0,0x0,0x0,0x1,0x0,0x0,0x82,0xbd,
0x0,0x0,0x1,0x8c,0xc7,0xe8,0xad,0xa0,
  // :/img/icon_light/chevrons-up.svg
  0x0,0x0,0xc,0x90,0x0,0x0,0x0,0x0,0x0,0x1,0x0,0x0,0x9c,0xe4,
0x0,0x0,0x1,0x8c,0xc7,0xe8,0xad,0xa0,
  // :/img/icon_light/bar-chart-2.svg
  0x0,0x0,0x21,0xbc,0x0,0x0,0x0,0x0,0x0,0x1,0x0,0x1,0x9d,0x7,
0x0,0x0,0x1,0x8c,0xc7,0xe8,0xad,0xa0,
  // :/img/icon_light/battery-charging.svg
  0x0,0x0,0x20,0xae,0x0,0x0,0x0,0x0,0x0,0x1,0x0,0x1,0x90,0x51,
0x0,0x0,0x1,0x8c,0xc7,0xe8,0xad,0xa0,
  // :/img/icon_light/power.svg
  0x0,0x0,0x21,0x8e,0x0,0x0,0x0,0x0,0x0,0x1,0x0,0x1,0x9a,0x94,
0x0,0x0,0x1,0x8c,0xc7,0xe8,0xad,0xa0,
  // :/img/icon_light/target.svg
  0x0,0x0,0xa,0x64,0x0,0x0,0x0,0x0,0x0,0x1,0x0,0x0,0x81,0x71,
0x0,0x0,0x1,0x8c,0xc7,0xe8,0xad,0xa0,
  // :/img/icon_light/corner-up-right.svg
  0x0,0x0,0x15,0x72,0x0,0x0,0x0,0x0,0x0,0x1,0x0,0x1,0xb,0x85,
0x0,0x0,0x1,0x8c,0xc7,0xe8,0xad,0xa0,
  // :/img/icon_light/shuffle.svg
  0x0,0x0,0x1c,0xce,0x0,0x0,0x0,0x0,0x0,0x1,0x0,0x1,0x65,0xd6,
0x0,0x0,0x1,0x8c,0xc7,0xe8,0xad,0xa0,
  // :/img/icon_light/check-circle.svg
  0x0,0x0,0x13,0x52,0x0,0x0,0x0,0x0,0x0,0x1,0x0,0x0,0xf1,0x54,
0x0,0x0,0x1,0x8c,0xc7,0xe8,0xad,0xa0,
  // :/img/icon_light/link-2.svg
  0x0,0x0,0xb,0x76,0x0,0x0,0x0,0x0,0x0,0x1,0x0,0x0,0x8f,0x23,
0x0,0x0,0x1,0x8c,0xc7,0xe8,0xad,0xa0,
  // :/img/icon_light/paperclip.svg
  0x0,0x0,0x6,0xc4,0x0,0x0,0x0,0x0,0x0,0x1,0x0,0x0,0x52,0x14,
0x0,0x0,0x1,0x8c,0xc7,0xe8,0xad,0xa0,
  // :/img/icon_light/chevron-down.svg
  0x0,0x0,0x1b,0xa2,0x0,0x0,0x0,0x0,0x0,0x1,0x0,0x1,0x56,0xa0,
0x0,0x0,0x1,0x8c,0xc7,0xe8,0xad,0xa0,
  // :/img/icon_light/feather.svg
  0x0,0x0,0x3,0x32,0x0,0x0,0x0,0x0,0x0,0x1,0x0,0x0,0x22,0x22,
0x0,0x0,0x1,0x8c,0xc7,0xe8,0xad,0xa0,
  // :/img/icon_light/align-left.svg
  0x0,0x0,0x0,0xa2,0x0,0x0,0x0,0x0,0x0,0x1,0x0,0x0,0x5,0x17,
0x0,0x0,0x1,0x8c,0xc7,0xe8,0xad,0xa0,
  // :/img/icon_light/figma.svg
  0x0,0x0,0x10,0x18,0x0,0x0,0x0,0x0,0x0,0x1,0x0,0x0,0xc6,0xa9,
0x0,0x0,0x1,0x8c,0xc7,0xe8,0xad,0xa0,
  // :/img/icon_light/arrow-up-right.svg
  0x0,0x0,0x1d,0x58,0x0,0x0,0x0,0x0,0x0,0x1,0x0,0x1,0x6d,0x5d,
0x0,0x0,0x1,0x8c,0xc7,0xe8,0xad,0xa0,
  // :/img/icon_light/arrow-right-circle.svg
  0x0,0x0,0xb,0x16,0x0,0x0,0x0,0x0,0x0,0x1,0x0,0x0,0x8a,0xf0,
0x0,0x0,0x1,0x8c,0xc7,0xe8,0xad,0xa0,
  // :/img/icon_light/alert-octagon.svg
  0x0,0x0,0x6,0x9c,0x0,0x0,0x0,0x0,0x0,0x1,0x0,0x0,0x50,0x78,
0x0,0x0,0x1,0x8c,0xc7,0xe8,0xad,0xa0,
  // :/img/icon_light/chevron-right.svg
  0x0,0x0,0x1d,0xda,0x0,0x0,0x0,0x0,0x0,0x1,0x0,0x1,0x72,0x87,
0x0,0x0,0x1,0x8c,0xc7,0xe8,0xad,0xa0,
  // :/img/icon_light/navigation-2.svg
  0x0,0x0,0x20,0x6c,0x0,0x0,0x0,0x0,0x0,0x1,0x0,0x1,0x8e,0x0,
0x0,0x0,0x1,0x8c,0xc7,0xe8,0xad,0xa0,
  // :/img/icon_light/hexagon.svg
  0x0,0x0,0x18,0xd0,0x0,0x0,0x0,0x0,0x0,0x1,0x0,0x1,0x2f,0xf3,
0x0,0x0,0x1,0x8c,0xc7,0xe8,0xad,0xa0,
  // :/img/icon_light/octagon.svg
  0x0,0x0,0x1d,0x98,0x0,0x0,0x0,0x0,0x0,0x1,0x0,0x1,0x6f,0xf1,
0x0,0x0,0x1,0x8c,0xc7,0xe8,0xad,0xa0,
  // :/img/icon_light/thumbs-down.svg
  0x0,0x0,0x11,0xce,0x0,0x0,0x0,0x0,0x0,0x1,0x0,0x0,0xdd,0x83,
0x0,0x0,0x1,0x8c,0xc7,0xe8,0xad,0xa0,
  // :/img/icon_light/skip-forward.svg
  0x0,0x0,0x0,0x3c,0x0,0x0,0x0,0x0,0x0,0x1,0x0,0x0,0x1,0x15,
0x0,0x0,0x1,0x8c,0xc7,0xe8,0xad,0xa0,
  // :/img/icon_light/arrow-up-left.svg
  0x0,0x0,0x1e,0x64,0x0,0x0,0x0,0x0,0x0,0x1,0x0,0x1,0x79,0x29,
0x0,0x0,0x1,0x8c,0xc7,0xe8,0xad,0xa0,
  // :/img/icon_light/cloud-drizzle.svg
  0x0,0x0,0x3,0xa0,0x0,0x0,0x0,0x0,0x0,0x1,0x0,0x0,0x27,0x82,
0x0,0x0,0x1,0x8c,0xc7,0xe8,0xad,0xa0,
  // :/img/icon_light/message-square.svg
  0x0,0x0,0x1,0x38,0x0,0x0,0x0,0x0,0x0,0x1,0x0,0x0,0xa,0x9c,
0x0,0x0,0x1,0x8c,0xc7,0xe8,0xad,0xa0,
  // :/img/icon_light/arrow-down-left.svg
  0x0,0x0,0x0,0xc4,0x0,0x0,0x0,0x0,0x0,0x1,0x0,0x0,0x6,0x9f,
0x0,0x0,0x1,0x8c,0xc7,0xe8,0xad,0xa0,
  // :/img/icon_light/arrow-right.svg
  0x0,0x0,0x15,0xd6,0x0,0x0,0x0,0x0,0x0,0x1,0x0,0x1,0x11,0x3f,
0x0,0x0,0x1,0x8c,0xc7,0xe8,0xad,0xa0,
  // :/img/icon_light/at-sign.svg
  0x0,0x0,0x20,0x92,0x0,0x0,0x0,0x0,0x0,0x1,0x0,0x1,0x8f,0x13,
0x0,0x0,0x1,0x8c,0xc7,0xe8,0xad,0xa0,
  // :/img/icon_light/anchor.svg
  0x0,0x0,0x20,0x4,0x0,0x0,0x0,0x0,0x0,0x1,0x0,0x1,0x8a,0x46,
0x0,0x0,0x1,0x8c,0xc7,0xe8,0xad,0xa0,
  // :/img/icon_light/external-link.svg
  0x0,0x0,0x5,0x86,0x0,0x0,0x0,0x0,0x0,0x1,0x0,0x0,0x40,0x8c,
0x0,0x0,0x1,0x8c,0xc7,0xe8,0xad,0xa0,
  // :/img/icon_light/maximize.svg
  0x0,0x0,0xe,0x0,0x0,0x0,0x0,0x0,0x0,0x1,0x0,0x0,0xae,0x27,
0x0,0x0,0x1,0x8c,0xc7,0xe8,0xad,0xa0,
  // :/img/icon_light/minimize.svg
  0x0,0x0,0xc,0xb4,0x0,0x0,0x0,0x0,0x0,0x1,0x0,0x0,0x9e,0x1c,
0x0,0x0,0x1,0x8c,0xc7,0xe8,0xad,0xa0,
  // :/img/icon_light/divide-circle.svg
  0x0,0x0,0x12,0xa6,0x0,0x0,0x0,0x0,0x0,0x1,0x0,0x0,0xe7,0x82,
0x0,0x0,0x1,0x8c,0xc7,0xe8,0xad,0xa0,
  // :/img/icon_light/divide.svg
  0x0,0x0,0x9,0x3a,0x0,0x0,0x0,0x0,0x0,0x1,0x0,0x0,0x72,0x79,
0x0,0x0,0x1,0x8c,0xc7,0xe8,0xad,0xa0,
  // :/img/icon_light/github.svg
  0x0,0x0,0xa,0xe2,0x0,0x0,0x0,0x0,0x0,0x1,0x0,0x0,0x86,0xff,
0x0,0x0,0x1,0x8c,0xc7,0xe8,0xad,0xa0,
  // :/img/icon_light/wifi.svg
  0x0,0x0,0x12,0xce,0x0,0x0,0x0,0x0,0x0,0x1,0x0,0x0,0xe9,0xb,
0x0,0x0,0x1,0x8c,0xc7,0xe8,0xad,0xa0,
  // :/img/icon_light/gift.svg
  0x0,0x0,0x13,0x78,0x0,0x0,0x0,0x0,0x0,0x1,0x0,0x0,0xf2,0x98,
0x0,0x0,0x1,0x8c,0xc7,0xe8,0xad,0xa0,
  // :/img/icon_light/credit-card.svg
  0x0,0x0,0x1b,0xc8,0x0,0x0,0x0,0x0,0x0,0x1,0x0,0x1,0x57,0xa9,
0x0,0x0,0x1,0x8c,0xc7,0xe8,0xad,0xa0,

};

#ifdef QT_NAMESPACE
#  define QT_RCC_PREPEND_NAMESPACE(name) ::QT_NAMESPACE::name
#  define QT_RCC_MANGLE_NAMESPACE0(x) x
#  define QT_RCC_MANGLE_NAMESPACE1(a, b) a##_##b
#  define QT_RCC_MANGLE_NAMESPACE2(a, b) QT_RCC_MANGLE_NAMESPACE1(a,b)
#  define QT_RCC_MANGLE_NAMESPACE(name) QT_RCC_MANGLE_NAMESPACE2( \
        QT_RCC_MANGLE_NAMESPACE0(name), QT_RCC_MANGLE_NAMESPACE0(QT_NAMESPACE))
#else
#   define QT_RCC_PREPEND_NAMESPACE(name) name
#   define QT_RCC_MANGLE_NAMESPACE(name) name
#endif

#if defined(QT_INLINE_NAMESPACE)
inline namespace QT_NAMESPACE {
#elif defined(QT_NAMESPACE)
namespace QT_NAMESPACE {
#endif

bool qRegisterResourceData(int, const unsigned char *, const unsigned char *, const unsigned char *);
bool qUnregisterResourceData(int, const unsigned char *, const unsigned char *, const unsigned char *);

#ifdef QT_NAMESPACE
}
#endif

int QT_RCC_MANGLE_NAMESPACE(qInitResources_icon)();
int QT_RCC_MANGLE_NAMESPACE(qInitResources_icon)()
{
    int version = 3;
    QT_RCC_PREPEND_NAMESPACE(qRegisterResourceData)
        (version, qt_resource_struct, qt_resource_name, qt_resource_data);
    return 1;
}

int QT_RCC_MANGLE_NAMESPACE(qCleanupResources_icon)();
int QT_RCC_MANGLE_NAMESPACE(qCleanupResources_icon)()
{
    int version = 3;
    QT_RCC_PREPEND_NAMESPACE(qUnregisterResourceData)
       (version, qt_resource_struct, qt_resource_name, qt_resource_data);
    return 1;
}

#ifdef __clang__
#   pragma clang diagnostic push
#   pragma clang diagnostic ignored "-Wexit-time-destructors"
#endif

namespace {
   struct initializer {
       initializer() { QT_RCC_MANGLE_NAMESPACE(qInitResources_icon)(); }
       ~initializer() { QT_RCC_MANGLE_NAMESPACE(qCleanupResources_icon)(); }
   } dummy;
}

#ifdef __clang__
#   pragma clang diagnostic pop
#endif
